,ticker,logret,outlier,stale,zero_volume,flat_ohlc,bad_price,close,extra_on_tse_holiday
2011-03-14,^N225,-0.0638145535688799,True,False,False,False,False,9620.490234375,
2011-03-15,^N225,-0.11153431666180437,True,False,False,False,False,8605.150390625,
2013-05-23,^N225,-0.07597356673351884,True,False,False,False,False,14483.98046875,
2015-09-09,^N225,0.07426168603175849,True,False,False,False,False,18770.509765625,
2016-06-24,^N225,-0.0825293281150879,True,False,False,False,False,14952.01953125,
2017-03-27,^N225,-0.014481459435907992,False,False,False,True,False,18985.58984375,
2018-02-06,^N225,-0.04840790158496805,True,False,False,False,False,21610.240234375,
2018-03-23,^N225,-0.04616476328154185,True,False,False,False,False,20617.859375,
2018-07-16,^N225,0.0,False,True,True,False,False,22597.349609375,
2020-03-09,^N225,-0.051978520708873904,True,False,False,False,False,19698.759765625,
2020-03-13,^N225,-0.06273569461715393,True,False,False,False,False,17431.05078125,
2020-03-24,^N225,0.06889893358034758,True,False,False,False,False,18092.349609375,
2020-03-25,^N225,0.077313761616287,True,False,False,False,False,19546.630859375,
2024-08-02,^N225,-0.059897638158133835,True,False,False,False,False,35909.69921875,
2024-08-05,^N225,-0.13234076084751925,True,False,False,False,False,31458.419921875,
2024-08-06,^N225,0.09736558781039518,True,False,False,False,False,34675.4609375,
2025-04-07,^N225,-0.08150268935603673,True,False,False,False,False,31136.580078125,
2025-04-10,^N225,0.08735461629580647,True,False,False,False,False,34609.0,
2010-01-04,NIY=F,,False,False,True,True,False,10820.0,
2010-01-05,NIY=F,-0.006025510698642112,False,False,True,True,False,10755.0,
2010-01-06,NIY=F,0.001393728448603883,False,False,True,True,False,10770.0,
2010-01-07,NIY=F,-0.0023239610738234173,False,False,True,True,False,10745.0,
2010-01-08,NIY=F,0.008341104893848659,False,False,True,True,False,10835.0,
2010-01-11,NIY=F,0.0009225092905153705,False,False,True,True,False,10845.0,
2010-01-12,NIY=F,-0.007404013462511321,False,False,True,True,False,10765.0,
2010-01-13,NIY=F,0.0027829331504442335,False,False,True,True,False,10795.0,
2010-01-14,NIY=F,0.011512906349988403,False,False,True,True,False,10920.0,
2010-01-15,NIY=F,-0.00827590930385971,False,False,True,True,False,10830.0,
2010-01-19,NIY=F,0.00276625349289011,False,False,True,True,False,10860.0,
2010-01-20,NIY=F,-0.019057048955208898,False,False,True,True,False,10655.0,
2010-01-25,NIY=F,0.011049836186584935,False,False,True,True,False,10465.0,
2010-01-26,NIY=F,-0.012984072766415883,False,False,True,True,False,10330.0,
2010-01-27,NIY=F,-0.0014531366083320276,False,False,True,True,False,10315.0,
2010-01-28,NIY=F,-0.002426596677256892,False,False,True,True,False,10290.0,
2010-01-29,NIY=F,-0.008294753584150067,False,False,True,True,False,10205.0,
2010-02-01,NIY=F,0.007808726843112271,False,False,True,True,False,10285.0,
2010-02-02,NIY=F,0.01304051322030026,False,False,True,True,False,10420.0,
2010-02-03,NIY=F,0.0019175461292718545,False,False,True,True,False,10440.0,
2010-02-04,NIY=F,-0.03956560020619125,False,False,True,True,False,10035.0,
2010-02-08,NIY=F,-0.010582109330536972,False,False,True,True,False,9870.0,
2010-02-09,NIY=F,0.0150832422113285,False,False,True,True,False,10020.0,
2010-02-10,NIY=F,0.001495886591582708,False,False,True,True,False,10035.0,
2010-02-11,NIY=F,0.0019910409763140096,False,False,False,True,False,10055.0,
2010-03-03,NIY=F,0.0,False,True,False,False,False,10240.0,
2010-03-15,NIY=F,-0.007007737157404689,False,False,True,True,False,10665.0,
2010-03-16,NIY=F,0.006076204719293237,False,False,True,True,False,10730.0,
2010-03-17,NIY=F,0.003720934525690154,False,False,True,True,False,10770.0,
2010-03-18,NIY=F,-0.004187026354216576,False,False,True,True,False,10725.0,
2010-03-19,NIY=F,-0.001866542772434553,False,False,True,True,False,10705.0,
2010-03-22,NIY=F,-0.0018700332705351586,False,False,True,True,False,10685.0,
2010-03-23,NIY=F,0.007923602397186228,False,False,True,True,False,10770.0,
2010-03-24,NIY=F,0.002318572798473371,False,False,True,True,False,10795.0,
2010-03-25,NIY=F,0.002775209921782785,False,False,True,True,False,10825.0,
2010-03-26,NIY=F,0.008737696428205427,False,False,True,True,False,10920.0,
2010-03-30,NIY=F,0.005865119452398058,False,False,True,True,False,11115.0,
2010-03-31,NIY=F,0.0022466870829779724,False,False,True,True,False,11140.0,
2010-04-01,NIY=F,0.019115941058383934,False,False,True,True,False,11355.0,
2010-04-05,NIY=F,0.0017597892794923103,False,False,True,True,False,11375.0,
2010-04-06,NIY=F,-0.004846892061977287,False,False,True,True,False,11320.0,
2010-04-07,NIY=F,-0.00531445006349259,False,False,True,True,False,11260.0,
2010-04-08,NIY=F,-0.003113189083226382,False,False,True,True,False,11225.0,
2010-04-09,NIY=F,0.0022246950221111086,False,False,True,True,False,11250.0,
2010-04-14,NIY=F,0.008010723746078979,False,False,True,True,False,11280.0,
2010-04-15,NIY=F,-0.0008869180182278928,False,False,True,True,False,11270.0,
2010-04-16,NIY=F,-0.032006338049777684,False,False,True,True,False,10915.0,
2010-04-19,NIY=F,0.0036579830455225632,False,False,True,True,False,10955.0,
2010-04-20,NIY=F,0.004553741930995141,False,False,True,True,False,11005.0,
2010-04-21,NIY=F,0.001815706354484655,False,False,True,True,False,11025.0,
2010-04-22,NIY=F,-0.010027431331002468,False,False,True,True,False,10915.0,
2010-04-23,NIY=F,0.009573813722861292,False,False,True,True,False,11020.0,
2010-04-26,NIY=F,0.013967336774864201,False,False,True,True,False,11175.0,
2010-04-27,NIY=F,-0.025375172103049286,False,False,True,True,False,10895.0,
2010-04-28,NIY=F,0.005035487865926531,False,False,True,True,False,10950.0,
2010-04-29,NIY=F,0.01135085966868948,False,False,True,True,False,11075.0,
2010-04-30,NIY=F,-0.007704547515669293,False,False,True,True,False,10990.0,
2010-05-03,NIY=F,0.009959339902758487,False,False,True,True,False,11100.0,
2010-05-04,NIY=F,-0.03436764350420777,False,False,True,True,False,10725.0,
2010-05-05,NIY=F,-0.006079046076382226,False,False,True,True,False,10660.0,
2010-05-10,NIY=F,0.05126871198117763,False,False,True,True,False,10705.0,
2010-05-12,NIY=F,0.009537506726988356,False,False,True,True,False,10535.0,
2010-06-14,NIY=F,0.004583659667657893,False,False,True,True,False,9840.0,
2010-06-15,NIY=F,0.01962327118413937,False,False,True,True,False,10035.0,
2010-06-16,NIY=F,0.005465852117216189,False,False,True,True,False,10090.0,
2010-06-21,NIY=F,0.016373474197972495,False,False,True,True,False,10160.0,
2010-06-22,NIY=F,-0.021891421481853125,False,False,True,True,False,9940.0,
2010-06-24,NIY=F,-0.012732537684701879,False,False,True,True,False,9755.0,
2010-06-25,NIY=F,0.0005124263499266944,False,False,True,True,False,9760.0,
2010-06-28,NIY=F,-0.008747161509155561,False,False,True,True,False,9675.0,
2010-06-29,NIY=F,-0.03470379800831932,False,False,True,True,False,9345.0,
2010-07-06,NIY=F,0.016225342429126346,False,False,True,True,False,9320.0,
2010-07-07,NIY=F,0.022806610354882566,False,False,True,True,False,9535.0,
2010-07-08,NIY=F,0.007834983929818656,False,False,True,True,False,9610.0,
2010-07-09,NIY=F,0.0027018617704239038,False,False,True,True,False,9636.0,
2010-07-12,NIY=F,-0.005828492769855704,False,False,True,True,False,9580.0,
2010-07-13,NIY=F,0.004686288191078707,False,False,True,True,False,9625.0,
2010-07-14,NIY=F,0.01597560387287812,False,False,True,True,False,9780.0,
2010-07-15,NIY=F,-0.015975603872878028,False,False,True,True,False,9625.0,
2010-07-16,NIY=F,-0.040821994520255166,False,False,True,True,False,9240.0,
2010-07-19,NIY=F,0.003241493924171023,False,False,True,True,False,9270.0,
2010-07-22,NIY=F,0.015637956852531523,False,False,True,True,False,9345.0,
2010-07-27,NIY=F,0.010433062813947293,False,False,True,True,False,9635.0,
2010-07-28,NIY=F,0.004659599422155977,False,False,True,True,False,9680.0,
2010-07-29,NIY=F,-0.004140792666031388,False,False,True,True,False,9640.0,
2010-07-30,NIY=F,-0.010951869570071819,False,False,True,True,False,9535.0,
2010-08-02,NIY=F,0.01921637941996523,False,False,True,True,False,9720.0,
2010-08-04,NIY=F,-0.002073614014148106,False,False,True,True,False,9635.0,
2010-08-09,NIY=F,0.004681412970982911,False,False,True,True,False,9635.0,
2010-08-10,NIY=F,-0.01569069847935214,False,False,True,True,False,9485.0,
2010-08-11,NIY=F,-0.03869370391842227,False,False,True,True,False,9125.0,
2010-08-12,NIY=F,0.004919386799818194,False,False,True,True,False,9170.0,
2010-08-13,NIY=F,0.001960998558478267,False,False,False,True,False,9188.0,
2010-08-18,NIY=F,0.0,False,True,False,False,False,9220.0,
2010-09-14,NIY=F,-0.0053937563343191665,False,False,True,True,False,9245.0,
2010-09-15,NIY=F,0.0382009313814318,False,False,True,True,False,9605.0,
2010-09-17,NIY=F,0.0,False,True,True,True,False,9535.0,
2010-09-21,NIY=F,-0.01562531790308087,False,False,True,True,False,9525.0,
2010-09-22,NIY=F,-0.010023824367398577,False,False,True,True,False,9430.0,
2010-09-29,NIY=F,0.004733114279133279,False,False,True,True,False,9530.0,
2010-09-30,NIY=F,-0.013203254913117014,False,False,True,True,False,9405.0,
2010-10-05,NIY=F,0.029064132943911334,False,False,True,True,False,9600.0,
2010-10-06,NIY=F,0.007265210991412432,False,False,True,True,False,9670.0,
2010-10-08,NIY=F,0.0038248870738015195,False,False,True,True,False,9692.0,
2010-10-11,NIY=F,-0.00693692278043139,False,False,True,True,False,9625.0,
2010-10-12,NIY=F,-0.01940790001643863,False,False,True,True,False,9440.0,
2010-10-13,NIY=F,0.006335818449085924,False,False,True,True,False,9500.0,
2010-10-21,NIY=F,-0.008479118103061394,False,False,True,True,False,9395.0,
2010-11-01,NIY=F,-0.005467482182133501,False,False,True,True,False,9120.0,
2010-11-04,NIY=F,0.020267360399877664,False,False,True,True,False,9470.0,
2010-11-05,NIY=F,0.023996978311350333,False,False,True,True,False,9700.0,
2010-11-08,NIY=F,0.0010303967938964016,False,False,True,True,False,9710.0,
2010-11-09,NIY=F,0.0020576138946801622,False,False,True,True,False,9730.0,
2010-11-11,NIY=F,-0.0020294273834898383,False,False,True,True,False,9845.0,
2010-11-12,NIY=F,-0.00325567486673232,False,False,False,True,False,9813.0,
2010-11-22,NIY=F,0.0,False,True,False,False,False,10095.0,
2010-12-10,NIY=F,-0.006358544289710503,False,False,True,True,False,10190.0,
2010-12-14,NIY=F,0.005828088376199511,False,False,True,True,False,10325.0,
2010-12-15,NIY=F,-0.0004843787936797384,False,False,True,True,False,10320.0,
2010-12-16,NIY=F,0.00048437879367966766,False,False,True,True,False,10325.0,
2010-12-21,NIY=F,0.01115163071709213,False,False,True,True,False,10370.0,
2010-12-22,NIY=F,-0.004348883394339467,False,False,True,True,False,10325.0,
2010-12-23,NIY=F,-0.00582808837619953,False,False,True,True,False,10265.0,
2010-12-27,NIY=F,0.0038891638715253542,False,False,True,True,False,10305.0,
2010-12-28,NIY=F,-0.004376374599798888,False,False,True,True,False,10260.0,
2010-12-29,NIY=F,0.0038910554929667217,False,False,True,True,False,10300.0,
2010-12-30,NIY=F,-0.011227845556820895,False,False,True,True,False,10185.0,
2010-12-31,NIY=F,0.0014716706114562507,False,False,True,True,False,10200.0,
2011-01-03,NIY=F,0.012180418556871013,False,False,True,True,False,10325.0,
2011-01-04,NIY=F,0.005794318480979148,False,False,True,True,False,10385.0,
2011-01-05,NIY=F,0.010536495944520578,False,False,True,True,False,10495.0,
2011-01-06,NIY=F,-0.0009532889187129853,False,False,True,True,False,10485.0,
2011-01-07,NIY=F,-0.001909308455920267,False,False,True,True,False,10465.0,
2011-01-10,NIY=F,-0.002870815368798997,False,False,True,True,False,10435.0,
2011-01-11,NIY=F,0.010486273401573836,False,False,True,True,False,10545.0,
2011-01-12,NIY=F,0.00378609065609065,False,False,True,True,False,10585.0,
2011-01-14,NIY=F,-0.008085656417838488,False,False,True,True,False,10470.0,
2011-01-18,NIY=F,0.009032626185574481,False,False,True,True,False,10565.0,
2011-01-19,NIY=F,-0.011423256059490934,False,False,True,True,False,10445.0,
2011-01-20,NIY=F,0.0023906298739163672,False,False,True,True,False,10470.0,
2011-01-21,NIY=F,-0.01685568440269272,False,False,True,True,False,10295.0,
2011-01-24,NIY=F,0.0087041168483228,False,False,True,True,False,10385.0,
2011-01-25,NIY=F,0.0028846173848596393,False,False,True,True,False,10415.0,
2011-01-26,NIY=F,0.0014391942997457783,False,False,True,True,False,10430.0,
2011-01-27,NIY=F,0.005736153395524815,False,False,True,True,False,10490.0,
2011-01-28,NIY=F,-0.02705479023163166,False,False,True,True,False,10210.0,
2011-01-31,NIY=F,0.0029339874347875704,False,False,True,True,False,10240.0,
2011-02-01,NIY=F,0.0072975269118534195,False,False,True,True,False,10315.0,
2011-02-02,NIY=F,0.012045435931277552,False,False,True,True,False,10440.0,
2011-02-03,NIY=F,0.004301081899390702,False,False,True,True,False,10485.0,
2011-02-04,NIY=F,0.012793351459909542,False,False,True,True,False,10620.0,
2011-02-07,NIY=F,0.0014114328384078085,False,False,True,True,False,10635.0,
2011-02-08,NIY=F,0.00328561666146148,False,False,True,True,False,10670.0,
2011-02-10,NIY=F,-0.005100124390882048,False,False,False,True,False,10561.0,
2011-03-11,NIY=F,-0.03541934432972783,False,False,True,True,False,9985.0,
2011-03-14,NIY=F,-0.06197129682930634,False,False,True,True,False,9385.0,
2011-03-15,NIY=F,-0.04690063452579709,False,False,True,True,False,8955.0,
2011-03-17,NIY=F,0.04077510010302691,False,False,False,True,False,8885.0,
2011-03-18,NIY=F,0.03755272831997621,False,False,False,True,False,9225.0,
2011-03-21,NIY=F,0.030952310821521837,False,False,False,True,False,9515.0,
2011-03-25,NIY=F,-0.0005312085118275164,False,False,False,True,False,9410.0,
2011-03-28,NIY=F,-0.004793617701236408,False,False,False,True,False,9365.0,
2011-03-29,NIY=F,0.015364540661247142,False,False,False,True,False,9510.0,
2011-03-30,NIY=F,0.027995607489427074,False,False,False,True,False,9780.0,
2011-03-31,NIY=F,-0.005125587848812317,False,False,False,True,False,9730.0,
2011-04-01,NIY=F,0.008697931530510733,False,False,False,True,False,9815.0,
2011-04-04,NIY=F,-0.007670710073980695,False,False,False,True,False,9740.0,
2011-04-05,NIY=F,-0.008247469430017114,False,False,False,True,False,9660.0,
2011-04-06,NIY=F,0.000517464435867657,False,False,False,True,False,9665.0,
2011-04-07,NIY=F,-0.01564161191218139,False,False,False,True,False,9515.0,
2011-04-08,NIY=F,0.010142817126109725,False,False,True,True,False,9612.0,
2011-04-11,NIY=F,0.0029087907482317,False,False,True,True,False,9640.0,
2011-04-12,NIY=F,-0.014103132682061712,False,False,True,True,False,9505.0,
2011-04-13,NIY=F,0.008381400557215389,False,False,True,True,False,9585.0,
2011-04-14,NIY=F,0.004164503676240015,False,False,True,True,False,9625.0,
2011-04-15,NIY=F,-0.003121750714184644,False,False,True,True,False,9595.0,
2011-04-18,NIY=F,-0.010476785195414024,False,False,True,True,False,9495.0,
2011-04-19,NIY=F,0.0010526316761432445,False,False,True,True,False,9505.0,
2011-04-20,NIY=F,0.018760320918566782,False,False,True,True,False,9685.0,
2011-04-21,NIY=F,-0.0031023809784814908,False,False,True,True,False,9655.0,
2011-04-25,NIY=F,0.0010351967798164275,False,False,True,True,False,9665.0,
2011-04-26,NIY=F,-0.003627886850260065,False,False,True,True,False,9630.0,
2011-04-27,NIY=F,0.010844413014128876,False,False,True,True,False,9735.0,
2011-04-28,NIY=F,0.020336237179617057,False,False,True,True,False,9935.0,
2011-04-29,NIY=F,0.0005031446647025511,False,False,True,True,False,9940.0,
2011-05-02,NIY=F,0.004516946199295817,False,False,True,True,False,9985.0,
2011-05-03,NIY=F,-0.0045169461992958975,False,False,True,True,False,9940.0,
2011-05-04,NIY=F,-0.009095565484485158,False,False,True,True,False,9850.0,
2011-05-05,NIY=F,-0.008154989129306144,False,False,True,True,False,9770.0,
2011-05-06,NIY=F,0.0020449904877276478,False,False,True,True,False,9790.0,
2011-05-09,NIY=F,0.0,False,True,True,True,False,9790.0,
2011-05-10,NIY=F,0.012182891799477557,False,False,True,True,False,9910.0,
2011-05-11,NIY=F,-0.013204864295170624,False,False,True,True,False,9780.0,
2011-05-12,NIY=F,-0.0005113781752964586,False,False,True,True,False,9775.0,
2011-06-02,NIY=F,0.0,False,True,False,False,False,9560.0,
2011-06-10,NIY=F,-0.012127752126120713,False,False,True,True,False,9425.0,
2011-06-13,NIY=F,0.0,False,True,True,True,False,9425.0,
2011-06-14,NIY=F,0.019438489648126684,False,False,True,True,False,9610.0,
2011-06-15,NIY=F,-0.013619906715270726,False,False,True,True,False,9480.0,
2011-06-16,NIY=F,-0.007411362669642135,False,False,True,True,False,9410.0,
2011-06-17,NIY=F,-0.004259857346957452,False,False,True,True,False,9370.0,
2011-06-20,NIY=F,0.006913082570182791,False,False,True,True,False,9435.0,
2011-06-21,NIY=F,0.010018538845597117,False,False,True,True,False,9530.0,
2011-06-22,NIY=F,0.0031430093971992214,False,False,True,True,False,9560.0,
2011-06-23,NIY=F,0.0026116494342978726,False,False,True,True,False,9585.0,
2011-06-24,NIY=F,0.0020844197229121096,False,False,True,True,False,9605.0,
2011-06-27,NIY=F,0.006744513244682945,False,False,True,True,False,9670.0,
2011-06-28,NIY=F,0.010288156589488428,False,False,True,True,False,9770.0,
2011-06-29,NIY=F,0.009169702559852591,False,False,True,True,False,9860.0,
2011-06-30,NIY=F,0.0035434104399850114,False,False,True,True,False,9895.0,
2011-07-01,NIY=F,0.009555013605933088,False,False,True,True,False,9990.0,
2011-07-05,NIY=F,0.0020000006666670215,False,False,True,True,False,10010.0,
2011-07-06,NIY=F,0.004485429897486056,False,False,True,True,False,10055.0,
2011-07-07,NIY=F,0.014317697065610015,False,False,True,True,False,10200.0,
2011-07-08,NIY=F,0.0024479816386400372,False,False,True,True,False,10225.0,
2011-07-11,NIY=F,-0.030282780632084012,False,False,True,True,False,9920.0,
2011-07-12,NIY=F,-0.010131798930406952,False,False,True,True,False,9820.0,
2011-07-13,NIY=F,0.01214589830210812,False,False,True,True,False,9940.0,
2011-07-14,NIY=F,-0.0010065426114013946,False,False,True,True,False,9930.0,
2011-07-15,NIY=F,0.008523491060700373,False,False,True,True,False,10015.0,
2011-07-18,NIY=F,-0.014077658330595997,False,False,True,True,False,9875.0,
2011-07-19,NIY=F,0.013078657248511191,False,False,True,True,False,10005.0,
2011-07-20,NIY=F,0.0059790910560580095,False,False,True,True,False,10065.0,
2011-07-21,NIY=F,0.004955411527953886,False,False,True,True,False,10115.0,
2011-07-22,NIY=F,0.0029615026580692276,False,False,True,True,False,10145.0,
2011-07-25,NIY=F,-0.006427710634555463,False,False,True,True,False,10080.0,
2011-07-26,NIY=F,-0.0014892035514677455,False,False,True,True,False,10065.0,
2011-07-27,NIY=F,-0.014511137794973327,False,False,True,True,False,9920.0,
2011-07-28,NIY=F,-0.005559781822202709,False,False,True,True,False,9865.0,
2011-07-29,NIY=F,-0.003554205315503486,False,False,True,True,False,9830.0,
2011-08-01,NIY=F,-0.0005087764037502211,False,False,True,True,False,9825.0,
2011-08-02,NIY=F,-0.016419045095030747,False,False,True,True,False,9665.0,
2011-08-03,NIY=F,0.0,False,True,True,True,False,9665.0,
2011-08-04,NIY=F,-0.03957255983454702,False,False,True,True,False,9290.0,
2011-08-05,NIY=F,0.004832224167938703,False,False,True,True,False,9335.0,
2011-08-09,NIY=F,0.04370443423472924,False,False,True,True,False,9120.0,
2011-08-10,NIY=F,-0.03458236413815185,False,False,True,True,False,8810.0,
2011-08-11,NIY=F,0.030186752665113864,False,False,True,True,False,9080.0,
2011-08-12,NIY=F,-0.002867543599435113,False,False,False,True,False,9054.0,
2011-08-23,NIY=F,0.018852314979209195,False,False,False,True,False,8835.0,
2011-09-12,NIY=F,0.002335085707846783,False,False,True,True,False,8575.0,
2011-09-13,NIY=F,0.008708327891784414,False,False,True,True,False,8650.0,
2011-09-14,NIY=F,-0.0017356093451460007,False,False,True,True,False,8635.0,
2011-09-15,NIY=F,0.01779100009844374,False,False,True,True,False,8790.0,
2011-09-19,NIY=F,-0.014184634991956413,False,False,True,True,False,8750.0,
2011-09-20,NIY=F,-0.0068807610922224285,False,False,True,True,False,8690.0,
2011-09-21,NIY=F,-0.011574203281136678,False,False,True,True,False,8590.0,
2011-09-22,NIY=F,-0.01820901999823233,False,False,True,True,False,8435.0,
2011-09-23,NIY=F,0.008264509849893431,False,False,True,True,False,8505.0,
2011-09-26,NIY=F,0.0023487973217553287,False,False,True,True,False,8525.0,
2011-09-27,NIY=F,0.018594376523487798,False,False,True,True,False,8685.0,
2011-09-28,NIY=F,-0.007512315017466542,False,False,True,True,False,8620.0,
2011-09-29,NIY=F,0.019529627021483878,False,False,True,True,False,8790.0,
2011-09-30,NIY=F,-0.018370206601749026,False,False,True,True,False,8630.0,
2011-10-03,NIY=F,-0.022262196487470833,False,False,True,True,False,8440.0,
2011-10-04,NIY=F,0.017616427388298193,False,False,True,True,False,8590.0,
2011-10-05,NIY=F,-0.0017477429441603966,False,False,True,True,False,8575.0,
2011-10-06,NIY=F,0.008708327891784414,False,False,True,True,False,8650.0,
2011-10-07,NIY=F,0.0011554016305558895,False,False,True,True,False,8660.0,
2011-10-10,NIY=F,0.018307147444356107,False,False,True,True,False,8820.0,
2011-10-11,NIY=F,-0.005115100666770377,False,False,True,True,False,8775.0,
2011-10-12,NIY=F,0.007945558259819137,False,False,True,True,False,8845.0,
2011-10-13,NIY=F,-0.0022637247923881403,False,False,True,True,False,8825.0,
2011-10-14,NIY=F,0.008462673918733728,False,False,True,True,False,8900.0,
2011-10-17,NIY=F,-0.008462673918733654,False,False,True,True,False,8825.0,
2011-10-18,NIY=F,0.008462673918733728,False,False,True,True,False,8900.0,
2011-10-19,NIY=F,-0.013005555099033684,False,False,True,True,False,8785.0,
2011-10-20,NIY=F,-0.007426483718172199,False,False,True,True,False,8720.0,
2011-10-21,NIY=F,0.006287531431041168,False,False,True,True,False,8775.0,
2011-10-24,NIY=F,0.010768026969558723,False,False,True,True,False,8870.0,
2011-10-25,NIY=F,-0.015909426469977263,False,False,True,True,False,8730.0,
2011-10-26,NIY=F,0.010256500167189061,False,False,True,True,False,8820.0,
2011-10-27,NIY=F,0.02850151013221463,False,False,True,True,False,9075.0,
2011-10-28,NIY=F,0.0016515280384729392,False,False,True,True,False,9090.0,
2011-10-31,NIY=F,-0.019439656874283767,False,False,True,True,False,8915.0,
2011-11-01,NIY=F,-0.013551873125582228,False,False,True,True,False,8795.0,
2011-11-02,NIY=F,-0.006845434603501625,False,False,True,True,False,8735.0,
2011-11-03,NIY=F,0.009683926432680135,False,False,True,True,False,8820.0,
2011-11-04,NIY=F,-0.006255351645502139,False,False,True,True,False,8765.0,
2011-11-07,NIY=F,0.005688297476635805,False,False,True,True,False,8815.0,
2011-11-08,NIY=F,-0.002840104152747871,False,False,True,True,False,8790.0,
2011-11-09,NIY=F,-0.018949748779662122,False,False,True,True,False,8625.0,
2011-11-10,NIY=F,-0.007564772763772692,False,False,True,True,False,8560.0,
2011-11-11,NIY=F,-0.002105017734375949,False,False,False,True,False,8542.0,
2011-11-22,NIY=F,0.0,False,True,False,False,False,8265.0,
2011-12-12,NIY=F,-0.011621281284015825,False,False,True,True,False,8555.0,
2011-12-13,NIY=F,-0.0052739647588740226,False,False,True,True,False,8510.0,
2011-12-14,NIY=F,-0.009445170571518646,False,False,True,True,False,8430.0,
2011-12-15,NIY=F,-0.0017809443709948087,False,False,True,True,False,8415.0,
2011-12-16,NIY=F,-0.005959493203982034,False,False,True,True,False,8365.0,
2011-12-19,NIY=F,-0.00900636529158372,False,False,True,True,False,8290.0,
2011-12-20,NIY=F,0.021480539516759326,False,False,True,True,False,8470.0,
2011-12-21,NIY=F,-0.0005904930788644328,False,False,True,True,False,8465.0,
2011-12-22,NIY=F,0.003537739538796741,False,False,True,True,False,8495.0,
2011-12-23,NIY=F,0.00645352782477357,False,False,True,True,False,8550.0,
2011-12-27,NIY=F,-0.011173300598125189,False,False,True,True,False,8455.0,
2011-12-28,NIY=F,-0.008910067856551993,False,False,True,True,False,8380.0,
2011-12-29,NIY=F,0.00891006785655194,False,False,True,True,False,8455.0,
2011-12-30,NIY=F,-0.004742154707774256,False,False,True,True,False,8415.0,
2012-01-03,NIY=F,0.01825190496691907,False,False,True,True,False,8570.0,
2012-01-04,NIY=F,-0.004678371106100725,False,False,True,True,False,8530.0,
2012-01-05,NIY=F,-0.0035231980073170167,False,False,True,True,False,8500.0,
2012-01-06,NIY=F,-0.017206001448913762,False,False,True,True,False,8355.0,
2012-01-09,NIY=F,0.0,False,True,True,True,False,8355.0,
2012-01-10,NIY=F,0.011306279321725418,False,False,True,True,False,8450.0,
2012-01-11,NIY=F,0.0005915409814611231,False,False,True,True,False,8455.0,
2012-01-12,NIY=F,-0.004148154096308231,False,False,True,True,False,8420.0,
2012-01-17,NIY=F,0.0071006215495763685,False,False,True,True,False,8480.0,
2012-01-18,NIY=F,0.012888286192352282,False,False,True,True,False,8590.0,
2012-01-19,NIY=F,0.015020501924724306,False,False,True,True,False,8720.0,
2012-01-20,NIY=F,0.006857169726137045,False,False,True,True,False,8780.0,
2012-01-23,NIY=F,0.0022753138371356054,False,False,True,True,False,8800.0,
2012-01-24,NIY=F,0.0022701485345390775,False,False,True,True,False,8820.0,
2012-01-25,NIY=F,0.006216465342779473,False,False,True,True,False,8875.0,
2012-01-26,NIY=F,-0.001127395835308235,False,False,True,True,False,8865.0,
2012-01-27,NIY=F,-0.003955924910302566,False,False,True,True,False,8830.0,
2012-01-30,NIY=F,-0.007388496242670789,False,False,True,True,False,8765.0,
2012-01-31,NIY=F,0.004553223574971746,False,False,True,True,False,8805.0,
2012-02-01,NIY=F,0.00509771707166858,False,False,True,True,False,8850.0,
2012-02-02,NIY=F,0.0022573373016498643,False,False,True,True,False,8870.0,
2012-02-03,NIY=F,0.0050604549936155855,False,False,True,True,False,8915.0,
2012-02-06,NIY=F,0.0,False,True,True,True,False,8915.0,
2012-02-07,NIY=F,0.003359465645578666,False,False,True,True,False,8945.0,
2012-02-08,NIY=F,0.006685261667237018,False,False,True,True,False,9005.0,
2012-02-09,NIY=F,0.003325945416272412,False,False,True,True,False,9035.0,
2012-02-13,NIY=F,-0.002659870791291524,False,False,False,True,False,9011.0,
2012-02-21,NIY=F,0.0,False,True,False,False,False,9480.0,
2012-03-09,NIY=F,0.0130720815673527,False,False,True,True,False,10010.0,
2012-03-12,NIY=F,-0.008527766753875097,False,False,True,True,False,9925.0,
2012-03-13,NIY=F,0.015000281259492598,False,False,True,True,False,10075.0,
2012-03-14,NIY=F,0.0014877265327709898,False,False,True,True,False,10090.0,
2012-03-15,NIY=F,-0.0004956629593424484,False,False,True,True,False,10085.0,
2012-03-16,NIY=F,0.000991080358625783,False,False,True,True,False,10095.0,
2012-03-19,NIY=F,0.003954528139162526,False,False,True,True,False,10135.0,
2012-03-21,NIY=F,-0.004463186183991181,False,False,True,True,False,10060.0,
2012-03-22,NIY=F,-0.006482196719229817,False,False,True,True,False,9995.0,
2012-03-23,NIY=F,0.0,False,True,True,True,False,9995.0,
2012-03-26,NIY=F,0.011440065080016623,False,False,True,True,False,10110.0,
2012-03-27,NIY=F,0.007881814202253375,False,False,True,True,False,10190.0,
2012-03-28,NIY=F,0.0,False,True,True,True,False,10190.0,
2012-03-29,NIY=F,-0.0029484050842976564,False,False,True,True,False,10160.0,
2012-03-30,NIY=F,0.006377259778529708,False,False,True,True,False,10225.0,
2012-04-02,NIY=F,-0.00637725977852965,False,False,True,True,False,10160.0,
2012-04-03,NIY=F,-0.0029571238897438154,False,False,True,True,False,10130.0,
2012-04-04,NIY=F,-0.0320990446833203,False,False,True,True,False,9810.0,
2012-04-05,NIY=F,-0.0035741677058422875,False,False,True,True,False,9775.0,
2012-04-09,NIY=F,-0.01546422569758159,False,False,True,True,False,9625.0,
2012-04-10,NIY=F,-0.021528791585576194,False,False,True,True,False,9420.0,
2012-04-11,NIY=F,0.014752638475038224,False,False,True,True,False,9560.0,
2012-04-12,NIY=F,0.01040592116111682,False,False,True,True,False,9660.0,
2012-04-16,NIY=F,-0.0022800300062856735,False,False,True,True,False,9638.0,
2012-04-17,NIY=F,-0.0013497380442931048,False,False,True,True,False,9625.0,
2012-04-18,NIY=F,0.0,False,True,True,True,False,9625.0,
2012-04-19,NIY=F,-0.004164503676240082,False,False,True,True,False,9585.0,
2012-04-20,NIY=F,0.004164503676240015,False,False,True,True,False,9625.0,
2012-04-23,NIY=F,-0.01570712920535788,False,False,True,True,False,9475.0,
2012-04-24,NIY=F,0.008407826723746301,False,False,True,True,False,9555.0,
2012-04-25,NIY=F,0.006779686985378769,False,False,True,True,False,9620.0,
2012-04-26,NIY=F,0.0010389611324190385,False,False,True,True,False,9630.0,
2012-04-27,NIY=F,-0.008342071317395347,False,False,True,True,False,9550.0,
2012-04-30,NIY=F,-0.006829551105661308,False,False,True,True,False,9485.0,
2012-05-01,NIY=F,-0.009001914111019273,False,False,True,True,False,9400.0,
2012-05-02,NIY=F,-0.0037303533799063677,False,False,True,True,False,9365.0,
2012-05-03,NIY=F,-0.009656727402553036,False,False,True,True,False,9275.0,
2012-05-04,NIY=F,-0.010840214552864833,False,False,True,True,False,9175.0,
2012-05-07,NIY=F,0.005976654574126798,False,False,True,True,False,9230.0,
2012-05-08,NIY=F,-0.011441149046205608,False,False,True,True,False,9125.0,
2012-05-09,NIY=F,-0.01212804281327458,False,False,True,True,False,9015.0,
2012-05-10,NIY=F,0.007734845192853907,False,False,True,True,False,9085.0,
2012-05-14,NIY=F,-0.007291238664563354,False,False,False,True,False,9019.0,
2012-06-08,NIY=F,-0.012828164254112227,False,False,True,True,False,8520.0,
2012-06-11,NIY=F,-0.005885832177261368,False,False,True,True,False,8470.0,
2012-06-12,NIY=F,0.01173722394572542,False,False,True,True,False,8570.0,
2012-06-13,NIY=F,-0.004092376363284478,False,False,True,True,False,8535.0,
2012-06-14,NIY=F,0.005841138103034877,False,False,True,True,False,8585.0,
2012-06-15,NIY=F,0.0034883756304541066,False,False,True,True,False,8615.0,
2012-06-18,NIY=F,0.008092529713175308,False,False,True,True,False,8685.0,
2012-06-19,NIY=F,0.0017256259674698574,False,False,True,True,False,8700.0,
2012-06-20,NIY=F,0.010291686036547506,False,False,True,True,False,8790.0,
2012-06-21,NIY=F,-0.005132603226520202,False,False,True,True,False,8745.0,
2012-06-22,NIY=F,0.010238997301094286,False,False,True,True,False,8835.0,
2012-06-25,NIY=F,-0.021739986636405875,False,False,True,True,False,8645.0,
2012-06-26,NIY=F,0.0057670286709925215,False,False,True,True,False,8695.0,
2012-06-27,NIY=F,0.010866563890839193,False,False,True,True,False,8790.0,
2012-06-28,NIY=F,0.005672164952466374,False,False,True,True,False,8840.0,
2012-06-29,NIY=F,0.030085834622314782,False,False,True,True,False,9110.0,
2012-07-02,NIY=F,-0.007713536867781835,False,False,True,True,False,9040.0,
2012-07-03,NIY=F,0.01209470488334492,False,False,True,True,False,9150.0,
2012-07-05,NIY=F,-0.008781615160384677,False,False,True,True,False,9070.0,
2012-07-06,NIY=F,-0.007747686790825826,False,False,True,True,False,9000.0,
2012-07-09,NIY=F,-0.00836824967051658,False,False,True,True,False,8925.0,
2012-07-10,NIY=F,-0.009569451016150672,False,False,True,True,False,8840.0,
2012-07-11,NIY=F,0.0033879196719360434,False,False,True,True,False,8870.0,
2012-07-12,NIY=F,-0.018777223101335748,False,False,True,True,False,8705.0,
2012-07-16,NIY=F,-0.003106485843993403,False,False,True,True,False,8678.0,
2012-07-17,NIY=F,0.012254634262901533,False,False,True,True,False,8785.0,
2012-07-18,NIY=F,-0.0005693139920352696,False,False,True,True,False,8780.0,
2012-07-19,NIY=F,0.002843334301144251,False,False,True,True,False,8805.0,
2012-07-20,NIY=F,-0.021814871968276535,False,False,True,True,False,8615.0,
2012-07-23,NIY=F,-0.016974361315929876,False,False,True,True,False,8470.0,
2012-07-24,NIY=F,-0.008894218134458901,False,False,True,True,False,8395.0,
2012-07-25,NIY=F,0.002379537113265216,False,False,True,True,False,8415.0,
2012-07-26,NIY=F,0.014159528603634515,False,False,True,True,False,8535.0,
2012-07-30,NIY=F,-0.007507976359877195,False,False,True,True,False,8625.0,
2012-07-31,NIY=F,-0.0034843240826109225,False,False,True,True,False,8595.0,
2012-08-01,NIY=F,0.009264686998110224,False,False,True,True,False,8675.0,
2012-08-02,NIY=F,-0.01217759322323446,False,False,True,True,False,8570.0,
2012-08-03,NIY=F,0.012753796062570415,False,False,True,True,False,8680.0,
2012-08-06,NIY=F,0.0074605797983066,False,False,True,True,False,8745.0,
2012-08-07,NIY=F,0.01588235313604932,False,False,True,True,False,8885.0,
2012-08-08,NIY=F,0.0,False,True,True,True,False,8885.0,
2012-08-09,NIY=F,0.00840576538022436,False,False,True,True,False,8960.0,
2012-08-13,NIY=F,-0.005147152462475034,False,False,False,True,False,8914.0,
2012-08-23,NIY=F,0.0005508124622874325,False,False,False,True,False,9080.0,
2012-09-06,NIY=F,0.017669311213591787,False,False,False,True,False,8850.0,
2012-09-14,NIY=F,0.019131493596315365,False,False,True,True,False,9235.0,
2012-09-17,NIY=F,-0.0037971295962086846,False,False,True,True,False,9200.0,
2012-09-18,NIY=F,-0.004357305368955701,False,False,True,True,False,9160.0,
2012-09-19,NIY=F,0.002181025946360146,False,False,True,True,False,9180.0,
2012-09-20,NIY=F,-0.009852296443011594,False,False,True,True,False,9090.0,
2012-09-21,NIY=F,0.0,False,True,True,True,False,9090.0,
2012-09-24,NIY=F,-0.005515733785302329,False,False,True,True,False,9040.0,
2012-09-25,NIY=F,-0.0027693177488044983,False,False,True,True,False,9015.0,
2012-09-26,NIY=F,-0.010593910063362574,False,False,True,True,False,8920.0,
2012-09-27,NIY=F,0.010593910063362588,False,False,True,True,False,9015.0,
2012-09-28,NIY=F,-0.011154605340176852,False,False,True,True,False,8915.0,
2012-10-01,NIY=F,-0.005624311788932523,False,False,True,True,False,8865.0,
2012-10-02,NIY=F,-0.002258611914422645,False,False,True,True,False,8845.0,
2012-10-03,NIY=F,0.0,False,True,True,True,False,8845.0,
2012-10-04,NIY=F,0.006198949126345601,False,False,True,True,False,8900.0,
2012-10-05,NIY=F,0.0056022555486697516,False,False,True,True,False,8950.0,
2012-10-08,NIY=F,-0.0106712610519671,False,False,True,True,False,8855.0,
2012-10-09,NIY=F,-0.014216901383285992,False,False,True,True,False,8730.0,
2012-10-10,NIY=F,-0.014421940188008044,False,False,True,True,False,8605.0,
2012-10-11,NIY=F,0.0034802819351392148,False,False,True,True,False,8635.0,
2012-10-12,NIY=F,-0.0069727185466382895,False,False,True,True,False,8575.0,
2012-10-15,NIY=F,0.011594332780919227,False,False,True,True,False,8675.0,
2012-10-16,NIY=F,0.0154421141151653,False,False,True,True,False,8810.0,
2012-10-17,NIY=F,0.00960188116971034,False,False,True,True,False,8895.0,
2012-10-18,NIY=F,0.011735256218420932,False,False,True,True,False,9000.0,
2012-10-19,NIY=F,-0.013423020332140661,False,False,True,True,False,8880.0,
2012-10-22,NIY=F,0.023923254966006936,False,False,True,True,False,9095.0,
2012-10-23,NIY=F,-0.017189222784662776,False,False,True,True,False,8940.0,
2012-10-24,NIY=F,0.006133278217073744,False,False,True,True,False,8995.0,
2012-10-25,NIY=F,0.012154845777074806,False,False,True,True,False,9105.0,
2012-10-26,NIY=F,-0.012154845777074829,False,False,True,True,False,8995.0,
2012-10-31,NIY=F,-0.0050153351157324055,False,False,True,True,False,8950.0,
2012-11-01,NIY=F,0.014971169561370462,False,False,True,True,False,9085.0,
2012-11-02,NIY=F,-0.005518777803942682,False,False,True,True,False,9035.0,
2012-11-05,NIY=F,0.0011061948030665315,False,False,True,True,False,9045.0,
2012-11-06,NIY=F,0.003311261303656005,False,False,True,True,False,9075.0,
2012-11-07,NIY=F,-0.021721823146835798,False,False,True,True,False,8880.0,
2012-11-08,NIY=F,-0.010186845306993018,False,False,False,True,False,8790.0,
2012-11-14,NIY=F,0.0023081372047503686,False,False,False,True,False,8675.0,
2012-12-14,NIY=F,0.0005126890653186344,False,False,True,True,False,9755.0,
2012-12-17,NIY=F,0.010706194539469596,False,False,True,True,False,9860.0,
2012-12-18,NIY=F,0.01709443335930004,False,False,True,True,False,10030.0,
2012-12-19,NIY=F,0.010907396189192953,False,False,True,True,False,10140.0,
2012-12-20,NIY=F,0.0029542118974313827,False,False,True,True,False,10170.0,
2012-12-21,NIY=F,-0.007401958295667813,False,False,True,True,False,10095.0,
2012-12-24,NIY=F,0.00494072151297723,False,False,True,True,False,10145.0,
2012-12-26,NIY=F,0.018071309853769164,False,False,True,True,False,10330.0,
2012-12-27,NIY=F,0.007234176714050542,False,False,True,True,False,10405.0,
2012-12-28,NIY=F,-0.005299940134219656,False,False,True,True,False,10350.0,
2012-12-31,NIY=F,0.018665294219359876,False,False,True,True,False,10545.0,
2013-01-02,NIY=F,0.02943450057505153,False,False,True,True,False,10860.0,
2013-01-03,NIY=F,-0.008786183689462976,False,False,True,True,False,10765.0,
2013-01-04,NIY=F,-0.00046457608268801807,False,False,True,True,False,10760.0,
2013-01-07,NIY=F,-0.013096538919845569,False,False,True,True,False,10620.0,
2013-01-08,NIY=F,-0.018532248128927654,False,False,True,True,False,10425.0,
2013-01-09,NIY=F,0.019473424668991338,False,False,True,True,False,10630.0,
2013-01-10,NIY=F,0.01354844363595496,False,False,True,True,False,10775.0,
2013-01-11,NIY=F,0.012451163855167962,False,False,True,True,False,10910.0,
2013-01-14,NIY=F,0.006395636236405024,False,False,True,True,False,10980.0,
2013-01-15,NIY=F,-0.010528822372991643,False,False,True,True,False,10865.0,
2013-01-16,NIY=F,-0.021396165056192473,False,False,True,True,False,10635.0,
2013-01-17,NIY=F,0.020935865853588833,False,False,True,True,False,10860.0,
2013-01-18,NIY=F,0.00962206736406203,False,False,True,True,False,10965.0,
2013-01-22,NIY=F,-0.029148489714417383,False,False,True,True,False,10650.0,
2013-01-23,NIY=F,-0.013232707266574306,False,False,True,True,False,10510.0,
2013-01-24,NIY=F,0.029531088999693682,False,False,True,True,False,10825.0,
2013-01-25,NIY=F,0.013306000398585257,False,False,True,True,False,10970.0,
2013-01-28,NIY=F,-0.017471708806287806,False,False,True,True,False,10780.0,
2013-01-29,NIY=F,0.011528834172741292,False,False,True,True,False,10905.0,
2013-01-30,NIY=F,0.01592028166554542,False,False,True,True,False,11080.0,
2013-01-31,NIY=F,0.004951619390193267,False,False,True,True,False,11135.0,
2013-02-01,NIY=F,0.01293794536058183,False,False,True,True,False,11280.0,
2013-02-04,NIY=F,-0.012489011570774922,False,False,True,True,False,11140.0,
2013-02-05,NIY=F,0.011158339385069863,False,False,True,True,False,11265.0,
2013-02-06,NIY=F,0.01278958998977659,False,False,True,True,False,11410.0,
2013-02-07,NIY=F,-0.007036088834069331,False,False,False,True,False,11330.0,
2013-03-08,NIY=F,0.01715728361857813,False,False,True,True,False,12345.0,
2013-03-11,NIY=F,0.00040494027684348185,False,False,True,True,False,12350.0,
2013-03-12,NIY=F,-0.01632689328742878,False,False,True,True,False,12150.0,
2013-03-13,NIY=F,0.009012760721507902,False,False,True,True,False,12260.0,
2013-03-14,NIY=F,0.00893225589633123,False,False,True,True,False,12370.0,
2013-03-15,NIY=F,0.0020189790827573515,False,False,True,True,False,12395.0,
2013-03-18,NIY=F,-0.004042042690011042,False,False,True,True,False,12345.0,
2013-03-19,NIY=F,0.0028311444593072874,False,False,True,True,False,12380.0,
2013-03-20,NIY=F,0.016025984015844395,False,False,True,True,False,12580.0,
2013-03-26,NIY=F,0.00643606405089407,False,False,True,True,False,12470.0,
2013-03-28,NIY=F,-0.006022905177356363,False,False,True,True,False,12415.0,
2013-04-01,NIY=F,-0.029011227661090582,False,False,True,True,False,12060.0,
2013-04-02,NIY=F,0.009079715700396434,False,False,True,True,False,12170.0,
2013-04-03,NIY=F,0.0012317800777337706,False,False,True,True,False,12185.0,
2013-04-04,NIY=F,0.06589685136935913,True,False,True,True,False,13015.0,
2013-04-05,NIY=F,0.0057460414752798505,False,False,True,True,False,13090.0,
2013-04-08,NIY=F,0.025642430613337652,False,False,True,True,False,13430.0,
2013-04-09,NIY=F,-0.009726975307438124,False,False,True,True,False,13300.0,
2013-04-10,NIY=F,0.016036144500702756,False,False,True,True,False,13515.0,
2013-04-11,NIY=F,-0.0014809332584429316,False,False,True,True,False,13495.0,
2013-04-12,NIY=F,-0.019454410790903407,False,False,True,True,False,13235.0,
2013-04-15,NIY=F,-0.028354389945357043,False,False,True,True,False,12865.0,
2013-04-16,NIY=F,0.024190083340653576,False,False,True,True,False,13180.0,
2013-04-17,NIY=F,-0.0041817205966737684,False,False,True,True,False,13125.0,
2013-04-18,NIY=F,0.00038087983701736583,False,False,True,True,False,13130.0,
2013-04-19,NIY=F,0.024451095864164336,False,False,True,True,False,13455.0,
2013-04-22,NIY=F,-0.0003716781310209698,False,False,True,True,False,13450.0,
2013-04-23,NIY=F,0.011090686694158138,False,False,True,True,False,13600.0,
2013-04-24,NIY=F,0.01242251999855711,False,False,True,True,False,13770.0,
2013-04-25,NIY=F,0.005070637448959987,False,False,True,True,False,13840.0,
2013-04-26,NIY=F,-0.01382342855855481,False,False,True,True,False,13650.0,
2013-04-29,NIY=F,0.004021208123780361,False,False,True,True,False,13705.0,
2013-04-30,NIY=F,0.0003647638194739244,False,False,True,True,False,13710.0,
2013-05-01,NIY=F,-0.00621915302491523,False,False,True,True,False,13625.0,
2013-05-02,NIY=F,0.006583783840258849,False,False,True,True,False,13715.0,
2013-05-03,NIY=F,0.021994757216877395,False,False,True,True,False,14020.0,
2013-05-06,NIY=F,0.002137514173310838,False,False,True,True,False,14050.0,
2013-05-07,NIY=F,0.002488005548581131,False,False,True,True,False,14085.0,
2013-05-09,NIY=F,0.01222722656956034,False,False,False,True,False,14400.0,
2013-06-14,NIY=F,-0.03144913268250335,False,False,True,True,False,12520.0,
2013-06-17,NIY=F,0.034540325252176075,False,False,True,True,False,12960.0,
2013-06-18,NIY=F,0.019484857132123782,False,False,False,True,False,13215.0,
2013-06-21,NIY=F,0.04091566694784452,False,False,True,True,False,13345.0,
2013-06-24,NIY=F,-0.024271195217056812,False,False,True,True,False,13025.0,
2013-06-25,NIY=F,0.011450506787995505,False,False,True,True,False,13175.0,
2013-06-27,NIY=F,0.02915216851033698,False,False,True,True,False,13400.0,
2013-07-08,NIY=F,-0.00765487384408491,False,False,True,True,False,14315.0,
2013-07-09,NIY=F,0.007308193306724622,False,False,True,True,False,14420.0,
2013-07-10,NIY=F,-0.006260890016722532,False,False,True,True,False,14330.0,
2013-07-11,NIY=F,0.013860235742110953,False,False,True,True,False,14530.0,
2013-07-12,NIY=F,0.0,False,True,True,True,False,14530.0,
2013-07-15,NIY=F,0.012651904103244616,False,False,True,True,False,14715.0,
2013-07-16,NIY=F,-0.013340372288786075,False,False,True,True,False,14520.0,
2013-07-17,NIY=F,0.010618356317510015,False,False,True,True,False,14675.0,
2013-07-18,NIY=F,0.019902832717376792,False,False,True,True,False,14970.0,
2013-07-19,NIY=F,-0.00973325354774783,False,False,True,True,False,14825.0,
2013-07-22,NIY=F,-0.009828921697419633,False,False,True,True,False,14680.0,
2013-07-23,NIY=F,0.0027210901143605863,False,False,True,True,False,14720.0,
2013-07-24,NIY=F,0.0013577734604602887,False,False,True,True,False,14740.0,
2013-07-25,NIY=F,-0.025770194329937636,False,False,True,True,False,14365.0,
2013-07-26,NIY=F,-0.029315184163878256,False,False,True,True,False,13950.0,
2013-07-29,NIY=F,-0.030939683534829426,False,False,True,True,False,13525.0,
2013-07-30,NIY=F,0.014679162663049075,False,False,True,True,False,13725.0,
2013-07-31,NIY=F,-0.005113232469925996,False,False,True,True,False,13655.0,
2013-08-01,NIY=F,0.03807931333514633,False,False,True,True,False,14185.0,
2013-08-02,NIY=F,0.009821194339988489,False,False,True,True,False,14325.0,
2013-08-05,NIY=F,-0.0048985402361679435,False,False,True,True,False,14255.0,
2013-08-06,NIY=F,-0.0035137070584840974,False,False,True,True,False,14205.0,
2013-08-07,NIY=F,-0.03437502791055694,False,False,True,True,False,13725.0,
2013-08-08,NIY=F,-0.005113232469925996,False,False,False,True,False,13655.0,
2013-09-13,NIY=F,0.0027874582508531447,False,False,True,True,False,14370.0,
2013-09-16,NIY=F,0.007970931130380172,False,False,True,True,False,14485.0,
2013-09-17,NIY=F,-0.00553826268482196,False,False,True,True,False,14405.0,
2013-09-18,NIY=F,0.021971361001158665,False,False,True,True,False,14725.0,
2013-09-19,NIY=F,0.007442524205134663,False,False,True,True,False,14835.0,
2013-09-20,NIY=F,-0.010843888028624998,False,False,True,True,False,14675.0,
2013-09-23,NIY=F,-0.0058090031794658945,False,False,True,True,False,14590.0,
2013-09-24,NIY=F,0.00649020211588922,False,False,True,True,False,14685.0,
2013-09-25,NIY=F,-0.00751883241402734,False,False,True,True,False,14575.0,
2013-09-26,NIY=F,0.018692133012152546,False,False,True,True,False,14850.0,
2013-09-27,NIY=F,-0.014583945104859398,False,False,True,True,False,14635.0,
2013-09-30,NIY=F,-0.006512448038475879,False,False,True,True,False,14540.0,
2013-10-01,NIY=F,-0.004480448646314346,False,False,True,True,False,14475.0,
2013-10-03,NIY=F,-0.00813156327887917,False,False,True,True,False,14085.0,
2013-10-04,NIY=F,0.008483613977815298,False,False,True,True,False,14205.0,
2013-10-07,NIY=F,-0.03037574972063869,False,False,True,True,False,13780.0,
2013-10-08,NIY=F,-0.0010891269909419046,False,False,True,True,False,13765.0,
2013-10-09,NIY=F,0.02369098597150526,False,False,True,True,False,14095.0,
2013-10-10,NIY=F,0.02036587243743538,False,False,True,True,False,14385.0,
2013-10-11,NIY=F,0.01071747510186217,False,False,True,True,False,14540.0,
2013-10-14,NIY=F,-0.0003439380945340516,False,False,True,True,False,14535.0,
2013-10-15,NIY=F,-0.010026013111562825,False,False,True,True,False,14390.0,
2013-10-16,NIY=F,0.017906814563799934,False,False,True,True,False,14650.0,
2013-10-17,NIY=F,-0.0017079423451561474,False,False,True,True,False,14625.0,
2013-10-18,NIY=F,0.0,False,True,True,True,False,14625.0,
2013-10-21,NIY=F,0.006814336419730188,False,False,True,True,False,14725.0,
2013-10-22,NIY=F,0.003389833754511524,False,False,True,True,False,14775.0,
2013-10-23,NIY=F,-0.03127940175966238,False,False,True,True,False,14320.0,
2013-10-24,NIY=F,0.0069589703243035225,False,False,True,True,False,14420.0,
2013-10-25,NIY=F,-0.014670189747793742,False,False,True,True,False,14210.0,
2013-10-28,NIY=F,0.00736199644106904,False,False,True,True,False,14315.0,
2013-10-29,NIY=F,0.012150817782512528,False,False,True,True,False,14490.0,
2013-10-30,NIY=F,0.005848975903964996,False,False,True,True,False,14575.0,
2013-10-31,NIY=F,-0.008613317678114947,False,False,True,True,False,14450.0,
2013-11-01,NIY=F,-0.009037253025941638,False,False,True,True,False,14320.0,
2013-11-04,NIY=F,0.0010469378028335002,False,False,True,True,False,14335.0,
2013-11-05,NIY=F,-0.011224249721517355,False,False,True,True,False,14175.0,
2013-11-06,NIY=F,0.01644256039761492,False,False,True,True,False,14410.0,
2013-11-07,NIY=F,-0.027794225394679118,False,False,False,True,False,14015.0,
2013-12-13,NIY=F,-0.0012911557636199273,False,False,True,True,False,15480.0,
2013-12-16,NIY=F,-0.008759180089881578,False,False,True,True,False,15345.0,
2013-12-17,NIY=F,-0.005227061884858286,False,False,True,True,False,15265.0,
2013-12-18,NIY=F,0.040756483039344614,False,False,True,True,False,15900.0,
2013-12-19,NIY=F,-0.006942280958635118,False,False,True,True,False,15790.0,
2013-12-20,NIY=F,0.008199352148686327,False,False,True,True,False,15920.0,
2013-12-23,NIY=F,0.008132669159787992,False,False,True,True,False,16050.0,
2013-12-24,NIY=F,-0.009389740349839032,False,False,True,True,False,15900.0,
2013-12-26,NIY=F,0.021466059894877723,False,False,True,True,False,16245.0,
2013-12-27,NIY=F,0.0030731431684612102,False,False,True,True,False,16295.0,
2013-12-30,NIY=F,-0.0003068896755710893,False,False,True,True,False,16290.0,
2013-12-31,NIY=F,0.003370617562220224,False,False,True,True,False,16345.0,
2014-01-02,NIY=F,-0.021333317936392735,False,False,True,True,False,16000.0,
2014-01-03,NIY=F,0.004676547883901803,False,False,True,True,False,16075.0,
2014-01-08,NIY=F,0.006575880906156959,False,False,True,True,False,16020.0,
2014-01-09,NIY=F,-0.005947740181986078,False,False,True,True,False,15925.0,
2014-01-10,NIY=F,-0.00535181507194726,False,False,True,True,False,15840.0,
2014-01-13,NIY=F,-0.021698362461078917,False,False,True,True,False,15500.0,
2014-01-14,NIY=F,0.012183542819740241,False,False,True,True,False,15690.0,
2014-01-16,NIY=F,-0.011748031607910776,False,False,True,True,False,15655.0,
2014-01-21,NIY=F,0.004434597067865775,False,False,True,True,False,15820.0,
2014-01-22,NIY=F,0.003785493479481886,False,False,True,True,False,15880.0,
2014-01-23,NIY=F,-0.03101767444252601,False,False,True,True,False,15395.0,
2014-01-24,NIY=F,-0.029331481539768316,False,False,True,True,False,14950.0,
2014-01-27,NIY=F,0.002672012277810989,False,False,True,True,False,14990.0,
2014-01-28,NIY=F,0.010287132364694198,False,False,True,True,False,15145.0,
2014-01-29,NIY=F,-0.010954466390127229,False,False,True,True,False,14980.0,
2014-01-30,NIY=F,0.008309836749561877,False,False,True,True,False,15105.0,
2014-01-31,NIY=F,-0.03297741627542605,False,False,True,True,False,14615.0,
2014-02-03,NIY=F,-0.0326871938096788,False,False,True,True,False,14145.0,
2014-02-04,NIY=F,0.009498752157907905,False,False,True,True,False,14280.0,
2014-02-05,NIY=F,-0.008792038347575373,False,False,True,True,False,14155.0,
2014-02-07,NIY=F,0.016489552599261693,False,False,True,True,False,14675.0,
2014-02-10,NIY=F,-0.002387857180994669,False,False,True,True,False,14640.0,
2014-02-11,NIY=F,0.016932338162752053,False,False,True,True,False,14890.0,
2014-02-12,NIY=F,-0.007076693391477051,False,False,True,True,False,14785.0,
2014-02-26,NIY=F,0.0,False,True,False,False,False,14910.0,
2014-02-28,NIY=F,0.0,False,True,False,False,False,14920.0,
2014-03-20,NIY=F,-0.015983662031293373,False,False,True,True,False,14275.0,
2014-03-21,NIY=F,-0.005267790934858916,False,False,True,True,False,14200.0,
2014-03-25,NIY=F,0.00453673784580292,False,False,True,True,False,14360.0,
2014-03-28,NIY=F,0.01634913800152941,False,False,True,True,False,14800.0,
2014-03-31,NIY=F,0.001013000255459091,False,False,True,True,False,14815.0,
2014-04-02,NIY=F,0.012012156448003434,False,False,True,True,False,15075.0,
2014-04-03,NIY=F,-0.0003317299748450023,False,False,True,True,False,15070.0,
2014-04-04,NIY=F,-0.01336025216634038,False,False,True,True,False,14870.0,
2014-04-07,NIY=F,-0.01081822585871758,False,False,True,True,False,14710.0,
2014-04-08,NIY=F,-0.024429221040318843,False,False,True,True,False,14355.0,
2014-04-09,NIY=F,0.01039510400033997,False,False,True,True,False,14505.0,
2014-04-10,NIY=F,-0.03329552345899778,False,False,False,True,False,14030.0,
2014-04-11,NIY=F,-0.009309053977723523,False,False,True,True,False,13900.0,
2014-04-14,NIY=F,0.013576485773942736,False,False,True,True,False,14090.0,
2014-04-15,NIY=F,0.0014184399541338495,False,False,True,True,False,14110.0,
2014-04-17,NIY=F,0.0020718239455204575,False,False,True,True,False,14495.0,
2014-04-21,NIY=F,0.004474280394921107,False,False,True,True,False,14560.0,
2014-04-22,NIY=F,-0.0051644115472261705,False,False,True,True,False,14485.0,
2014-04-24,NIY=F,-0.006226239415097988,False,False,True,True,False,14410.0,
2014-04-25,NIY=F,-0.005567168171350217,False,False,True,True,False,14330.0,
2014-04-28,NIY=F,0.004178279059195958,False,False,True,True,False,14390.0,
2014-04-29,NIY=F,0.003814813018922158,False,False,True,True,False,14445.0,
2014-04-30,NIY=F,-0.010788341976422557,False,False,True,True,False,14290.0,
2014-05-01,NIY=F,0.011480383526533307,False,False,True,True,False,14455.0,
2014-05-02,NIY=F,-0.005202023175408744,False,False,True,True,False,14380.0,
2014-05-05,NIY=F,-0.003134252957567507,False,False,True,True,False,14335.0,
2014-05-06,NIY=F,-0.006649193351503443,False,False,True,True,False,14240.0,
2014-05-07,NIY=F,-0.00210896387482043,False,False,True,True,False,14210.0,
2014-05-08,NIY=F,-0.008480616198420426,False,False,False,True,False,14090.0,
2014-06-13,NIY=F,0.009383446865797625,False,False,True,True,False,14990.0,
2014-06-16,NIY=F,-0.0073652827095605725,False,False,False,True,False,14880.0,
2014-06-18,NIY=F,0.009986767422900954,False,False,True,True,False,15095.0,
2014-06-19,NIY=F,0.014469177125936535,False,False,True,True,False,15315.0,
2014-06-20,NIY=F,0.003584817265765889,False,False,True,True,False,15370.0,
2014-06-23,NIY=F,-0.007182531694193599,False,False,True,True,False,15260.0,
2014-06-24,NIY=F,0.00130975788206351,False,False,True,True,False,15280.0,
2014-06-25,NIY=F,-0.00032727868071536826,False,False,True,True,False,15275.0,
2014-06-26,NIY=F,-0.0016380020042383583,False,False,True,True,False,15250.0,
2014-06-27,NIY=F,-0.011210140473610655,False,False,True,True,False,15080.0,
2014-07-01,NIY=F,0.016089659194570744,False,False,True,True,False,15350.0,
2014-07-02,NIY=F,0.0,False,True,True,True,False,15350.0,
2014-07-03,NIY=F,0.002277534740799035,False,False,True,True,False,15385.0,
2014-07-07,NIY=F,-0.008813505720584484,False,False,True,True,False,15250.0,
2014-07-08,NIY=F,-0.0036130766846642353,False,False,True,True,False,15195.0,
2014-07-09,NIY=F,0.006232593572214553,False,False,True,True,False,15290.0,
2014-07-10,NIY=F,-0.015488858007273724,False,False,True,True,False,15055.0,
2014-07-11,NIY=F,0.003646614350951132,False,False,True,True,False,15110.0,
2014-07-14,NIY=F,0.010860728773010824,False,False,True,True,False,15275.0,
2014-07-15,NIY=F,0.0035941878260637343,False,False,True,True,False,15330.0,
2014-07-16,NIY=F,0.0029311208088587263,False,False,True,True,False,15375.0,
2014-07-17,NIY=F,-0.012105497084900127,False,False,True,True,False,15190.0,
2014-07-18,NIY=F,0.004597709248629549,False,False,True,True,False,15260.0,
2014-07-21,NIY=F,-0.0032819195851094083,False,False,True,True,False,15210.0,
2014-07-22,NIY=F,0.005245913669769547,False,False,True,True,False,15290.0,
2014-07-23,NIY=F,0.0,False,True,True,True,False,15290.0,
2014-07-24,NIY=F,-0.0013089007104298386,False,False,True,True,False,15270.0,
2014-07-25,NIY=F,0.005876608488984971,False,False,True,True,False,15360.0,
2014-07-28,NIY=F,0.009073296205674755,False,False,True,True,False,15500.0,
2014-07-29,NIY=F,0.0022555189198097338,False,False,True,True,False,15535.0,
2014-07-30,NIY=F,0.010565169509251722,False,False,True,True,False,15700.0,
2014-07-31,NIY=F,-0.017671142562810913,False,False,True,True,False,15425.0,
2014-08-01,NIY=F,-0.004874095758245407,False,False,True,True,False,15350.0,
2014-08-04,NIY=F,0.00616985233733896,False,False,True,True,False,15445.0,
2014-08-05,NIY=F,-0.018295185230000625,False,False,True,True,False,15165.0,
2014-08-06,NIY=F,-0.009940439705250801,False,False,True,True,False,15015.0,
2014-08-07,NIY=F,-0.00467290569939237,False,False,False,True,False,14945.0,
2014-09-04,NIY=F,0.0,False,True,False,False,False,15710.0,
2014-09-12,NIY=F,-0.00441223533326506,False,False,True,True,False,15830.0,
2014-09-15,NIY=F,0.0006315124933591015,False,False,True,True,False,15840.0,
2014-09-16,NIY=F,0.004409455963415607,False,False,True,True,False,15910.0,
2014-09-17,NIY=F,0.0043900979884331824,False,False,True,True,False,15980.0,
2014-09-18,NIY=F,0.010272463872109823,False,False,True,True,False,16145.0,
2014-09-19,NIY=F,0.004017931537346182,False,False,True,True,False,16210.0,
2014-09-22,NIY=F,-0.006809063757167407,False,False,True,True,False,16100.0,
2014-09-23,NIY=F,-0.0040454388452990965,False,False,True,True,False,16035.0,
2014-09-24,NIY=F,0.01393427097454629,False,False,True,True,False,16260.0,
2014-09-25,NIY=F,-0.0083372414378284,False,False,True,True,False,16125.0,
2014-09-26,NIY=F,0.01477404527130769,False,False,True,True,False,16365.0,
2014-09-29,NIY=F,-0.00612934802782905,False,False,True,True,False,16265.0,
2014-09-30,NIY=F,-0.004004317686976346,False,False,True,True,False,16200.0,
2014-10-01,NIY=F,-0.020580707700020687,False,False,True,True,False,15870.0,
2014-10-02,NIY=F,-0.018121621319017248,False,False,True,True,False,15585.0,
2014-10-03,NIY=F,0.0206389291303952,False,False,True,True,False,15910.0,
2014-10-06,NIY=F,-0.008204526931967293,False,False,True,True,False,15780.0,
2014-10-07,NIY=F,-0.016613800662655446,False,False,True,True,False,15520.0,
2014-10-08,NIY=F,0.011212675538844254,False,False,True,True,False,15695.0,
2014-10-09,NIY=F,-0.02516261789654101,False,False,True,True,False,15305.0,
2014-10-10,NIY=F,-0.016137350025628317,False,False,True,True,False,15060.0,
2014-10-13,NIY=F,-0.015390066221906779,False,False,True,True,False,14830.0,
2014-10-14,NIY=F,0.007390023554830417,False,False,True,True,False,14940.0,
2014-10-15,NIY=F,-0.0178968139905111,False,False,True,True,False,14675.0,
2014-10-16,NIY=F,0.0010216244716257697,False,False,True,True,False,14690.0,
2014-10-17,NIY=F,0.013187004281953681,False,False,True,True,False,14885.0,
2014-10-22,NIY=F,0.0019874137048381956,False,False,True,True,False,15110.0,
2014-10-23,NIY=F,0.016735419297799824,False,False,True,True,False,15365.0,
2014-10-24,NIY=F,0.004545462371674638,False,False,True,True,False,15435.0,
2014-10-27,NIY=F,-0.007804917669384091,False,False,True,True,False,15315.0,
2014-10-28,NIY=F,0.007480926090330909,False,False,True,True,False,15430.0,
2014-10-29,NIY=F,0.01543438999286005,False,False,True,True,False,15670.0,
2014-10-30,NIY=F,0.007312065642025576,False,False,True,True,False,15785.0,
2014-10-31,NIY=F,0.07591637266464195,True,False,False,False,False,17030.0,
2014-11-03,NIY=F,0.018327785747116052,False,False,True,True,False,17345.0,
2014-11-04,NIY=F,-0.02333147536269839,False,False,True,True,False,16945.0,
2014-11-05,NIY=F,0.007642600397839167,False,False,True,True,False,17075.0,
2014-11-06,NIY=F,-0.007347571630394522,False,False,True,True,False,16950.0,
2014-11-07,NIY=F,-0.010080132787399134,False,False,True,True,False,16780.0,
2014-11-10,NIY=F,0.008604117759278482,False,False,True,True,False,16925.0,
2014-11-11,NIY=F,0.01786023174149958,False,False,True,True,False,17230.0,
2014-11-12,NIY=F,0.0017396351154435371,False,False,True,True,False,17260.0,
2014-11-13,NIY=F,0.008940218162682676,False,False,False,True,False,17415.0,
2014-12-12,NIY=F,-0.013982167783721395,False,False,True,True,False,17045.0,
2014-12-16,NIY=F,-0.008765357617008675,False,False,True,True,False,16470.0,
2014-12-17,NIY=F,0.03695295293795056,False,False,True,True,False,17090.0,
2014-12-18,NIY=F,0.02055957751123792,False,False,True,True,False,17445.0,
2014-12-19,NIY=F,0.009129877968278481,False,False,True,True,False,17605.0,
2014-12-23,NIY=F,0.004797525781387651,False,False,True,True,False,17760.0,
2014-12-24,NIY=F,-0.0014086493384389072,False,False,True,True,False,17735.0,
2014-12-26,NIY=F,0.005342343649463821,False,False,True,True,False,17830.0,
2014-12-29,NIY=F,-0.010146648495743229,False,False,True,True,False,17650.0,
2014-12-30,NIY=F,-0.022923639901936965,False,False,True,True,False,17250.0,
2014-12-31,NIY=F,-0.0017406444777839894,False,False,True,True,False,17220.0,
2015-01-02,NIY=F,0.0043459433895472075,False,False,True,True,False,17295.0,
2015-01-05,NIY=F,-0.017204098332915998,False,False,True,True,False,17000.0,
2015-01-06,NIY=F,-0.021403908663153493,False,False,True,True,False,16640.0,
2015-01-07,NIY=F,0.016686918785014736,False,False,True,True,False,16920.0,
2015-01-08,NIY=F,0.020184976663878373,False,False,True,True,False,17265.0,
2015-01-09,NIY=F,-0.025815455311164106,False,False,True,True,False,16825.0,
2015-01-12,NIY=F,-0.0017846524665354275,False,False,True,True,False,16795.0,
2015-01-13,NIY=F,0.003269433734114627,False,False,True,True,False,16850.0,
2015-01-14,NIY=F,-0.009840544595033439,False,False,True,True,False,16685.0,
2015-01-15,NIY=F,0.001497230403964937,False,False,True,True,False,16710.0,
2015-01-16,NIY=F,0.01632325900524479,False,False,True,True,False,16985.0,
2015-01-20,NIY=F,0.018375899891185977,False,False,True,True,False,17300.0,
2015-01-21,NIY=F,-0.002894358026364526,False,False,False,True,False,17250.0,
2015-01-23,NIY=F,-0.008623221011676126,False,False,True,True,False,17320.0,
2015-01-26,NIY=F,0.014615534562439476,False,False,True,True,False,17575.0,
2015-01-27,NIY=F,-0.001708428661550193,False,False,True,True,False,17545.0,
2015-01-28,NIY=F,-0.00600259055434491,False,False,True,True,False,17440.0,
2015-01-29,NIY=F,0.017337367617626193,False,False,True,True,False,17745.0,
2015-01-30,NIY=F,-0.01877188228049525,False,False,True,True,False,17415.0,
2015-02-02,NIY=F,0.0077220460939103185,False,False,True,True,False,17550.0,
2015-02-03,NIY=F,-0.0037105793965356015,False,False,True,True,False,17485.0,
2015-02-04,NIY=F,-0.0005720823954651958,False,False,True,True,False,17475.0,
2015-02-05,NIY=F,0.009681169007359396,False,False,True,True,False,17645.0,
2015-02-06,NIY=F,0.004523615290957725,False,False,True,True,False,17725.0,
2015-02-09,NIY=F,-0.013060946598539893,False,False,True,True,False,17495.0,
2015-02-10,NIY=F,0.01362496240593381,False,False,True,True,False,17735.0,
2015-02-11,NIY=F,0.01065629826009899,False,False,True,True,False,17925.0,
2015-02-12,NIY=F,-0.004753259333820738,False,False,False,True,False,17840.0,
2015-03-13,NIY=F,0.0005208333451071704,False,False,True,True,False,19205.0,
2015-03-16,NIY=F,0.006228932675617434,False,False,True,True,False,19325.0,
2015-03-17,NIY=F,0.0025839807659250678,False,False,True,True,False,19375.0,
2015-03-18,NIY=F,0.0007738940151497955,False,False,True,True,False,19390.0,
2015-03-19,NIY=F,-0.000515862791940303,False,False,True,True,False,19380.0,
2015-03-20,NIY=F,0.009756174945364656,False,False,True,True,False,19570.0,
2015-03-23,NIY=F,0.003570521518334907,False,False,True,True,False,19640.0,
2015-03-24,NIY=F,-0.001528662718064971,False,False,True,True,False,19610.0,
2015-03-25,NIY=F,-0.0071648208241465484,False,False,True,True,False,19470.0,
2015-03-26,NIY=F,-0.00851068966790862,False,False,True,True,False,19305.0,
2015-03-31,NIY=F,-0.01907274310098741,False,False,True,True,False,19215.0,
2015-04-01,NIY=F,-0.0018231545615151365,False,False,True,True,False,19180.0,
2015-04-02,NIY=F,0.008307420569856096,False,False,True,True,False,19340.0,
2015-04-06,NIY=F,0.012077751851718438,False,False,True,True,False,19575.0,
2015-04-07,NIY=F,0.01016527177685071,False,False,True,True,False,19775.0,
2015-04-08,NIY=F,0.004792542910007986,False,False,True,True,False,19870.0,
2015-04-09,NIY=F,0.010513238259802994,False,False,False,True,False,20080.0,
2015-04-14,NIY=F,0.002263297835254054,False,False,True,True,False,19905.0,
2015-04-15,NIY=F,-0.0025150918690656876,False,False,True,True,False,19855.0,
2015-04-16,NIY=F,-0.0017643356813728589,False,False,True,True,False,19820.0,
2015-04-17,NIY=F,-0.012949273239466184,False,False,True,True,False,19565.0,
2015-04-20,NIY=F,0.006622540760493457,False,False,True,True,False,19695.0,
2015-04-21,NIY=F,0.01536747713112185,False,False,True,True,False,20000.0,
2015-04-23,NIY=F,-0.0037114975180039963,False,False,True,True,False,20170.0,
2015-04-24,NIY=F,-0.00472109213329504,False,False,True,True,False,20075.0,
2015-04-27,NIY=F,-0.0004982561139452804,False,False,True,True,False,20065.0,
2015-04-28,NIY=F,-0.0037448552065713816,False,False,True,True,False,19990.0,
2015-04-29,NIY=F,-0.009297717438428681,False,False,True,True,False,19805.0,
2015-04-30,NIY=F,-0.02014603389296107,False,False,True,True,False,19410.0,
2015-05-01,NIY=F,0.015591370148671667,False,False,True,True,False,19715.0,
2015-05-04,NIY=F,0.0035443075077970575,False,False,True,True,False,19785.0,
2015-05-05,NIY=F,-0.021456761870672088,False,False,True,True,False,19365.0,
2015-05-06,NIY=F,-0.0012918229415672246,False,False,True,True,False,19340.0,
2015-05-07,NIY=F,0.0020661164374719087,False,False,False,True,False,19380.0,
2015-06-12,NIY=F,-0.007615808828054093,False,False,True,True,False,20275.0,
2015-06-15,NIY=F,0.000985950289384448,False,False,True,True,False,20295.0,
2015-06-16,NIY=F,-0.0029607719630321337,False,False,True,True,False,20235.0,
2015-06-17,NIY=F,-0.006445237978591545,False,False,True,True,False,20105.0,
2015-06-19,NIY=F,-0.000747849966301861,False,False,True,True,False,20050.0,
2015-06-23,NIY=F,0.018651382385605944,False,False,True,True,False,20835.0,
2015-06-24,NIY=F,-0.007467215234188392,False,False,True,True,False,20680.0,
2015-06-25,NIY=F,-0.0009675859487358597,False,False,True,True,False,20660.0,
2015-06-26,NIY=F,0.006753523015779703,False,False,True,True,False,20800.0,
2015-06-29,NIY=F,-0.03947074440849064,False,False,True,True,False,19995.0,
2015-07-01,NIY=F,0.017460175515160044,False,False,True,True,False,20510.0,
2015-07-02,NIY=F,-0.003663455068048651,False,False,True,True,False,20435.0,
2015-07-07,NIY=F,0.008125121641808427,False,False,True,True,False,20390.0,
2015-07-08,NIY=F,-0.058313048382105354,False,False,True,True,False,19235.0,
2015-07-09,NIY=F,0.019563043457257408,False,False,False,True,False,19615.0,
2015-07-10,NIY=F,0.021435696555148077,False,False,True,True,False,20040.0,
2015-07-13,NIY=F,0.01436735142359121,False,False,True,True,False,20330.0,
2015-07-14,NIY=F,0.00612972374110658,False,False,True,True,False,20455.0,
2015-07-15,NIY=F,0.0019536025749390938,False,False,True,True,False,20495.0,
2015-07-16,NIY=F,0.007049986657061064,False,False,True,True,False,20640.0,
2015-07-17,NIY=F,0.0014524330803148008,False,False,True,True,False,20670.0,
2015-07-20,NIY=F,0.003621880091154355,False,False,True,True,False,20745.0,
2015-07-21,NIY=F,-0.0033800128750762137,False,False,True,True,False,20675.0,
2015-07-22,NIY=F,-0.003876913021710985,False,False,True,True,False,20595.0,
2015-07-24,NIY=F,-0.009546027698236691,False,False,True,True,False,20330.0,
2015-07-27,NIY=F,-0.01038328240871678,False,False,True,True,False,20120.0,
2015-07-29,NIY=F,0.005159082810027423,False,False,True,True,False,20405.0,
2015-07-30,NIY=F,0.0056200514447997665,False,False,True,True,False,20520.0,
2015-07-31,NIY=F,0.0017042000472729968,False,False,True,True,False,20555.0,
2015-08-03,NIY=F,-0.004876868968479812,False,False,True,True,False,20455.0,
2015-08-04,NIY=F,0.0009772783577712827,False,False,True,True,False,20475.0,
2015-08-06,NIY=F,-0.005809747641321102,False,False,True,True,False,20595.0,
2015-08-07,NIY=F,0.00048543690273659837,False,False,True,True,False,20605.0,
2015-08-10,NIY=F,0.012059962858127871,False,False,True,True,False,20855.0,
2015-08-11,NIY=F,-0.013760023984042776,False,False,True,True,False,20570.0,
2015-08-12,NIY=F,-0.012228080954584676,False,False,True,True,False,20320.0,
2015-08-13,NIY=F,0.010281608320561152,False,False,False,True,False,20530.0,
2015-09-10,NIY=F,0.0,False,True,True,False,False,18215.0,
2015-09-11,NIY=F,-0.003574869749667324,False,False,True,True,False,18150.0,
2015-09-14,NIY=F,-0.012195273093818243,False,False,True,True,False,17930.0,
2015-09-15,NIY=F,0.014396704912989293,False,False,True,True,False,18190.0,
2015-09-16,NIY=F,0.011750374300953551,False,False,True,True,False,18405.0,
2015-09-17,NIY=F,-0.010102474999172217,False,False,True,True,False,18220.0,
2015-09-18,NIY=F,-0.02275979453024197,False,False,True,True,False,17810.0,
2015-09-21,NIY=F,0.011722154878621466,False,False,True,True,False,18020.0,
2015-09-22,NIY=F,-0.021029795052958485,False,False,True,True,False,17645.0,
2015-09-23,NIY=F,-0.0005668934392181183,False,False,True,True,False,17635.0,
2015-09-24,NIY=F,-0.009114275568141384,False,False,True,True,False,17475.0,
2015-10-01,NIY=F,0.007662872745569097,False,False,True,True,False,17685.0,
2015-10-05,NIY=F,0.026969163411344484,False,False,True,True,False,18415.0,
2015-10-06,NIY=F,-0.010371272002306805,False,False,True,True,False,18225.0,
2015-10-07,NIY=F,0.00955638672021801,False,False,True,True,False,18400.0,
2015-10-08,NIY=F,-0.0027210901143606132,False,False,True,True,False,18350.0,
2015-10-09,NIY=F,-0.001090512648965648,False,False,True,True,False,18330.0,
2015-10-12,NIY=F,0.0013629550971840352,False,False,True,True,False,18355.0,
2015-10-13,NIY=F,-0.014266359933091862,False,False,True,True,False,18095.0,
2015-10-14,NIY=F,-0.021223918698270432,False,False,False,True,False,17715.0,
2015-10-16,NIY=F,0.008201248811103495,False,False,True,True,False,18365.0,
2015-10-19,NIY=F,-0.005186308881715314,False,False,True,True,False,18270.0,
2015-10-20,NIY=F,-0.0032894766503987574,False,False,True,True,False,18210.0,
2015-10-22,NIY=F,0.022792245519203558,False,False,True,True,False,18860.0,
2015-10-23,NIY=F,0.01447584167235418,False,False,True,True,False,19135.0,
2015-10-26,NIY=F,-0.008396795595971927,False,False,True,True,False,18975.0,
2015-10-27,NIY=F,-0.006874696562594905,False,False,True,True,False,18845.0,
2015-10-28,NIY=F,0.01735972053422121,False,False,True,True,False,19175.0,
2015-10-29,NIY=F,-0.011012172112457579,False,False,True,True,False,18965.0,
2015-11-02,NIY=F,0.005547498046693443,False,False,True,True,False,18980.0,
2015-11-03,NIY=F,0.0023681105659676426,False,False,True,True,False,19025.0,
2015-11-04,NIY=F,0.0010506961828179284,False,False,False,True,False,19045.0,
2015-11-05,NIY=F,0.009146803611579001,False,False,False,True,False,19220.0,
2015-11-06,NIY=F,0.012152702894370416,False,False,False,True,False,19455.0,
2015-11-09,NIY=F,-0.0012858430471681995,False,False,False,True,False,19430.0,
2015-11-10,NIY=F,0.012530530914118147,False,False,True,True,False,19675.0,
2015-11-11,NIY=F,0.00025409732064049273,False,False,True,True,False,19680.0,
2015-11-12,NIY=F,-0.012012924016396776,False,False,False,True,False,19445.0,
2015-12-11,NIY=F,-0.020122468741443647,False,False,True,True,False,18695.0,
2015-12-14,NIY=F,0.005068704996296799,False,False,True,True,False,18790.0,
2015-12-16,NIY=F,0.024867136608874525,False,False,True,True,False,19340.0,
2015-12-17,NIY=F,-0.004664429291355043,False,False,True,True,False,19250.0,
2015-12-18,NIY=F,-0.023654190897889716,False,False,True,True,False,18800.0,
2015-12-22,NIY=F,0.0031746058407726395,False,False,True,True,False,18930.0,
2015-12-23,NIY=F,0.007892700798908983,False,False,True,True,False,19080.0,
2015-12-28,NIY=F,0.0031830265601211125,False,False,True,True,False,18880.0,
2015-12-29,NIY=F,0.012893218995244994,False,False,True,True,False,19125.0,
2015-12-30,NIY=F,-0.010248414491368107,False,False,True,True,False,18930.0,
2015-12-31,NIY=F,-0.007955491441114628,False,False,True,True,False,18780.0,
2016-01-04,NIY=F,-0.025618227207917364,False,False,True,True,False,18305.0,
2016-01-05,NIY=F,0.0059913033248291045,False,False,True,True,False,18415.0,
2016-01-06,NIY=F,-0.01946600190818922,False,False,True,True,False,18060.0,
2016-01-07,NIY=F,-0.0266532820628936,False,False,True,True,False,17585.0,
2016-01-08,NIY=F,-0.01778589627221223,False,False,True,True,False,17275.0,
2016-01-11,NIY=F,0.006347395806091191,False,False,True,True,False,17385.0,
2016-01-12,NIY=F,0.0,False,True,True,True,False,17385.0,
2016-01-13,NIY=F,-0.010407726210381012,False,False,True,True,False,17205.0,
2016-01-14,NIY=F,0.016429249781066895,False,False,True,True,False,17490.0,
2016-01-15,NIY=F,-0.040845817941061284,False,False,True,True,False,16790.0,
2016-01-19,NIY=F,0.013899380946126505,False,False,False,True,False,17025.0,
2016-01-21,NIY=F,0.006401485052040889,False,False,False,True,False,16455.0,
2016-01-22,NIY=F,0.04573243450441896,False,False,True,True,False,17225.0,
2016-01-25,NIY=F,-0.022901764286684455,False,False,True,True,False,16835.0,
2016-01-26,NIY=F,0.012690151116487997,False,False,True,True,False,17050.0,
2016-01-27,NIY=F,0.0,False,True,True,True,False,17050.0,
2016-01-28,NIY=F,0.0011723330768234912,False,False,True,True,False,17070.0,
2016-01-29,NIY=F,0.04440082013577438,False,False,True,True,False,17845.0,
2016-02-01,NIY=F,-0.00646523685600713,False,False,True,True,False,17730.0,
2016-02-02,NIY=F,-0.015345569674660421,False,False,True,True,False,17460.0,
2016-02-03,NIY=F,-0.027287614727615508,False,False,True,True,False,16990.0,
2016-02-04,NIY=F,-0.010948474506771623,False,False,True,True,False,16805.0,
2016-02-05,NIY=F,-0.015290359353997057,False,False,True,True,False,16550.0,
2016-02-08,NIY=F,-0.006060624611690958,False,False,True,True,False,16450.0,
2016-02-09,NIY=F,-0.020885280022497902,False,False,True,True,False,16110.0,
2016-02-10,NIY=F,-0.03634465434387233,False,False,True,True,False,15535.0,
2016-02-11,NIY=F,-0.022458226237329282,False,False,False,True,False,15190.0,
2016-03-11,NIY=F,0.026912758395971396,False,False,False,True,False,17135.0,
2016-03-15,NIY=F,-0.0172898079907763,False,False,True,True,False,16915.0,
2016-03-16,NIY=F,0.0002955519454053386,False,False,True,True,False,16920.0,
2016-03-17,NIY=F,-0.008308653139017057,False,False,True,True,False,16780.0,
2016-03-18,NIY=F,-0.0035820933825045516,False,False,True,True,False,16720.0,
2016-03-21,NIY=F,0.0068544449564822175,False,False,True,True,False,16835.0,
2016-03-22,NIY=F,0.010047365846121018,False,False,True,True,False,17005.0,
2016-03-23,NIY=F,-0.007970521901281835,False,False,True,True,False,16870.0,
2016-03-24,NIY=F,-0.0011862397595061973,False,False,True,True,False,16850.0,
2016-03-28,NIY=F,0.010625837876226282,False,False,True,True,False,17030.0,
2016-03-29,NIY=F,0.00410196883401733,False,False,True,True,False,17100.0,
2016-03-30,NIY=F,-0.0020488811499437642,False,False,True,True,False,17065.0,
2016-03-31,NIY=F,-0.01297570550015412,False,False,True,True,False,16845.0,
2016-04-01,NIY=F,-0.03657654212498435,False,False,True,True,False,16240.0,
2016-04-04,NIY=F,-0.004010494346567605,False,False,True,True,False,16175.0,
2016-04-05,NIY=F,-0.030443273642023046,False,False,True,True,False,15690.0,
2016-04-06,NIY=F,0.008251395594566517,False,False,True,True,False,15820.0,
2016-04-07,NIY=F,-0.01914544758443509,False,False,True,True,False,15520.0,
2016-04-08,NIY=F,0.01851313646630789,False,False,True,True,False,15810.0,
2016-04-11,NIY=F,-0.004119796668392716,False,False,True,True,False,15745.0,
2016-04-12,NIY=F,0.02229641743742924,False,False,True,True,False,16100.0,
2016-04-13,NIY=F,0.03268963748002278,False,False,True,True,False,16635.0,
2016-04-14,NIY=F,0.012248099343740704,False,False,True,True,False,16840.0,
2016-04-15,NIY=F,-0.011947573421118175,False,False,True,True,False,16640.0,
2016-04-18,NIY=F,0.002400961537538268,False,False,False,True,False,16680.0,
2016-04-21,NIY=F,0.0,False,True,True,True,False,17270.0,
2016-04-22,NIY=F,0.028822083530717423,False,False,True,True,False,17775.0,
2016-04-25,NIY=F,-0.016163686658793922,False,False,True,True,False,17490.0,
2016-04-26,NIY=F,0.001713796477734598,False,False,True,True,False,17520.0,
2016-04-27,NIY=F,0.0005706134248976597,False,False,True,True,False,17530.0,
2016-04-28,NIY=F,-0.07213528230022062,False,False,True,True,False,16310.0,
2016-04-29,NIY=F,-0.02577382227015645,False,False,True,True,False,15895.0,
2016-05-02,NIY=F,0.016843816814630316,False,False,True,True,False,16165.0,
2016-05-03,NIY=F,-0.012136448950475285,False,False,True,True,False,15970.0,
2016-05-04,NIY=F,-0.002821760768694041,False,False,False,True,False,15925.0,
2016-05-06,NIY=F,0.0021742515165809,False,False,False,True,False,16115.0,
2016-05-10,NIY=F,0.030492928559310337,False,False,True,True,False,16815.0,
2016-05-11,NIY=F,-0.021034429363905368,False,False,True,True,False,16465.0,
2016-05-12,NIY=F,0.0123737809343751,False,False,False,True,False,16670.0,
2016-06-10,NIY=F,-0.020037100229157542,False,False,False,True,False,16305.0,
2016-06-15,NIY=F,0.005685422768800323,False,False,True,True,False,15875.0,
2016-06-16,NIY=F,-0.01907848010523856,False,False,True,True,False,15575.0,
2016-06-17,NIY=F,-0.0009635459232712897,False,False,True,True,False,15560.0,
2016-06-20,NIY=F,0.01657144358926238,False,False,True,True,False,15820.0,
2016-06-21,NIY=F,0.019095900342328376,False,False,True,True,False,16125.0,
2016-06-22,NIY=F,-0.011539189319767232,False,False,True,True,False,15940.0,
2016-06-23,NIY=F,0.03483169194308735,False,False,True,True,False,16505.0,
2016-06-24,NIY=F,-0.08698383750489182,True,False,True,True,False,15130.0,
2016-06-27,NIY=F,0.002640265560176427,False,False,True,True,False,15170.0,
2016-06-28,NIY=F,0.025705010533130505,False,False,True,True,False,15565.0,
2016-06-29,NIY=F,0.011815561378070522,False,False,True,True,False,15750.0,
2016-06-30,NIY=F,0.0,False,True,True,True,False,15750.0,
2016-07-01,NIY=F,-0.011494379425735134,False,False,True,True,False,15570.0,
2016-07-05,NIY=F,-0.0077369825021524515,False,False,True,True,False,15450.0,
2016-07-06,NIY=F,-0.004866189651172899,False,False,True,True,False,15375.0,
2016-07-07,NIY=F,-0.00521683608971483,False,False,True,True,False,15295.0,
2016-07-08,NIY=F,0.001959504219408217,False,False,True,True,False,15325.0,
2016-07-11,NIY=F,0.04653484571920213,False,False,True,True,False,16055.0,
2016-07-12,NIY=F,0.02734005336505772,False,False,True,True,False,16500.0,
2016-07-13,NIY=F,-0.010356473924161136,False,False,True,True,False,16330.0,
2016-07-14,NIY=F,0.01156786111045819,False,False,True,True,False,16520.0,
2016-07-15,NIY=F,-0.003031223903283028,False,False,True,True,False,16470.0,
2016-07-18,NIY=F,0.007560900982389049,False,False,True,True,False,16595.0,
2016-07-19,NIY=F,0.0,False,True,True,True,False,16595.0,
2016-07-20,NIY=F,0.014655563642242684,False,False,True,True,False,16840.0,
2016-07-21,NIY=F,-0.017673067440605216,False,False,True,True,False,16545.0,
2016-07-22,NIY=F,0.0030175037983624017,False,False,True,True,False,16595.0,
2016-07-25,NIY=F,-0.003017503798362449,False,False,True,True,False,16545.0,
2016-07-26,NIY=F,-0.010633549990532001,False,False,True,True,False,16370.0,
2016-07-27,NIY=F,0.012445144688882765,False,False,True,True,False,16575.0,
2016-07-28,NIY=F,-0.001509434248854292,False,False,True,True,False,16550.0,
2016-07-29,NIY=F,-0.014914292581789404,False,False,True,True,False,16305.0,
2016-08-01,NIY=F,0.007941397874900223,False,False,True,True,False,16435.0,
2016-08-02,NIY=F,-0.021836943365362405,False,False,True,True,False,16080.0,
2016-08-03,NIY=F,-0.002178989189000157,False,False,True,True,False,16045.0,
2016-08-04,NIY=F,0.009922562031690592,False,False,True,True,False,16205.0,
2016-08-05,NIY=F,0.011656573703100784,False,False,True,True,False,16395.0,
2016-08-08,NIY=F,0.013630379130690477,False,False,True,True,False,16620.0,
2016-08-09,NIY=F,0.0027039223324009146,False,False,True,True,False,16665.0,
2016-08-10,NIY=F,0.0,False,True,True,True,False,16665.0,
2016-08-11,NIY=F,0.010743165098813115,False,False,False,True,False,16845.0,
2016-08-24,NIY=F,0.0,False,True,False,False,False,16540.0,
2016-09-09,NIY=F,-0.01572032966954853,False,False,True,True,False,16725.0,
2016-09-12,NIY=F,0.0002989089844405613,False,False,True,True,False,16730.0,
2016-09-13,NIY=F,-0.0074996601700226635,False,False,True,True,False,16605.0,
2016-09-14,NIY=F,-0.010290647712527157,False,False,True,True,False,16435.0,
2016-09-15,NIY=F,0.001823708712144834,False,False,True,True,False,16465.0,
2016-09-16,NIY=F,-0.009458499195405062,False,False,True,True,False,16310.0,
2016-09-19,NIY=F,0.00030651341236143277,False,False,True,True,False,16315.0,
2016-09-21,NIY=F,0.010309369658861287,False,False,True,True,False,16575.0,
2016-09-22,NIY=F,0.01586147274225441,False,False,True,True,False,16840.0,
2016-09-23,NIY=F,-0.011346792387727817,False,False,True,True,False,16650.0,
2016-09-26,NIY=F,-0.018182319083190474,False,False,True,True,False,16350.0,
2016-09-27,NIY=F,0.011251449090493809,False,False,True,True,False,16535.0,
2016-09-28,NIY=F,0.004525577191447326,False,False,True,True,False,16610.0,
2016-09-29,NIY=F,-0.0009034784532656254,False,False,True,True,False,16595.0,
2016-09-30,NIY=F,0.002106848032898461,False,False,True,True,False,16630.0,
2016-10-03,NIY=F,0.0027022985968511042,False,False,True,True,False,16675.0,
2016-10-04,NIY=F,0.00806335561883687,False,False,True,True,False,16810.0,
2016-10-05,NIY=F,0.012708904615051793,False,False,True,True,False,17025.0,
2016-10-06,NIY=F,-0.0002937288903479449,False,False,True,True,False,17020.0,
2016-10-07,NIY=F,-0.009445170571518646,False,False,True,True,False,16860.0,
2016-10-11,NIY=F,0.005913677790047707,False,False,True,True,False,16960.0,
2016-10-12,NIY=F,0.004705891037412714,False,False,True,True,False,17040.0,
2016-10-13,NIY=F,-0.011212864602798907,False,False,True,True,False,16850.0,
2016-10-14,NIY=F,0.0026670633678825078,False,False,True,True,False,16895.0,
2016-10-17,NIY=F,-0.0014808236083763094,False,False,True,True,False,16870.0,
2016-10-18,NIY=F,0.005910182688257994,False,False,True,True,False,16970.0,
2016-10-19,NIY=F,0.0023543271616353607,False,False,True,True,False,17010.0,
2016-10-20,NIY=F,0.01719407067953708,False,False,True,True,False,17305.0,
2016-10-21,NIY=F,-0.0017351074335739828,False,False,True,True,False,17275.0,
2016-10-24,NIY=F,0.0051963165423038185,False,False,True,True,False,17365.0,
2016-10-25,NIY=F,0.0005757052548184511,False,False,True,True,False,17375.0,
2016-10-26,NIY=F,0.0008629369153357313,False,False,True,True,False,17390.0,
2016-10-27,NIY=F,0.004875959753682335,False,False,True,True,False,17475.0,
2016-10-28,NIY=F,-0.002578428587944365,False,False,True,True,False,17430.0,
2016-10-31,NIY=F,-0.0005738881075728061,False,False,True,True,False,17420.0,
2016-11-01,NIY=F,-0.008937640582401101,False,False,True,True,False,17265.0,
2016-11-02,NIY=F,-0.013117809440786,False,False,True,True,False,17040.0,
2016-11-03,NIY=F,-0.002644338253090313,False,False,True,True,False,16995.0,
2016-11-04,NIY=F,-0.0067896939802683035,False,False,True,True,False,16880.0,
2016-11-07,NIY=F,0.026598089969175613,False,False,True,True,False,17335.0,
2016-11-08,NIY=F,0.0,False,True,True,True,False,17335.0,
2016-11-09,NIY=F,-0.005785379168158024,False,False,False,True,False,17235.0,
2016-12-12,NIY=F,-0.006266339042809091,False,False,True,True,False,19090.0,
2016-12-13,NIY=F,0.010940458173183681,False,False,True,True,False,19300.0,
2016-12-14,NIY=F,0.003362217055875746,False,False,True,True,False,19365.0,
2016-12-15,NIY=F,0.005150668095703451,False,False,True,True,False,19465.0,
2016-12-16,NIY=F,-0.006959687842179578,False,False,True,True,False,19330.0,
2016-12-19,NIY=F,0.003614772849042951,False,False,True,True,False,19400.0,
2016-12-20,NIY=F,0.008469189593093309,False,False,True,True,False,19565.0,
2016-12-21,NIY=F,-0.006666691358189345,False,False,True,True,False,19435.0,
2016-12-22,NIY=F,-0.0015447994833168992,False,False,True,True,False,19405.0,
2016-12-23,NIY=F,0.0010301314328415951,False,False,True,True,False,19425.0,
2016-12-27,NIY=F,-0.0005149330700804512,False,False,True,True,False,19415.0,
2016-12-28,NIY=F,-0.0033535437078398398,False,False,True,True,False,19350.0,
2016-12-29,NIY=F,-0.01562531790308087,False,False,True,True,False,19050.0,
2016-12-30,NIY=F,0.0007870917368170026,False,False,True,True,False,19065.0,
2017-01-03,NIY=F,0.014579794842949188,False,False,True,True,False,19345.0,
2017-01-04,NIY=F,0.015643350162794032,False,False,True,True,False,19650.0,
2017-01-05,NIY=F,-0.010487370707559587,False,False,True,True,False,19445.0,
2017-01-06,NIY=F,0.00819466813658433,False,False,True,True,False,19605.0,
2017-01-09,NIY=F,-0.007937565679839711,False,False,True,True,False,19450.0,
2017-01-10,NIY=F,-0.0054130819119789664,False,False,True,True,False,19345.0,
2017-01-11,NIY=F,0.000775093695954763,False,False,True,True,False,19360.0,
2017-01-12,NIY=F,-0.00881977182882237,False,False,True,True,False,19190.0,
2017-01-17,NIY=F,-0.024394428512891884,False,False,True,True,False,18720.0,
2017-01-18,NIY=F,0.015372685450891752,False,False,True,True,False,19010.0,
2017-01-19,NIY=F,0.001839443430229507,False,False,True,True,False,19045.0,
2017-01-20,NIY=F,0.004714518947098323,False,False,True,True,False,19135.0,
2017-01-23,NIY=F,-0.0126217820762133,False,False,True,True,False,18895.0,
2017-01-24,NIY=F,0.007382053033008313,False,False,True,True,False,19035.0,
2017-01-25,NIY=F,0.009151586946004656,False,False,True,True,False,19210.0,
2017-01-26,NIY=F,0.015239866178154518,False,False,True,True,False,19505.0,
2017-01-27,NIY=F,-0.001796023574511464,False,False,True,True,False,19470.0,
2017-01-30,NIY=F,-0.01526747213078842,False,False,True,True,False,19175.0,
2017-01-31,NIY=F,-0.010221554071538028,False,False,True,True,False,18980.0,
2017-02-01,NIY=F,0.009177984970830442,False,False,True,True,False,19155.0,
2017-02-02,NIY=F,-0.006021748789393026,False,False,True,True,False,19040.0,
2017-02-03,NIY=F,0.0005250722094907142,False,False,True,True,False,19050.0,
2017-02-06,NIY=F,-0.010288970862389583,False,False,True,True,False,18855.0,
2017-02-07,NIY=F,0.0050258008181148376,False,False,True,True,False,18950.0,
2017-02-08,NIY=F,-0.0005278437705031543,False,False,True,True,False,18940.0,
2017-02-09,NIY=F,0.011548684784782383,False,False,True,True,False,19160.0,
2017-03-10,NIY=F,0.005905781704956905,False,False,True,True,False,19530.0,
2017-03-13,NIY=F,0.004852518779884475,False,False,True,True,False,19625.0,
2017-03-14,NIY=F,-0.005620863035893884,False,False,True,True,False,19515.0,
2017-03-15,NIY=F,-0.00333633056812294,False,False,True,True,False,19450.0,
2017-03-16,NIY=F,-0.0012861738107441186,False,False,True,True,False,19425.0,
2017-03-17,NIY=F,-0.0023192897910910048,False,False,True,True,False,19380.0,
2017-03-20,NIY=F,-0.001290822433008724,False,False,True,True,False,19355.0,
2017-03-21,NIY=F,-0.01562124970378791,False,False,True,True,False,19055.0,
2017-03-22,NIY=F,-0.0028905551593831065,False,False,True,True,False,19000.0,
2017-03-23,NIY=F,-0.0007897854826748483,False,False,True,True,False,18985.0,
2017-03-24,NIY=F,0.010218875771526598,False,False,True,True,False,19180.0,
2017-03-27,NIY=F,-0.006013876145765063,False,False,True,True,False,19065.0,
2017-03-28,NIY=F,0.01069528911674795,False,False,True,True,False,19270.0,
2017-03-29,NIY=F,-0.0010384216924818263,False,False,True,True,False,19250.0,
2017-03-30,NIY=F,0.001038421692481704,False,False,True,True,False,19270.0,
2017-03-31,NIY=F,-0.011482380853565092,False,False,True,True,False,19050.0,
2017-04-03,NIY=F,0.0013114755978106555,False,False,True,True,False,19075.0,
2017-04-04,NIY=F,-0.004466052346326185,False,False,True,True,False,18990.0,
2017-04-05,NIY=F,-0.005544568659774295,False,False,True,True,False,18885.0,
2017-04-06,NIY=F,-0.00344782200718657,False,False,True,True,False,18820.0,
2017-04-07,NIY=F,0.0029181609778547862,False,False,True,True,False,18875.0,
2017-04-10,NIY=F,-0.0015906684159896426,False,False,True,True,False,18845.0,
2017-04-11,NIY=F,-0.006121110263101623,False,False,True,True,False,18730.0,
2017-04-12,NIY=F,-0.009117789097942646,False,False,True,True,False,18560.0,
2017-04-13,NIY=F,-0.006215396309415527,False,False,True,True,False,18445.0,
2017-04-17,NIY=F,0.005676458004805122,False,False,True,True,False,18550.0,
2017-04-18,NIY=F,-0.007847422222459708,False,False,True,True,False,18405.0,
2017-04-19,NIY=F,0.003254681473542088,False,False,True,True,False,18465.0,
2017-04-20,NIY=F,0.009700965326257496,False,False,True,True,False,18645.0,
2017-04-21,NIY=F,0.0021430493066630207,False,False,True,True,False,18685.0,
2017-04-24,NIY=F,0.013818981533116923,False,False,True,True,False,18945.0,
2017-04-25,NIY=F,0.01726887497882905,False,False,True,True,False,19275.0,
2017-04-26,NIY=F,-0.001297858715599952,False,False,True,True,False,19250.0,
2017-04-27,NIY=F,0.0031120357066298002,False,False,True,True,False,19310.0,
2017-04-28,NIY=F,-0.001036269522785335,False,False,True,True,False,19290.0,
2017-05-01,NIY=F,0.006716635945541249,False,False,True,True,False,19420.0,
2017-05-02,NIY=F,0.005904265643854949,False,False,True,True,False,19535.0,
2017-05-03,NIY=F,0.006886903893933848,False,False,True,True,False,19670.0,
2017-05-04,NIY=F,-0.0015263294746478359,False,False,True,True,False,19640.0,
2017-05-05,NIY=F,0.0071030232682461735,False,False,True,True,False,19780.0,
2017-05-08,NIY=F,0.010560822317742696,False,False,True,True,False,19990.0,
2017-05-09,NIY=F,0.0019990011654182696,False,False,True,True,False,20030.0,
2017-05-10,NIY=F,-0.0002496567233039827,False,False,True,True,False,20025.0,
2017-05-11,NIY=F,-0.004253728420730702,False,False,False,True,False,19940.0,
2017-05-22,NIY=F,0.0,False,True,False,False,False,19685.0,
2017-06-09,NIY=F,-0.005005015453023514,False,False,True,True,False,19930.0,
2017-06-12,NIY=F,-0.005534605322861383,False,False,True,True,False,19820.0,
2017-06-13,NIY=F,0.005283695774436802,False,False,True,True,False,19925.0,
2017-06-14,NIY=F,-0.003267566059252218,False,False,True,True,False,19860.0,
2017-06-15,NIY=F,0.0010065426114014722,False,False,True,True,False,19880.0,
2017-06-16,NIY=F,0.0025119329962754178,False,False,True,True,False,19930.0,
2017-06-19,NIY=F,0.010481753065712786,False,False,True,True,False,20140.0,
2017-06-20,NIY=F,0.0019841276350466854,False,False,True,True,False,20180.0,
2017-06-21,NIY=F,-0.0034748111409022365,False,False,True,True,False,20110.0,
2017-06-22,NIY=F,0.0,False,True,True,True,False,20110.0,
2017-06-23,NIY=F,-0.0002486634353232889,False,False,True,True,False,20105.0,
2017-06-26,NIY=F,0.004466508666138778,False,False,True,True,False,20195.0,
2017-06-27,NIY=F,-0.001982652446247113,False,False,True,True,False,20155.0,
2017-06-28,NIY=F,0.0032198170231962455,False,False,True,True,False,20220.0,
2017-06-29,NIY=F,-0.011690221429038535,False,False,True,True,False,19985.0,
2017-06-30,NIY=F,0.004493267669538441,False,False,True,True,False,20075.0,
2017-07-03,NIY=F,0.003977136736303841,False,False,True,True,False,20155.0,
2017-07-05,NIY=F,-0.003977136736303697,False,False,True,True,False,20075.0,
2017-07-06,NIY=F,-0.009006815953933423,False,False,True,True,False,19895.0,
2017-07-07,NIY=F,0.006513049075530911,False,False,True,True,False,20025.0,
2017-07-10,NIY=F,0.0017462895793666025,False,False,True,True,False,20060.0,
2017-07-11,NIY=F,0.003235040770837704,False,False,True,True,False,20125.0,
2017-07-12,NIY=F,0.000993295338683629,False,False,True,True,False,20145.0,
2017-07-13,NIY=F,-0.0012417734117721225,False,False,True,True,False,20120.0,
2017-07-14,NIY=F,-0.004483195553811601,False,False,True,True,False,20030.0,
2017-07-17,NIY=F,-0.0002496567233039827,False,False,True,True,False,20025.0,
2017-07-18,NIY=F,-0.0032512220711049655,False,False,True,True,False,19960.0,
2017-07-19,NIY=F,0.002251971425880506,False,False,True,True,False,20005.0,
2017-07-20,NIY=F,0.003742052514330086,False,False,True,True,False,20080.0,
2017-07-21,NIY=F,-0.005493147395804593,False,False,True,True,False,19970.0,
2017-07-24,NIY=F,-0.0017541665944054837,False,False,True,True,False,19935.0,
2017-07-25,NIY=F,0.005752172919259911,False,False,True,True,False,20050.0,
2017-07-26,NIY=F,-0.0029970052402695105,False,False,True,True,False,19990.0,
2017-07-27,NIY=F,0.0014996253747658356,False,False,True,True,False,20020.0,
2017-07-28,NIY=F,-0.003502630551202112,False,False,True,True,False,19950.0,
2017-07-31,NIY=F,-0.00175592670226492,False,False,True,True,False,19915.0,
2017-08-01,NIY=F,0.004009025665174074,False,False,True,True,False,19995.0,
2017-08-02,NIY=F,0.002746911453796414,False,False,True,True,False,20050.0,
2017-08-03,NIY=F,-0.00525066839520824,False,False,True,True,False,19945.0,
2017-08-04,NIY=F,0.0035035070871670846,False,False,True,True,False,20015.0,
2017-08-07,NIY=F,0.0012482837721271582,False,False,True,True,False,20040.0,
2017-08-08,NIY=F,-0.005755051540385326,False,False,True,True,False,19925.0,
2017-08-09,NIY=F,-0.009074929937666048,False,False,True,True,False,19745.0,
2017-08-10,NIY=F,-0.0204663065861364,False,False,False,True,False,19345.0,
2017-09-08,NIY=F,-0.008794676447921215,False,False,True,True,False,19245.0,
2017-09-11,NIY=F,0.020571566274713723,False,False,True,True,False,19645.0,
2017-09-12,NIY=F,0.00886867589141876,False,False,True,True,False,19820.0,
2017-09-13,NIY=F,0.0010085729548847497,False,False,True,True,False,19840.0,
2017-09-14,NIY=F,-0.0005041593250221109,False,False,True,True,False,19830.0,
2017-09-15,NIY=F,0.005281038301613786,False,False,True,True,False,19935.0,
2017-09-18,NIY=F,0.0074962869779272865,False,False,True,True,False,20085.0,
2017-09-19,NIY=F,0.00793458167287888,False,False,True,True,False,20245.0,
2017-09-20,NIY=F,0.006646178310454342,False,False,True,True,False,20380.0,
2017-09-21,NIY=F,-0.000981836112256813,False,False,True,True,False,20360.0,
2017-09-22,NIY=F,-0.003197641391460985,False,False,True,True,False,20295.0,
2017-09-25,NIY=F,-0.0009859502893843897,False,False,True,True,False,20275.0,
2017-09-26,NIY=F,0.0029549393577112774,False,False,True,True,False,20335.0,
2017-09-27,NIY=F,0.007349371639646651,False,False,True,True,False,20485.0,
2017-09-28,NIY=F,-0.002933270252767807,False,False,True,True,False,20425.0,
2017-09-29,NIY=F,0.0009787130705389627,False,False,True,True,False,20445.0,
2017-10-02,NIY=F,0.005852247865781671,False,False,True,True,False,20565.0,
2017-10-03,NIY=F,0.009919036205633506,False,False,True,True,False,20770.0,
2017-10-04,NIY=F,-0.00048157959033300323,False,False,True,True,False,20760.0,
2017-10-05,NIY=F,0.0016845148971870918,False,False,True,True,False,20795.0,
2017-10-06,NIY=F,-0.001925391689872905,False,False,True,True,False,20755.0,
2017-10-09,NIY=F,0.0014443911995986585,False,False,True,True,False,20785.0,
2017-10-10,NIY=F,0.00599594073594152,False,False,True,True,False,20910.0,
2017-10-11,NIY=F,0.006197874428966801,False,False,True,True,False,21040.0,
2017-10-12,NIY=F,0.0016621160184099664,False,False,True,True,False,21075.0,
2017-10-13,NIY=F,0.009915095392196444,False,False,True,True,False,21285.0,
2017-10-16,NIY=F,0.004453306316783569,False,False,True,True,False,21380.0,
2017-10-17,NIY=F,0.0016357054704350484,False,False,True,True,False,21415.0,
2017-10-18,NIY=F,0.0037287388809106132,False,False,True,True,False,21495.0,
2017-10-19,NIY=F,-0.0053644443513456985,False,False,True,True,False,21380.0,
2017-10-20,NIY=F,0.01023740909322009,False,False,True,True,False,21600.0,
2017-10-23,NIY=F,0.004388504560194654,False,False,True,True,False,21695.0,
2017-10-24,NIY=F,0.011685320270866339,False,False,True,True,False,21950.0,
2017-10-25,NIY=F,-0.008923523348536883,False,False,True,True,False,21755.0,
2017-10-26,NIY=F,0.006643020649811797,False,False,True,True,False,21900.0,
2017-10-27,NIY=F,0.008864701760248249,False,False,True,True,False,22095.0,
2017-10-30,NIY=F,-0.007039883735619147,False,False,True,True,False,21940.0,
2017-10-31,NIY=F,0.014255247620733425,False,False,True,True,False,22255.0,
2017-11-01,NIY=F,0.014276396835231372,False,False,True,True,False,22575.0,
2017-11-02,NIY=F,0.0013280214435193206,False,False,True,True,False,22605.0,
2017-11-03,NIY=F,0.0019887311824744805,False,False,True,True,False,22650.0,
2017-11-06,NIY=F,-0.0011043623430532139,False,False,True,True,False,22625.0,
2017-11-07,NIY=F,0.012518006879414333,False,False,True,True,False,22910.0,
2017-11-08,NIY=F,0.0034858423096859386,False,False,True,True,False,22990.0,
2017-11-09,NIY=F,-0.012914702866661269,False,False,False,True,False,22695.0,
2017-12-11,NIY=F,0.003060780701743153,False,False,True,True,False,22905.0,
2017-12-12,NIY=F,-0.002841842550895983,False,False,True,True,False,22840.0,
2017-12-13,NIY=F,-0.008353532858766425,False,False,True,True,False,22650.0,
2017-12-14,NIY=F,-0.004646540055995479,False,False,True,True,False,22545.0,
2017-12-15,NIY=F,0.005529152646390195,False,False,True,True,False,22670.0,
2017-12-18,NIY=F,0.012057583327359305,False,False,True,True,False,22945.0,
2017-12-19,NIY=F,-0.008534902449837444,False,False,True,True,False,22750.0,
2017-12-20,NIY=F,0.002633890899337187,False,False,True,True,False,22810.0,
2017-12-21,NIY=F,-0.001535593150274639,False,False,True,True,False,22775.0,
2017-12-22,NIY=F,0.0017547712333438026,False,False,True,True,False,22815.0,
2017-12-26,NIY=F,0.0017516974043419278,False,False,True,True,False,22855.0,
2017-12-27,NIY=F,0.0019669987764861746,False,False,True,True,False,22900.0,
2017-12-28,NIY=F,-0.005473467414171931,False,False,True,True,False,22775.0,
2017-12-29,NIY=F,-0.003959530030094799,False,False,True,True,False,22685.0,
2018-01-02,NIY=F,0.005495123180369481,False,False,True,True,False,22810.0,
2018-01-03,NIY=F,0.014579738186937153,False,False,True,True,False,23145.0,
2018-01-04,NIY=F,0.020315036285982392,False,False,True,True,False,23620.0,
2018-01-05,NIY=F,0.006330470602886335,False,False,True,True,False,23770.0,
2018-01-08,NIY=F,0.006708620548179377,False,False,True,True,False,23930.0,
2018-01-09,NIY=F,-0.004607337993127898,False,False,True,True,False,23820.0,
2018-01-10,NIY=F,-0.00927885189558969,False,False,True,True,False,23600.0,
2018-01-11,NIY=F,0.007177569340538085,False,False,True,True,False,23770.0,
2018-01-12,NIY=F,0.0016813791266687963,False,False,True,True,False,23810.0,
2018-01-16,NIY=F,-0.003576316002779898,False,False,True,True,False,23725.0,
2018-01-17,NIY=F,0.013605652055778678,False,False,True,True,False,24050.0,
2018-01-18,NIY=F,-0.009819362298946503,False,False,True,True,False,23815.0,
2018-01-19,NIY=F,0.00041981528744219107,False,False,True,True,False,23825.0,
2018-01-22,NIY=F,0.004606373304206612,False,False,True,True,False,23935.0,
2018-01-23,NIY=F,0.002712007503473377,False,False,True,True,False,24000.0,
2018-01-24,NIY=F,-0.011313759900273404,False,False,True,True,False,23730.0,
2018-01-25,NIY=F,-0.005705245269321304,False,False,True,True,False,23595.0,
2018-01-26,NIY=F,0.005072934151194143,False,False,True,True,False,23715.0,
2018-01-29,NIY=F,-0.008044073858101703,False,False,False,True,False,23525.0,
2018-01-31,NIY=F,0.003015294121759736,False,False,True,True,False,23250.0,
2018-02-01,NIY=F,0.0010746911297653593,False,False,True,True,False,23275.0,
2018-02-02,NIY=F,-0.014061886656576646,False,False,True,True,False,22950.0,
2018-02-05,NIY=F,-0.07016068663777406,True,False,True,True,False,21395.0,
2018-02-06,NIY=F,0.038510374093879515,False,False,True,True,False,22235.0,
2018-02-07,NIY=F,-0.01884064355773501,False,False,True,True,False,21820.0,
2018-02-08,NIY=F,-0.02906167560032429,False,False,False,True,False,21195.0,
2018-02-21,NIY=F,0.0,False,True,False,False,False,21855.0,
2018-03-09,NIY=F,0.008275909303859661,False,False,True,True,False,21840.0,
2018-03-13,NIY=F,0.00299229133386041,False,False,True,True,False,21755.0,
2018-03-14,NIY=F,-0.002531355626229576,False,False,True,True,False,21700.0,
2018-03-15,NIY=F,0.004827040748315944,False,False,True,True,False,21805.0,
2018-03-16,NIY=F,-0.011067671194923263,False,False,True,True,False,21565.0,
2018-03-19,NIY=F,-0.013303965626362815,False,False,True,True,False,21280.0,
2018-03-20,NIY=F,0.008423072729108702,False,False,True,True,False,21460.0,
2018-03-21,NIY=F,-0.007014291092026674,False,False,True,True,False,21310.0,
2018-03-22,NIY=F,-0.012751058241016635,False,False,True,True,False,21040.0,
2018-03-23,NIY=F,-0.0323621576307947,False,False,True,True,False,20370.0,
2018-03-26,NIY=F,0.024728532775723434,False,False,True,True,False,20880.0,
2018-03-27,NIY=F,0.001674841879723764,False,False,True,True,False,20915.0,
2018-03-28,NIY=F,0.01589029047626399,False,False,True,True,False,21250.0,
2018-03-29,NIY=F,0.010765374270238073,False,False,True,True,False,21480.0,
2018-04-02,NIY=F,-0.021172279926055488,False,False,True,True,False,21030.0,
2018-04-03,NIY=F,0.02117227992605562,False,False,True,True,False,21480.0,
2018-04-04,NIY=F,0.002557248865409913,False,False,True,True,False,21535.0,
2018-04-05,NIY=F,0.014750209809203869,False,False,True,True,False,21855.0,
2018-04-06,NIY=F,-0.020571625713686426,False,False,True,True,False,21410.0,
2018-04-09,NIY=F,0.008603703811073,False,False,True,True,False,21595.0,
2018-04-10,NIY=F,0.010365173992260278,False,False,True,True,False,21820.0,
2018-04-11,NIY=F,-0.00851460672807666,False,False,True,True,False,21635.0,
2018-04-12,NIY=F,0.008743728048817767,False,False,True,True,False,21825.0,
2018-04-13,NIY=F,-0.0045924305742101506,False,False,True,True,False,21725.0,
2018-04-16,NIY=F,0.0025284463533586906,False,False,True,True,False,21780.0,
2018-04-17,NIY=F,0.003666365243578053,False,False,True,True,False,21860.0,
2018-04-18,NIY=F,0.012049708145600805,False,False,True,True,False,22125.0,
2018-04-19,NIY=F,-0.0009043636157867089,False,False,True,True,False,22105.0,
2018-04-20,NIY=F,-0.0027180084683055966,False,False,True,True,False,22045.0,
2018-04-23,NIY=F,0.005203043069182148,False,False,True,True,False,22160.0,
2018-04-24,NIY=F,-0.005429877594369288,False,False,True,True,False,22040.0,
2018-04-25,NIY=F,0.010156954488951946,False,False,True,True,False,22265.0,
2018-04-26,NIY=F,0.006268209464440637,False,False,True,True,False,22405.0,
2018-04-27,NIY=F,0.0011152002940105837,False,False,True,True,False,22430.0,
2018-04-30,NIY=F,-0.00022294058725709013,False,False,True,True,False,22425.0,
2018-05-01,NIY=F,0.0048932481977517935,False,False,True,True,False,22535.0,
2018-05-02,NIY=F,-0.004893248197751809,False,False,True,True,False,22425.0,
2018-05-03,NIY=F,-0.0033500868852819744,False,False,True,True,False,22350.0,
2018-05-04,NIY=F,0.005354765137659867,False,False,True,True,False,22470.0,
2018-05-07,NIY=F,-0.0002225436751145697,False,False,True,True,False,22465.0,
2018-05-08,NIY=F,0.0011122234491009741,False,False,True,True,False,22490.0,
2018-05-09,NIY=F,-0.000667185613540291,False,False,True,True,False,22475.0,
2018-05-10,NIY=F,0.001778173395850987,False,False,False,True,False,22515.0,
2018-06-08,NIY=F,-0.0035265630553653294,False,False,True,True,False,22645.0,
2018-06-11,NIY=F,0.0127250510409582,False,False,True,True,False,22935.0,
2018-06-12,NIY=F,-0.005903592088740212,False,False,True,True,False,22800.0,
2018-06-13,NIY=F,0.00021927420326858636,False,False,True,True,False,22805.0,
2018-06-14,NIY=F,0.0017524648515711576,False,False,True,True,False,22845.0,
2018-06-15,NIY=F,-0.0026298502993889806,False,False,True,True,False,22785.0,
2018-06-18,NIY=F,-0.0046189458562945285,False,False,True,True,False,22680.0,
2018-06-19,NIY=F,-0.020040750883446153,False,False,True,True,False,22230.0,
2018-06-20,NIY=F,0.01207258123426924,False,False,True,True,False,22500.0,
2018-06-21,NIY=F,-0.004231160972268115,False,False,True,True,False,22405.0,
2018-06-22,NIY=F,0.004897605515428588,False,False,True,True,False,22515.0,
2018-06-25,NIY=F,-0.01521622555789173,False,False,True,True,False,22175.0,
2018-06-26,NIY=F,0.0065176093174671,False,False,True,True,False,22320.0,
2018-06-27,NIY=F,-0.007645641021965575,False,False,True,True,False,22150.0,
2018-06-28,NIY=F,0.005851918567938585,False,False,True,True,False,22280.0,
2018-06-29,NIY=F,-0.0020217910964234567,False,False,True,True,False,22235.0,
2018-07-02,NIY=F,-0.01655178927398326,False,False,True,True,False,21870.0,
2018-07-03,NIY=F,-0.007342850798476025,False,False,True,True,False,21710.0,
2018-07-05,NIY=F,-0.0011522066028708876,False,False,True,True,False,21685.0,
2018-07-06,NIY=F,0.004371340217484808,False,False,True,True,False,21780.0,
2018-07-09,NIY=F,0.019775618883057445,False,False,True,True,False,22215.0,
2018-07-10,NIY=F,0.0,False,True,True,True,False,22215.0,
2018-07-11,NIY=F,-0.007908752103158076,False,False,True,True,False,22040.0,
2018-07-12,NIY=F,0.013967336774864201,False,False,True,True,False,22350.0,
2018-07-13,NIY=F,0.008243335083033794,False,False,True,True,False,22535.0,
2018-07-16,NIY=F,-0.0008879023890766542,False,False,True,True,False,22515.0,
2018-07-17,NIY=F,0.013455590680394657,False,False,True,True,False,22820.0,
2018-07-18,NIY=F,0.00021908204710256702,False,False,True,True,False,22825.0,
2018-07-19,NIY=F,-0.005491501993675121,False,False,True,True,False,22700.0,
2018-07-20,NIY=F,-0.007739120992955384,False,False,True,True,False,22525.0,
2018-07-23,NIY=F,-0.0024447172971638156,False,False,True,True,False,22470.0,
2018-07-24,NIY=F,0.0035539797514495216,False,False,True,True,False,22550.0,
2018-07-25,NIY=F,0.0033204236373025474,False,False,True,True,False,22625.0,
2018-07-26,NIY=F,0.00022097005945619227,False,False,True,True,False,22630.0,
2018-07-27,NIY=F,0.0002209212424758985,False,False,True,True,False,22635.0,
2018-07-30,NIY=F,-0.0068713558624316,False,False,True,True,False,22480.0,
2018-07-31,NIY=F,0.0062084456624841335,False,False,True,True,False,22620.0,
2018-08-01,NIY=F,0.0008837826470076939,False,False,True,True,False,22640.0,
2018-08-02,NIY=F,-0.0015471325884137226,False,False,True,True,False,22605.0,
2018-08-03,NIY=F,-0.001549529917124116,False,False,True,True,False,22570.0,
2018-08-06,NIY=F,-0.0008865248807570016,False,False,True,True,False,22550.0,
2018-08-07,NIY=F,0.006629858538669582,False,False,True,True,False,22700.0,
2018-08-08,NIY=F,-0.005521825184307861,False,False,True,True,False,22575.0,
2018-08-09,NIY=F,-0.00044306602408459526,False,False,False,True,False,22565.0,
2018-09-14,NIY=F,0.009102793674162,False,False,True,True,False,23175.0,
2018-09-17,NIY=F,-0.001295336968684982,False,False,True,True,False,23145.0,
2018-09-18,NIY=F,0.027696700089839984,False,False,True,True,False,23795.0,
2018-09-19,NIY=F,-0.004211419153522167,False,False,True,True,False,23695.0,
2018-09-20,NIY=F,0.004421525257877477,False,False,True,True,False,23800.0,
2018-09-21,NIY=F,0.0018889710727586512,False,False,True,True,False,23845.0,
2018-09-24,NIY=F,-0.0010489878230336628,False,False,True,True,False,23820.0,
2018-09-25,NIY=F,0.006068868684440656,False,False,True,True,False,23965.0,
2018-09-26,NIY=F,-0.0033437857696693957,False,False,True,True,False,23885.0,
2018-09-27,NIY=F,0.004594828468283688,False,False,True,True,False,23995.0,
2018-09-28,NIY=F,0.004781216882870875,False,False,True,True,False,24110.0,
2018-10-01,NIY=F,0.011341496968936342,False,False,True,True,False,24385.0,
2018-10-02,NIY=F,-0.005964027960902225,False,False,True,True,False,24240.0,
2018-10-03,NIY=F,0.0018547145965944988,False,False,True,True,False,24285.0,
2018-10-04,NIY=F,-0.021644965731735414,False,False,True,True,False,23765.0,
2018-10-05,NIY=F,-0.005908436686166283,False,False,True,True,False,23625.0,
2018-10-08,NIY=F,-0.0012706482014556528,False,False,True,True,False,23595.0,
2018-10-09,NIY=F,-0.004034404028237576,False,False,True,True,False,23500.0,
2018-10-10,NIY=F,-0.0308979964342674,False,False,True,True,False,22785.0,
2018-10-11,NIY=F,-0.012587115505471367,False,False,True,True,False,22500.0,
2018-10-12,NIY=F,0.0006664445431604468,False,False,True,True,False,22515.0,
2018-10-15,NIY=F,-0.012289284371153309,False,False,True,True,False,22240.0,
2018-10-16,NIY=F,0.028370697129215566,False,False,True,True,False,22880.0,
2018-10-17,NIY=F,-0.000874508144932509,False,False,True,True,False,22860.0,
2018-10-18,NIY=F,-0.024801979900591502,False,False,True,True,False,22300.0,
2018-10-19,NIY=F,0.006481193767822309,False,False,True,True,False,22445.0,
2018-10-22,NIY=F,0.00022274195436780556,False,False,True,True,False,22450.0,
2018-10-23,NIY=F,-0.012776145991246492,False,False,True,True,False,22165.0,
2018-10-24,NIY=F,-0.035357218328236684,False,False,True,True,False,21395.0,
2018-10-25,NIY=F,0.009072994657935724,False,False,True,True,False,21590.0,
2018-10-26,NIY=F,-0.015638082715962513,False,False,True,True,False,21255.0,
2018-10-29,NIY=F,-0.010879955951741661,False,False,True,True,False,21025.0,
2018-10-30,NIY=F,0.028831248119268914,False,False,True,True,False,21640.0,
2018-10-31,NIY=F,0.006907694978247656,False,False,True,True,False,21790.0,
2018-11-01,NIY=F,-0.0006886262179620515,False,False,True,True,False,21775.0,
2018-11-02,NIY=F,0.010279930619749272,False,False,True,True,False,22000.0,
2018-11-05,NIY=F,0.0006815858494013448,False,False,True,True,False,22015.0,
2018-11-06,NIY=F,0.01241410819006044,False,False,True,True,False,22290.0,
2018-11-07,NIY=F,0.012483443431666826,False,False,True,True,False,22570.0,
2018-11-08,NIY=F,-0.004885641519147151,False,False,False,True,False,22460.0,
2018-12-17,NIY=F,-0.008018910894208817,False,False,True,True,False,21115.0,
2018-12-18,NIY=F,-0.005223183764561498,False,False,True,True,False,21005.0,
2018-12-20,NIY=F,-0.012664562841321772,False,False,True,True,False,20400.0,
2018-12-21,NIY=F,-0.02758281461514202,False,False,True,True,False,19845.0,
2018-12-24,NIY=F,-0.027846990324188855,False,False,True,True,False,19300.0,
2018-12-31,NIY=F,-0.004768486887328211,False,False,True,True,False,19875.0,
2019-01-02,NIY=F,0.0,False,True,True,True,False,19875.0,
2019-01-03,NIY=F,-0.022387096236209086,False,False,True,True,False,19435.0,
2019-01-07,NIY=F,0.0022285511266138666,False,False,True,True,False,20215.0,
2019-01-14,NIY=F,-0.008919781637065586,False,False,True,True,False,20090.0,
2019-01-17,NIY=F,0.00024393218806154123,False,False,True,True,False,20500.0,
2019-01-22,NIY=F,-0.022717264994177103,False,False,True,True,False,20455.0,
2019-01-25,NIY=F,0.010638398205055797,False,False,True,True,False,20790.0,
2019-01-28,NIY=F,-0.009423773981877489,False,False,True,True,False,20595.0,
2019-01-30,NIY=F,0.005791521979588825,False,False,True,True,False,20780.0,
2019-02-01,NIY=F,-0.00048007682151036995,False,False,True,True,False,20825.0,
2019-02-04,NIY=F,0.004073325387635869,False,False,True,True,False,20910.0,
2019-02-05,NIY=F,0.0021497679364926646,False,False,True,True,False,20955.0,
2019-02-06,NIY=F,-0.003585518362596885,False,False,True,True,False,20880.0,
2019-02-07,NIY=F,-0.015201161332050553,False,False,False,True,False,20565.0,
2019-03-05,NIY=F,0.0,False,True,False,False,False,21685.0,
2019-03-13,NIY=F,0.0016433857437300632,False,False,True,True,False,21315.0,
2019-03-19,NIY=F,-0.0006993822408868116,False,False,True,True,False,21440.0,
2019-03-21,NIY=F,0.010500621511068889,False,False,True,True,False,21540.0,
2019-03-27,NIY=F,-0.004470069788825424,False,False,True,True,False,21205.0,
2019-03-28,NIY=F,0.0,False,True,False,False,False,21205.0,
2019-03-29,NIY=F,0.002825525779042861,False,False,True,True,False,21265.0,
2019-04-02,NIY=F,-0.004636076917478545,False,False,True,True,False,21520.0,
2019-04-03,NIY=F,0.011779787444982844,False,False,True,True,False,21775.0,
2019-04-04,NIY=F,0.00045913683083884587,False,False,True,True,False,21785.0,
2019-04-05,NIY=F,0.00297926197219383,False,False,True,True,False,21850.0,
2019-04-12,NIY=F,0.013257337026195604,False,False,True,True,False,22020.0,
2019-04-17,NIY=F,0.0011239744917125002,False,False,True,True,False,22255.0,
2019-04-18,NIY=F,-0.0008990785051579235,False,False,True,True,False,22235.0,
2019-04-22,NIY=F,0.0,False,True,True,True,False,22235.0,
2019-04-23,NIY=F,0.004263441889406734,False,False,True,True,False,22330.0,
2019-04-24,NIY=F,-0.005613577108000873,False,False,True,True,False,22205.0,
2019-04-25,NIY=F,-0.00045045045806705046,False,False,True,True,False,22195.0,
2019-04-26,NIY=F,0.005840088476564286,False,False,True,True,False,22325.0,
2019-04-29,NIY=F,0.0026839649303661384,False,False,True,True,False,22385.0,
2019-04-30,NIY=F,-0.0013410820069848517,False,False,True,True,False,22355.0,
2019-05-01,NIY=F,-0.0069577208077102,False,False,True,True,False,22200.0,
2019-05-02,NIY=F,0.003372684478639156,False,False,True,True,False,22275.0,
2019-05-03,NIY=F,0.008938607000810924,False,False,True,True,False,22475.0,
2019-05-06,NIY=F,-0.01186094245134788,False,False,True,True,False,22210.0,
2019-05-07,NIY=F,-0.025075396333491554,False,False,True,True,False,21660.0,
2019-05-08,NIY=F,-0.005555569844601994,False,False,True,True,False,21540.0,
2019-05-09,NIY=F,-0.010031578350499688,False,False,False,True,False,21325.0,
2019-06-14,NIY=F,-0.002137006630677316,False,False,True,True,False,21035.0,
2019-06-17,NIY=F,0.0030853234395366654,False,False,True,True,False,21100.0,
2019-06-18,NIY=F,0.007083854888405042,False,False,True,True,False,21250.0,
2019-06-19,NIY=F,0.003523198007316878,False,False,True,True,False,21325.0,
2019-06-20,NIY=F,0.0074749238492156506,False,False,True,True,False,21485.0,
2019-06-21,NIY=F,-0.011939741511793668,False,False,True,True,False,21230.0,
2019-06-24,NIY=F,-0.0004711425293276228,False,False,True,True,False,21220.0,
2019-06-25,NIY=F,-0.004960444799930193,False,False,True,True,False,21115.0,
2019-06-26,NIY=F,0.0011832920561847804,False,False,True,True,False,21140.0,
2019-06-27,NIY=F,0.005895548263505336,False,False,True,True,False,21265.0,
2019-06-28,NIY=F,0.005159486117227061,False,False,True,True,False,21375.0,
2019-07-01,NIY=F,0.01485980442749017,False,False,True,True,False,21695.0,
2019-07-02,NIY=F,0.002072062442749296,False,False,True,True,False,21740.0,
2019-07-03,NIY=F,0.00022996435653836105,False,False,True,True,False,21745.0,
2019-07-05,NIY=F,-0.002302026799287751,False,False,True,True,False,21695.0,
2019-07-08,NIY=F,-0.003925648731519458,False,False,True,True,False,21610.0,
2019-07-09,NIY=F,-0.0030123994509932877,False,False,True,True,False,21545.0,
2019-07-10,NIY=F,-0.0006964596915296267,False,False,True,True,False,21530.0,
2019-07-11,NIY=F,0.004633928588695735,False,False,True,True,False,21630.0,
2019-07-15,NIY=F,0.0006942034294758922,False,False,True,True,False,21615.0,
2019-07-16,NIY=F,-0.006265248478931154,False,False,True,True,False,21480.0,
2019-07-17,NIY=F,-0.0063047494307385,False,False,True,True,False,21345.0,
2019-07-18,NIY=F,-0.007760180036664935,False,False,True,True,False,21180.0,
2019-07-19,NIY=F,0.004945259106855332,False,False,True,True,False,21285.0,
2019-07-22,NIY=F,0.00702250076982468,False,False,True,True,False,21435.0,
2019-07-23,NIY=F,0.013438571101515357,False,False,True,True,False,21725.0,
2019-07-24,NIY=F,0.002757988417949615,False,False,True,True,False,21785.0,
2019-07-25,NIY=F,-0.007140419604438033,False,False,True,True,False,21630.0,
2019-07-26,NIY=F,0.0018475755833003565,False,False,True,True,False,21670.0,
2019-07-29,NIY=F,0.0,False,True,True,True,False,21670.0,
2019-07-30,NIY=F,-0.00671376523447322,False,False,True,True,False,21525.0,
2019-07-31,NIY=F,-0.007226980982738231,False,False,True,True,False,21370.0,
2019-08-01,NIY=F,-0.013426182132533118,False,False,True,True,False,21085.0,
2019-08-02,NIY=F,-0.007378350740614788,False,False,True,True,False,20930.0,
2019-08-05,NIY=F,-0.0315483577349259,False,False,True,True,False,20280.0,
2019-08-06,NIY=F,0.018322242125745347,False,False,True,True,False,20655.0,
2019-08-07,NIY=F,-0.0014534886279831975,False,False,True,True,False,20625.0,
2019-08-08,NIY=F,0.007487053450336612,False,False,False,True,False,20780.0,
2019-09-13,NIY=F,0.007297637859655504,False,False,True,True,False,22005.0,
2019-09-16,NIY=F,-0.005468229620196126,False,False,True,True,False,21885.0,
2019-09-18,NIY=F,0.0011349450769966357,False,False,True,True,False,22040.0,
2019-09-19,NIY=F,0.0022660331473121627,False,False,True,True,False,22090.0,
2019-09-20,NIY=F,-0.0054471310355070045,False,False,True,True,False,21970.0,
2019-09-23,NIY=F,-0.0004552697551890114,False,False,True,True,False,21960.0,
2019-09-24,NIY=F,-0.005479465764625596,False,False,True,True,False,21840.0,
2019-09-25,NIY=F,0.009569451016150672,False,False,True,True,False,22050.0,
2019-09-26,NIY=F,0.004976259986228169,False,False,True,True,False,22160.0,
2019-09-27,NIY=F,-0.01936499743832772,False,False,True,True,False,21735.0,
2019-09-30,NIY=F,0.008019289166619797,False,False,True,True,False,21910.0,
2019-10-01,NIY=F,-0.011014338059107438,False,False,True,True,False,21670.0,
2019-10-02,NIY=F,-0.01464291125483782,False,False,True,True,False,21355.0,
2019-10-03,NIY=F,0.0,False,True,True,True,False,21355.0,
2019-10-04,NIY=F,0.00862576743481276,False,False,True,True,False,21540.0,
2019-10-07,NIY=F,-0.00209132177999761,False,False,True,True,False,21495.0,
2019-10-08,NIY=F,-0.007705817464985686,False,False,True,True,False,21330.0,
2019-10-09,NIY=F,0.01165242734672943,False,False,True,True,False,21580.0,
2019-10-10,NIY=F,0.005545300716425369,False,False,True,True,False,21700.0,
2019-10-11,NIY=F,0.01600034134644112,False,False,True,True,False,22050.0,
2019-10-14,NIY=F,-0.0020429016298002933,False,False,True,True,False,22005.0,
2019-10-15,NIY=F,0.023134103008434874,False,False,True,True,False,22520.0,
2019-10-16,NIY=F,0.0002220002229119188,False,False,True,True,False,22525.0,
2019-10-17,NIY=F,-0.0013327412012659923,False,False,True,True,False,22495.0,
2019-10-18,NIY=F,-0.0013345197710123468,False,False,True,True,False,22465.0,
2019-10-21,NIY=F,0.009304453479077025,False,False,True,True,False,22675.0,
2019-10-22,NIY=F,0.0,False,True,True,True,False,22675.0,
2019-10-23,NIY=F,0.003961272785545043,False,False,True,True,False,22765.0,
2019-10-24,NIY=F,0.0013169448786593623,False,False,True,True,False,22795.0,
2019-10-25,NIY=F,0.0010961307685249113,False,False,True,True,False,22820.0,
2019-10-28,NIY=F,0.005898433267255771,False,False,True,True,False,22955.0,
2019-10-29,NIY=F,-0.0010896808313723063,False,False,True,True,False,22930.0,
2019-10-30,NIY=F,-0.0004362050232742043,False,False,True,True,False,22920.0,
2019-10-31,NIY=F,-0.009424727296624415,False,False,True,True,False,22705.0,
2019-11-01,NIY=F,0.010514883296882358,False,False,True,True,False,22945.0,
2019-11-04,NIY=F,0.008462673918733728,False,False,True,True,False,23140.0,
2019-11-05,NIY=F,0.007319731282135173,False,False,True,True,False,23310.0,
2019-11-06,NIY=F,-0.00021452322296148412,False,False,True,True,False,23305.0,
2019-11-07,NIY=F,0.010882428958681668,False,False,False,True,False,23560.0,
2019-12-13,NIY=F,0.0056621730387792805,False,False,True,True,False,23910.0,
2019-12-16,NIY=F,0.0066694703247472,False,False,True,True,False,24070.0,
2019-12-17,NIY=F,-0.0016632020466030857,False,False,True,True,False,24030.0,
2019-12-18,NIY=F,-0.005424590810912612,False,False,True,True,False,23900.0,
2019-12-19,NIY=F,-0.0033528950103109906,False,False,True,True,False,23820.0,
2019-12-23,NIY=F,0.00041955108649819196,False,False,True,True,False,23840.0,
2019-12-24,NIY=F,-0.0012591816983775614,False,False,True,True,False,23810.0,
2019-12-26,NIY=F,0.007739814811437527,False,False,True,True,False,23995.0,
2019-12-27,NIY=F,-0.010052440671324242,False,False,True,True,False,23755.0,
2019-12-30,NIY=F,-0.015698243461035138,False,False,True,True,False,23385.0,
2019-12-31,NIY=F,0.0008548835741843839,False,False,True,True,False,23405.0,
2020-01-02,NIY=F,0.01125874877385857,False,False,True,True,False,23670.0,
2020-01-03,NIY=F,-0.016828600362761837,False,False,True,True,False,23275.0,
2020-01-06,NIY=F,0.0036453347968955613,False,False,True,True,False,23360.0,
2020-01-07,NIY=F,0.001283422636061313,False,False,True,True,False,23390.0,
2020-01-08,NIY=F,0.007241778187298307,False,False,True,True,False,23560.0,
2020-01-09,NIY=F,0.009294532479249738,False,False,True,True,False,23780.0,
2020-01-10,NIY=F,-0.004636467736743238,False,False,True,True,False,23670.0,
2020-01-13,NIY=F,0.01113339931857969,False,False,True,True,False,23935.0,
2020-01-14,NIY=F,0.0018783267548958588,False,False,True,True,False,23980.0,
2020-01-15,NIY=F,-0.002087247679086279,False,False,True,True,False,23930.0,
2020-01-16,NIY=F,0.004170147828095479,False,False,True,True,False,24030.0,
2020-01-17,NIY=F,-0.00041623309654010014,False,False,True,True,False,24020.0,
2020-01-21,NIY=F,-0.010462535279734978,False,False,True,True,False,23770.0,
2020-01-22,NIY=F,0.0031502703780850543,False,False,True,True,False,23845.0,
2020-01-23,NIY=F,-0.0018889710727586857,False,False,True,True,False,23800.0,
2020-01-24,NIY=F,-0.006533904581589885,False,False,True,True,False,23645.0,
2020-01-27,NIY=F,-0.025269010437170242,False,False,True,True,False,23055.0,
2020-01-28,NIY=F,0.012500162764231468,False,False,False,True,False,23345.0,
2020-01-31,NIY=F,-0.021768382416794865,False,False,True,True,False,22720.0,
2020-02-03,NIY=F,0.00701757265864654,False,False,True,True,False,22880.0,
2020-02-04,NIY=F,0.02204541408449051,False,False,True,True,False,23390.0,
2020-02-05,NIY=F,0.012955474823463861,False,False,True,True,False,23695.0,
2020-02-06,NIY=F,0.009659881919466257,False,False,True,True,False,23925.0,
2020-02-07,NIY=F,-0.010293127323213051,False,False,True,True,False,23680.0,
2020-02-10,NIY=F,0.0008442381252804908,False,False,True,True,False,23700.0,
2020-02-11,NIY=F,0.00840341079637938,False,False,True,True,False,23900.0,
2020-02-12,NIY=F,0.0027159736741296367,False,False,True,True,False,23965.0,
2020-02-13,NIY=F,-0.00901190213094444,False,False,False,True,False,23750.0,
2020-03-09,NIY=F,-0.07916611369444225,True,False,False,False,False,18875.0,
2020-03-12,NIY=F,-0.11634915676898536,True,False,True,False,False,17060.0,
2020-03-13,NIY=F,0.05806981290049735,False,False,True,True,False,18080.0,
2020-03-16,NIY=F,-0.09235547844033602,True,False,True,True,False,16485.0,
2020-03-17,NIY=F,0.04883349266442344,False,False,True,True,False,17310.0,
2020-03-18,NIY=F,-0.033782034524827934,False,False,True,True,False,16735.0,
2020-03-19,NIY=F,0.025661340246094226,False,False,True,True,False,17170.0,
2020-03-20,NIY=F,0.0023269353140638245,False,False,True,True,False,17210.0,
2020-03-23,NIY=F,0.014994513922517064,False,False,True,True,False,17470.0,
2020-03-24,NIY=F,0.09129526187884293,True,False,True,True,False,19140.0,
2020-03-25,NIY=F,-0.0007840063122086455,False,False,True,True,False,19125.0,
2020-03-26,NIY=F,0.007812539736793625,False,False,True,True,False,19275.0,
2020-03-27,NIY=F,-0.014896394625198622,False,False,True,True,False,18990.0,
2020-03-30,NIY=F,0.0083901908024604,False,False,True,True,False,19150.0,
2020-03-31,NIY=F,-0.024046607197577976,False,False,True,True,False,18695.0,
2020-04-01,NIY=F,-0.061209842503131225,False,False,True,True,False,17585.0,
2020-04-02,NIY=F,0.02831303348125802,False,False,True,True,False,18090.0,
2020-04-03,NIY=F,-0.02122984761246161,False,False,True,True,False,17710.0,
2020-04-06,NIY=F,0.06741059267582188,False,False,True,True,False,18945.0,
2020-04-07,NIY=F,0.002635742169024829,False,False,False,True,False,18995.0,
2020-04-09,NIY=F,0.01810238209230543,False,False,True,True,False,19510.0,
2020-04-13,NIY=F,-0.018624439008364795,False,False,True,True,False,19150.0,
2020-04-15,NIY=F,-0.011322817830264776,False,False,True,True,False,19320.0,
2020-04-16,NIY=F,-0.007272759329079809,False,False,True,True,False,19180.0,
2020-04-17,NIY=F,0.022936194213180074,False,False,True,True,False,19625.0,
2020-04-21,NIY=F,-0.01433996675502535,False,False,True,True,False,19040.0,
2020-04-22,NIY=F,0.012785562296971925,False,False,True,True,False,19285.0,
2020-04-24,NIY=F,0.002060794134788216,False,False,True,True,False,19430.0,
2020-04-28,NIY=F,0.008542765520888462,False,False,True,True,False,19985.0,
2020-04-29,NIY=F,0.0212879326082523,False,False,True,True,False,20415.0,
2020-04-30,NIY=F,-0.022038777343815232,False,False,True,True,False,19970.0,
2020-05-01,NIY=F,-0.023303992792704006,False,False,True,True,False,19510.0,
2020-05-04,NIY=F,-0.006169685380459389,False,False,True,True,False,19390.0,
2020-05-05,NIY=F,0.007962029990357744,False,False,True,True,False,19545.0,
2020-05-06,NIY=F,-0.009510417396487161,False,False,True,True,False,19360.0,
2020-05-07,NIY=F,0.02297777886202868,False,False,False,True,False,19810.0,
2020-06-12,NIY=F,0.022319304988033202,False,False,True,True,False,22200.0,
2020-06-15,NIY=F,-0.010869672236903879,False,False,True,True,False,21960.0,
2020-06-16,NIY=F,0.02050776096607295,False,False,True,True,False,22415.0,
2020-06-17,NIY=F,0.003118042615267912,False,False,True,True,False,22485.0,
2020-06-18,NIY=F,-0.004680717338891521,False,False,True,True,False,22380.0,
2020-06-19,NIY=F,-0.0024605761212164504,False,False,True,True,False,22325.0,
2020-06-22,NIY=F,0.011357431958953109,False,False,True,True,False,22580.0,
2020-06-23,NIY=F,-0.0019949025789043626,False,False,True,True,False,22535.0,
2020-06-25,NIY=F,0.009612234510285173,False,False,True,True,False,22475.0,
2020-06-26,NIY=F,-0.008489773959164776,False,False,True,True,False,22285.0,
2020-06-29,NIY=F,0.0031362032874249204,False,False,True,True,False,22355.0,
2020-07-01,NIY=F,-0.004040409537004974,False,False,True,True,False,22230.0,
2020-07-02,NIY=F,0.005159854409309609,False,False,True,True,False,22345.0,
2020-07-06,NIY=F,0.015101330730512471,False,False,True,True,False,22685.0,
2020-07-07,NIY=F,-0.009522826918689418,False,False,True,True,False,22470.0,
2020-07-08,NIY=F,0.001556420547658158,False,False,True,True,False,22505.0,
2020-07-09,NIY=F,-0.0055698038611168245,False,False,True,True,False,22380.0,
2020-07-10,NIY=F,0.008010723746078979,False,False,True,True,False,22560.0,
2020-07-13,NIY=F,0.0,False,True,True,True,False,22560.0,
2020-07-14,NIY=F,0.006406737920056211,False,False,True,True,False,22705.0,
2020-07-15,NIY=F,0.007678001961682723,False,False,True,True,False,22880.0,
2020-07-16,NIY=F,-0.006797526448054615,False,False,True,True,False,22725.0,
2020-07-17,NIY=F,-0.002202644062342183,False,False,True,True,False,22675.0,
2020-07-20,NIY=F,0.00527821766420442,False,False,True,True,False,22795.0,
2020-07-21,NIY=F,-0.004396577756975826,False,False,True,True,False,22695.0,
2020-07-22,NIY=F,0.0022007051135385213,False,False,True,True,False,22745.0,
2020-07-23,NIY=F,-0.009497586577814365,False,False,True,True,False,22530.0,
2020-07-24,NIY=F,-0.008916688592086582,False,False,True,True,False,22330.0,
2020-07-27,NIY=F,0.015993232939683872,False,False,True,True,False,22690.0,
2020-07-28,NIY=F,-0.007520495520260733,False,False,True,True,False,22520.0,
2020-07-29,NIY=F,0.0008877053401405918,False,False,True,True,False,22540.0,
2020-07-30,NIY=F,-0.013848780635525018,False,False,True,True,False,22230.0,
2020-07-31,NIY=F,-0.014271394105332682,False,False,True,True,False,21915.0,
2020-08-03,NIY=F,0.022112814367333946,False,False,True,True,False,22405.0,
2020-08-04,NIY=F,0.004008914055029157,False,False,True,True,False,22495.0,
2020-08-05,NIY=F,-0.0011119760958977602,False,False,True,True,False,22470.0,
2020-08-06,NIY=F,-0.0011132139633423363,False,False,True,True,False,22445.0,
2020-08-07,NIY=F,0.000445434305805824,False,False,True,True,False,22455.0,
2020-08-10,NIY=F,0.0028904967317882036,False,False,True,True,False,22520.0,
2020-08-11,NIY=F,0.00796112121586742,False,False,True,True,False,22700.0,
2020-08-12,NIY=F,0.022433696984528007,False,False,True,True,False,23215.0,
2020-08-13,NIY=F,-0.0008618832681780677,False,False,False,True,False,23195.0,
2020-09-14,NIY=F,0.004488625683139659,False,False,True,True,False,23445.0,
2020-09-15,NIY=F,0.0012787725527770174,False,False,True,True,False,23475.0,
2020-09-16,NIY=F,-0.0012787725527769762,False,False,True,True,False,23445.0,
2020-09-17,NIY=F,-0.004488625683139711,False,False,True,True,False,23340.0,
2020-09-18,NIY=F,-0.004508864321468241,False,False,True,True,False,23235.0,
2020-09-21,NIY=F,-0.012341826030387536,False,False,True,True,False,22950.0,
2020-09-22,NIY=F,0.0032626456348163694,False,False,True,True,False,23025.0,
2020-09-23,NIY=F,0.008218039330514536,False,False,True,True,False,23215.0,
2020-09-24,NIY=F,-0.0021561026032733657,False,False,True,True,False,23165.0,
2020-09-25,NIY=F,0.005596226400148483,False,False,True,True,False,23295.0,
2020-09-28,NIY=F,0.011099366883244394,False,False,True,True,False,23555.0,
2020-09-29,NIY=F,-0.0046808596104547925,False,False,True,True,False,23445.0,
2020-09-30,NIY=F,-0.007277429378418873,False,False,True,True,False,23275.0,
2020-10-01,NIY=F,-0.0021505384632285844,False,False,True,True,False,23225.0,
2020-10-02,NIY=F,-0.0019394467882965305,False,False,True,True,False,23180.0,
2020-10-05,NIY=F,0.010300520257965738,False,False,True,True,False,23420.0,
2020-10-06,NIY=F,-0.005566274273321663,False,False,True,True,False,23290.0,
2020-10-07,NIY=F,0.009827039134176487,False,False,True,True,False,23520.0,
2020-10-08,NIY=F,0.005089069507471228,False,False,True,True,False,23640.0,
2020-10-09,NIY=F,-0.0038143720754706774,False,False,True,True,False,23550.0,
2020-10-12,NIY=F,0.00148509627379835,False,False,True,True,False,23585.0,
2020-10-13,NIY=F,-0.0036104955861116653,False,False,True,True,False,23500.0,
2020-10-14,NIY=F,0.0012757815891577394,False,False,True,True,False,23530.0,
2020-10-15,NIY=F,-0.0021272077793754616,False,False,True,True,False,23480.0,
2020-10-16,NIY=F,-0.00021296986556913568,False,False,True,True,False,23475.0,
2020-10-19,NIY=F,0.00021296986556914845,False,False,True,True,False,23480.0,
2020-10-20,NIY=F,0.004249900149329117,False,False,True,True,False,23580.0,
2020-10-21,NIY=F,-0.0016977932770942247,False,False,True,True,False,23540.0,
2020-10-22,NIY=F,0.0010614585435634947,False,False,True,True,False,23565.0,
2020-10-23,NIY=F,-0.0019114373452680396,False,False,True,True,False,23520.0,
2020-10-26,NIY=F,-0.0019150979360995752,False,False,True,True,False,23475.0,
2020-10-27,NIY=F,-0.00042607584794562473,False,False,True,True,False,23465.0,
2020-10-28,NIY=F,-0.002773926882725208,False,False,True,True,False,23400.0,
2020-10-29,NIY=F,-0.003639092103371549,False,False,True,True,False,23315.0,
2020-10-30,NIY=F,-0.015343358808918553,False,False,True,True,False,22960.0,
2020-11-02,NIY=F,0.0140558049829749,False,False,True,True,False,23285.0,
2020-11-03,NIY=F,0.0,False,True,True,True,False,23285.0,
2020-11-04,NIY=F,0.017032559941374592,False,False,True,True,False,23685.0,
2020-11-05,NIY=F,0.01716241371658092,False,False,True,True,False,24095.0,
2020-11-06,NIY=F,0.00929470700567018,False,False,False,True,False,24320.0,
2020-11-10,NIY=F,0.0028146379659328637,False,False,True,True,False,24905.0,
2020-11-11,NIY=F,0.01771014351194553,False,False,True,True,False,25350.0,
2020-11-12,NIY=F,0.0066837284393970395,False,False,False,True,False,25520.0,
2020-12-11,NIY=F,-0.003563060497148804,False,False,True,True,False,26615.0,
2020-12-14,NIY=F,0.0031885987814831186,False,False,True,True,False,26700.0,
2020-12-15,NIY=F,-0.0016868151314795138,False,False,True,True,False,26655.0,
2020-12-16,NIY=F,0.002622706636384587,False,False,True,True,False,26725.0,
2020-12-17,NIY=F,0.0018691594227035718,False,False,True,True,False,26775.0,
2020-12-18,NIY=F,-0.0014950479331175726,False,False,True,True,False,26735.0,
2020-12-21,NIY=F,-0.0016846049842621541,False,False,True,True,False,26690.0,
2020-12-22,NIY=F,-0.010356932800153627,False,False,True,True,False,26415.0,
2020-12-23,NIY=F,0.0034013638234902605,False,False,True,True,False,26505.0,
2020-12-24,NIY=F,0.005643355834954989,False,False,True,True,False,26655.0,
2020-12-28,NIY=F,0.0069165618287567905,False,False,True,True,False,26840.0,
2020-12-29,NIY=F,0.026290695231717516,False,False,True,True,False,27555.0,
2020-12-30,NIY=F,-0.004364436824259908,False,False,True,True,False,27435.0,
2020-12-31,NIY=F,0.0,False,True,True,True,False,27435.0,
2021-01-04,NIY=F,-0.006582579994694486,False,False,True,True,False,27255.0,
2021-01-05,NIY=F,-0.0036757990294355946,False,False,True,True,False,27155.0,
2021-01-06,NIY=F,-0.003689360392110014,False,False,True,True,False,27055.0,
2021-01-07,NIY=F,0.01595047108245578,False,False,True,True,False,27490.0,
2021-01-08,NIY=F,0.021591338938998037,False,False,True,True,False,28090.0,
2021-01-11,NIY=F,0.00017798344800926263,False,False,True,True,False,28095.0,
2021-01-12,NIY=F,0.0008894423783026991,False,False,True,True,False,28120.0,
2021-01-13,NIY=F,0.010436107806620765,False,False,True,True,False,28415.0,
2021-01-14,NIY=F,0.008410773254615995,False,False,True,True,False,28655.0,
2021-01-15,NIY=F,-0.006125861459925745,False,False,True,True,False,28480.0,
2021-01-19,NIY=F,0.00420463128203187,False,False,True,True,False,28600.0,
2021-01-20,NIY=F,-0.0038535693159899662,False,False,True,True,False,28490.0,
2021-01-21,NIY=F,0.008214675225002407,False,False,True,True,False,28725.0,
2021-01-22,NIY=F,-0.0043611059090124206,False,False,True,True,False,28600.0,
2021-01-25,NIY=F,0.006795043132828808,False,False,True,True,False,28795.0,
2021-01-26,NIY=F,-0.009596165412540538,False,False,True,True,False,28520.0,
2021-01-27,NIY=F,0.003150711515923711,False,False,True,True,False,28610.0,
2021-01-29,NIY=F,-0.018990180135943724,False,False,True,True,False,27645.0,
2021-02-01,NIY=F,0.015434620834610665,False,False,True,True,False,28075.0,
2021-02-02,NIY=F,0.009747529549254263,False,False,True,True,False,28350.0,
2021-02-03,NIY=F,0.010002715672059589,False,False,True,True,False,28635.0,
2021-02-04,NIY=F,-0.010708432003395437,False,False,True,True,False,28330.0,
2021-02-05,NIY=F,0.015411863721031394,False,False,True,True,False,28770.0,
2021-02-08,NIY=F,0.021151162501157252,False,False,True,True,False,29385.0,
2021-02-09,NIY=F,0.004075400444518264,False,False,True,True,False,29505.0,
2021-02-10,NIY=F,0.0018623555708689823,False,False,True,True,False,29560.0,
2021-02-11,NIY=F,0.00016913319279214804,False,False,False,True,False,29565.0,
2021-03-12,NIY=F,0.013229500953986145,False,False,True,True,False,29675.0,
2021-03-15,NIY=F,0.0018516965142744688,False,False,True,True,False,29730.0,
2021-03-16,NIY=F,0.005200045266211172,False,False,True,True,False,29885.0,
2021-03-17,NIY=F,-0.00016732201160091928,False,False,True,True,False,29880.0,
2021-03-18,NIY=F,0.010155751983772828,False,False,True,True,False,30185.0,
2021-03-19,NIY=F,-0.01417990228349839,False,False,True,True,False,29760.0,
2021-03-22,NIY=F,-0.020710297168389742,False,False,True,True,False,29150.0,
2021-03-23,NIY=F,-0.006194101015242373,False,False,True,True,False,28970.0,
2021-03-24,NIY=F,-0.02039997515856949,False,False,True,True,False,28385.0,
2021-03-25,NIY=F,0.011384657510282977,False,False,True,True,False,28710.0,
2021-03-26,NIY=F,0.015380930541146781,False,False,True,True,False,29155.0,
2021-03-29,NIY=F,0.007347320536409492,False,False,True,True,False,29370.0,
2021-03-30,NIY=F,0.0017009699627626973,False,False,True,True,False,29420.0,
2021-03-31,NIY=F,-0.008705354967690487,False,False,True,True,False,29165.0,
2021-04-01,NIY=F,0.007344810540130324,False,False,True,True,False,29380.0,
2021-04-05,NIY=F,0.023712537926583732,False,False,True,True,False,30085.0,
2021-04-06,NIY=F,-0.013048027204491523,False,False,True,True,False,29695.0,
2021-04-07,NIY=F,0.0011779555421827645,False,False,True,True,False,29730.0,
2021-04-08,NIY=F,-0.0006729475354900407,False,False,True,True,False,29710.0,
2021-04-09,NIY=F,0.00016827934410762824,False,False,True,True,False,29715.0,
2021-04-12,NIY=F,-0.007600745991439058,False,False,True,True,False,29490.0,
2021-04-13,NIY=F,0.007264158980519931,False,False,True,True,False,29705.0,
2021-04-14,NIY=F,-0.004385971943254329,False,False,True,True,False,29575.0,
2021-04-15,NIY=F,0.0008449514655643136,False,False,True,True,False,29600.0,
2021-04-16,NIY=F,0.0013504390978715467,False,False,True,True,False,29640.0,
2021-04-19,NIY=F,0.0003373250158482963,False,False,True,True,False,29650.0,
2021-04-20,NIY=F,-0.019927424290420603,False,False,True,True,False,29065.0,
2021-04-21,NIY=F,-0.02050819182006808,False,False,True,True,False,28475.0,
2021-04-22,NIY=F,0.023599915340873506,False,False,False,True,False,29155.0,
2021-04-26,NIY=F,0.003787231243882765,False,False,False,True,False,29100.0,
2021-04-27,NIY=F,-0.004649969628859357,False,False,False,True,False,28965.0,
2021-04-28,NIY=F,0.0022415734879511554,False,False,False,True,False,29030.0,
2021-04-29,NIY=F,0.0,False,True,False,True,False,29030.0,
2021-04-30,NIY=F,-0.00812801707790288,False,False,False,True,False,28795.0,
2021-05-03,NIY=F,0.0,False,True,False,True,False,28795.0,
2021-05-04,NIY=F,0.00017362618326452952,False,False,False,True,False,28800.0,
2021-05-05,NIY=F,0.012251037532219112,False,False,False,True,False,29155.0,
2021-05-06,NIY=F,0.005643452344331459,False,False,False,True,False,29320.0,
2021-05-07,NIY=F,0.0010226692556547948,False,False,False,True,False,29350.0,
2021-05-10,NIY=F,0.0056060624185472275,False,False,False,True,False,29515.0,
2021-05-11,NIY=F,-0.03131708097216057,False,False,False,True,False,28605.0,
2021-05-12,NIY=F,-0.01621180880450221,False,False,False,True,False,28145.0,
2021-05-13,NIY=F,-0.025003550960450215,False,False,False,True,False,27450.0,
2021-06-11,NIY=F,-0.002418798691375989,False,False,True,True,False,28905.0,
2021-06-14,NIY=F,0.007582321351425259,False,False,True,True,False,29125.0,
2021-06-15,NIY=F,0.009567816026054552,False,False,True,True,False,29405.0,
2021-06-16,NIY=F,-0.005114228671719849,False,False,True,True,False,29255.0,
2021-06-17,NIY=F,-0.0092720444485032,False,False,True,True,False,28985.0,
2021-06-18,NIY=F,-0.0017265197658940855,False,False,True,True,False,28935.0,
2021-06-21,NIY=F,-0.03338328268247917,False,False,True,True,False,27985.0,
2021-06-22,NIY=F,0.03078790100240196,False,False,True,True,False,28860.0,
2021-06-23,NIY=F,-0.0003465603916161989,False,False,True,True,False,28850.0,
2021-06-24,NIY=F,0.00017329520882108685,False,False,True,True,False,28855.0,
2021-06-25,NIY=F,0.006563063281566039,False,False,True,True,False,29045.0,
2021-06-28,NIY=F,-0.000344352620482682,False,False,True,True,False,29035.0,
2021-06-29,NIY=F,-0.008126611682112893,False,False,False,True,False,28800.0,
2021-07-01,NIY=F,-0.0029578098988958875,False,False,True,True,False,28695.0,
2021-07-02,NIY=F,0.002784063047620464,False,False,True,True,False,28775.0,
2021-07-06,NIY=F,-0.004702612515501441,False,False,True,True,False,28640.0,
2021-07-07,NIY=F,-0.009648351313914387,False,False,True,True,False,28365.0,
2021-07-08,NIY=F,-0.008674923836066306,False,False,True,True,False,28120.0,
2021-07-09,NIY=F,-0.008212865303066563,False,False,True,True,False,27890.0,
2021-07-12,NIY=F,0.02233739390669763,False,False,True,True,False,28520.0,
2021-07-13,NIY=F,0.005420067469339113,False,False,True,True,False,28675.0,
2021-07-14,NIY=F,-0.003843470839008535,False,False,True,True,False,28565.0,
2021-07-15,NIY=F,-0.01161984905162581,False,False,True,True,False,28235.0,
2021-07-16,NIY=F,-0.00960861485124873,False,False,True,True,False,27965.0,
2021-07-19,NIY=F,-0.012413580292405196,False,False,True,True,False,27620.0,
2021-07-20,NIY=F,-0.009640820465356852,False,False,True,True,False,27355.0,
2021-07-21,NIY=F,0.005831982995932974,False,False,True,True,False,27515.0,
2021-07-22,NIY=F,0.0,False,True,True,True,False,27515.0,
2021-07-23,NIY=F,0.00018170255342081775,False,False,True,True,False,27520.0,
2021-07-26,NIY=F,0.010482655180730611,False,False,True,True,False,27810.0,
2021-07-27,NIY=F,0.004842624475787991,False,False,True,True,False,27945.0,
2021-07-28,NIY=F,-0.013872846576203674,False,False,True,True,False,27560.0,
2021-07-29,NIY=F,0.007230689493145981,False,False,True,True,False,27760.0,
2021-07-30,NIY=F,-0.017992307260578856,False,False,True,True,False,27265.0,
2021-08-02,NIY=F,0.018172406315545526,False,False,True,True,False,27765.0,
2021-08-03,NIY=F,-0.004874095758245407,False,False,True,True,False,27630.0,
2021-08-04,NIY=F,-0.0021739138996197966,False,False,True,True,False,27570.0,
2021-08-05,NIY=F,0.005425949285997205,False,False,True,True,False,27720.0,
2021-08-06,NIY=F,0.003241493924171023,False,False,True,True,False,27810.0,
2021-08-09,NIY=F,0.0001797752813829515,False,False,True,True,False,27815.0,
2021-08-10,NIY=F,0.0025134663142603974,False,False,True,True,False,27885.0,
2021-08-11,NIY=F,0.006612480532274166,False,False,True,True,False,28070.0,
2021-08-12,NIY=F,-0.0019613093565432737,False,False,False,True,False,28015.0,
2021-09-10,NIY=F,0.006945620778176416,False,False,True,True,False,30340.0,
2021-09-13,NIY=F,0.0023045277688869947,False,False,True,True,False,30410.0,
2021-09-14,NIY=F,0.007371644488344669,False,False,True,True,False,30635.0,
2021-09-15,NIY=F,-0.005236470810282631,False,False,True,True,False,30475.0,
2021-09-16,NIY=F,-0.006089050328189302,False,False,False,True,False,30290.0,
2021-09-20,NIY=F,0.00016408236971764945,False,False,False,True,False,30475.0,
2021-09-21,NIY=F,-0.021895052792266008,False,False,False,True,False,29815.0,
2021-09-22,NIY=F,-0.006730632846140727,False,False,False,True,False,29615.0,
2021-09-23,NIY=F,0.0,False,True,False,True,False,29615.0,
2021-09-24,NIY=F,0.020553819062438278,False,False,False,True,False,30230.0,
2021-09-27,NIY=F,-0.00016541229051032246,False,False,False,True,False,30225.0,
2021-09-28,NIY=F,-0.0018213433298865961,False,False,False,True,False,30170.0,
2021-09-29,NIY=F,-0.02144135741513839,False,False,False,True,False,29530.0,
2021-09-30,NIY=F,-0.0030524018951557717,False,False,False,True,False,29440.0,
2021-10-01,NIY=F,-0.02336876100782957,False,False,False,True,False,28760.0,
2021-10-04,NIY=F,-0.011188927917805852,False,False,False,True,False,28440.0,
2021-10-07,NIY=F,0.005615448140725129,False,False,True,True,False,27680.0,
2021-10-08,NIY=F,0.011494379425735212,False,False,True,True,False,28000.0,
2021-10-11,NIY=F,0.015943650397135946,False,False,True,True,False,28450.0,
2021-10-12,NIY=F,-0.009358239038801654,False,False,True,True,False,28185.0,
2021-10-13,NIY=F,-0.0031982969693767635,False,False,True,True,False,28095.0,
2021-10-14,NIY=F,0.014663278360419038,False,False,True,True,False,28510.0,
2021-10-15,NIY=F,0.017902624659374526,False,False,True,True,False,29025.0,
2021-10-18,NIY=F,-0.0012065846503910233,False,False,True,True,False,28990.0,
2021-10-19,NIY=F,0.006532600161075547,False,False,True,True,False,29180.0,
2021-10-20,NIY=F,0.0013698632279139041,False,False,True,True,False,29220.0,
2021-10-21,NIY=F,-0.018827743307119088,False,False,True,True,False,28675.0,
2021-10-22,NIY=F,0.003481291592511897,False,False,True,True,False,28775.0,
2021-10-25,NIY=F,-0.0069747449270719745,False,False,True,True,False,28575.0,
2021-10-26,NIY=F,0.017518442984444285,False,False,True,True,False,29080.0,
2021-10-27,NIY=F,-0.0001719542605904897,False,False,True,True,False,29075.0,
2021-10-28,NIY=F,-0.009503311262827925,False,False,True,True,False,28800.0,
2021-10-29,NIY=F,0.0026007817000574403,False,False,True,True,False,28875.0,
2021-11-01,NIY=F,0.025811192743516363,False,False,True,True,False,29630.0,
2021-11-02,NIY=F,-0.004227621076341828,False,False,True,True,False,29505.0,
2021-11-03,NIY=F,0.00016944844571594247,False,False,True,True,False,29510.0,
2021-11-04,NIY=F,0.00927572212580263,False,False,True,True,False,29785.0,
2021-11-05,NIY=F,-0.006230549750636086,False,False,True,True,False,29600.0,
2021-11-08,NIY=F,-0.0033840979842405684,False,False,True,True,False,29500.0,
2021-11-09,NIY=F,-0.007485574252663325,False,False,True,True,False,29280.0,
2021-11-10,NIY=F,-0.005994708369412032,False,False,True,True,False,29105.0,
2021-11-11,NIY=F,0.005994708369412043,False,False,False,True,False,29280.0,
2021-12-13,NIY=F,0.00737104074458995,False,False,True,True,False,28595.0,
2021-12-14,NIY=F,-0.007194906882399698,False,False,True,True,False,28390.0,
2021-12-15,NIY=F,0.0008802042642049333,False,False,True,True,False,28415.0,
2021-12-16,NIY=F,0.021240352834870475,False,False,True,True,False,29025.0,
2021-12-17,NIY=F,-0.018078017100410057,False,False,True,True,False,28505.0,
2021-12-20,NIY=F,-0.021452821656225213,False,False,True,True,False,27900.0,
2021-12-21,NIY=F,0.020750944105038974,False,False,True,True,False,28485.0,
2021-12-22,NIY=F,0.0015785322930497896,False,False,True,True,False,28530.0,
2021-12-23,NIY=F,0.008203205089848235,False,False,True,True,False,28765.0,
2021-12-27,NIY=F,-0.004005927154508171,False,False,True,True,False,28650.0,
2021-12-28,NIY=F,0.013692908283747146,False,False,True,True,False,29045.0,
2021-12-29,NIY=F,-0.005523922211267005,False,False,True,True,False,28885.0,
2021-12-30,NIY=F,-0.003989251669772311,False,False,True,True,False,28770.0,
2021-12-31,NIY=F,0.0,False,True,True,True,False,28770.0,
2022-01-03,NIY=F,0.00017377704448974158,False,False,True,True,False,28775.0,
2022-01-04,NIY=F,0.017739206231695788,False,False,True,True,False,29290.0,
2022-01-05,NIY=F,0.0010237161788086264,False,False,True,True,False,29320.0,
2022-01-06,NIY=F,-0.029243367685204875,False,False,True,True,False,28475.0,
2022-01-07,NIY=F,-0.00017560804329970264,False,False,True,True,False,28470.0,
2022-01-10,NIY=F,0.00017560804329975742,False,False,True,True,False,28475.0,
2022-01-11,NIY=F,-0.008995562908577873,False,False,True,True,False,28220.0,
2022-01-12,NIY=F,0.019128423890588775,False,False,True,True,False,28765.0,
2022-01-13,NIY=F,-0.009606221805439867,False,False,True,True,False,28490.0,
2022-01-14,NIY=F,-0.014317522525420926,False,False,True,True,False,28085.0,
2022-01-18,NIY=F,0.004972484051329769,False,False,True,True,False,28225.0,
2022-01-19,NIY=F,-0.028388539524787027,False,False,True,True,False,27435.0,
2022-01-20,NIY=F,0.011236073266925752,False,False,True,True,False,27745.0,
2022-01-21,NIY=F,-0.009051473818086552,False,False,True,True,False,27495.0,
2022-01-24,NIY=F,0.002542682081868781,False,False,True,True,False,27565.0,
2022-01-25,NIY=F,-0.016644188531072805,False,False,True,True,False,27110.0,
2022-01-26,NIY=F,-0.004436236480660889,False,False,True,True,False,26990.0,
2022-01-27,NIY=F,-0.03161723651898142,False,False,True,True,False,26150.0,
2022-01-28,NIY=F,0.02081437489527197,False,False,True,True,False,26700.0,
2022-01-31,NIY=F,0.010802861623709489,False,False,True,True,False,26990.0,
2022-02-01,NIY=F,0.0027749532190279157,False,False,True,True,False,27065.0,
2022-02-02,NIY=F,0.016853302359802477,False,False,True,True,False,27525.0,
2022-02-03,NIY=F,-0.010591771773105916,False,False,True,True,False,27235.0,
2022-02-04,NIY=F,0.007316659675301004,False,False,True,True,False,27435.0,
2022-02-07,NIY=F,-0.00694955247587703,False,False,True,True,False,27245.0,
2022-02-08,NIY=F,0.0014670826031334958,False,False,True,True,False,27285.0,
2022-02-09,NIY=F,0.01075377172696057,False,False,False,True,False,27580.0,
2022-03-11,NIY=F,-0.008532644287710365,False,False,True,True,False,25090.0,
2022-03-14,NIY=F,0.005366205861341668,False,False,True,True,False,25225.0,
2022-03-15,NIY=F,0.014561453669873872,False,False,True,True,False,25595.0,
2022-03-16,NIY=F,0.028501833025806136,False,False,True,True,False,26335.0,
2022-03-17,NIY=F,0.013202756850555546,False,False,True,True,False,26685.0,
2022-03-18,NIY=F,0.020584871495403535,False,False,True,True,False,27240.0,
2022-03-21,NIY=F,0.0009173470967133091,False,False,True,True,False,27265.0,
2022-03-22,NIY=F,0.015286921896905645,False,False,True,True,False,27685.0,
2022-03-23,NIY=F,-0.0027127243328674343,False,False,True,True,False,27610.0,
2022-03-24,NIY=F,0.025743287900362097,False,False,True,True,False,28330.0,
2022-03-25,NIY=F,-0.0022970237151710058,False,False,False,True,False,28265.0,
2022-03-29,NIY=F,0.014958483930335824,False,False,True,True,False,28625.0,
2022-03-31,NIY=F,-0.009944933242690237,False,False,False,True,False,27515.0,
2022-04-01,NIY=F,0.009224990806986137,False,False,False,True,False,27770.0,
2022-04-04,NIY=F,0.008426764343087485,False,False,False,True,False,28005.0,
2022-04-05,NIY=F,-0.016743572361286884,False,False,False,True,False,27540.0,
2022-04-06,NIY=F,-0.016105765414853562,False,False,False,True,False,27100.0,
2022-04-07,NIY=F,-0.00239403615891872,False,False,True,True,False,27035.19921875,
2022-04-08,NIY=F,-0.0025999629375461383,False,False,True,True,False,26965.0,
2022-04-11,NIY=F,-0.010063446837040736,False,False,True,True,False,26695.0,
2022-04-12,NIY=F,-0.016429413077499365,False,False,True,True,False,26260.0,
2022-04-13,NIY=F,0.0238935268505557,False,False,True,True,False,26895.0,
2022-04-14,NIY=F,-0.0003718854635644457,False,False,True,True,False,26885.0,
2022-04-18,NIY=F,-0.0024206324081089943,False,False,True,True,False,26820.0,
2022-04-19,NIY=F,0.014620414032630957,False,False,True,True,False,27215.0,
2022-04-20,NIY=F,-0.0025754245287489606,False,False,True,True,False,27145.0,
2022-04-21,NIY=F,0.00018417902252995558,False,False,True,True,False,27150.0,
2022-04-22,NIY=F,-0.015590516229116861,False,False,True,True,False,26730.0,
2022-04-25,NIY=F,0.00168208618298488,False,False,True,True,False,26775.0,
2022-04-26,NIY=F,-0.028218897327338472,False,False,True,True,False,26030.0,
2022-04-27,NIY=F,0.012977281358721402,False,False,True,True,False,26370.0,
2022-04-28,NIY=F,0.03337682801282957,False,False,True,True,False,27265.0,
2022-04-29,NIY=F,-0.020191479709579924,False,False,True,True,False,26720.0,
2022-05-02,NIY=F,0.005039674688977751,False,False,True,True,False,26855.0,
2022-05-03,NIY=F,0.0076045993852192125,False,False,True,True,False,27060.0,
2022-05-04,NIY=F,0.013216051391526243,False,False,True,True,False,27420.0,
2022-05-05,NIY=F,-0.025299105733473437,False,False,True,True,False,26735.0,
2022-05-06,NIY=F,0.005780901880078465,False,False,True,True,False,26890.0,
2022-05-09,NIY=F,-0.03481244460611621,False,False,True,True,False,25970.0,
2022-05-10,NIY=F,0.00441841079969888,False,False,True,True,False,26085.0,
2022-05-11,NIY=F,-0.010598422743833597,False,False,True,True,False,25810.0,
2022-05-12,NIY=F,-0.0003402088476139137,False,False,False,True,False,25801.220703125,
2022-06-10,NIY=F,-0.023147507273891713,False,False,True,True,False,27330.0,
2022-06-13,NIY=F,-0.03594762695754359,False,False,True,True,False,26365.0,
2022-06-15,NIY=F,0.002644504752355887,False,False,False,True,False,26505.0,
2022-06-16,NIY=F,-0.03435049422833552,False,False,False,True,False,25610.0,
2022-06-17,NIY=F,0.01357399162445542,False,False,False,True,False,25960.0,
2022-06-21,NIY=F,0.01907726685092039,False,False,False,True,False,26460.0,
2022-06-22,NIY=F,-0.009683926432680076,False,False,False,True,False,26205.0,
2022-06-23,NIY=F,0.0011441648845455675,False,False,False,True,False,26235.0,
2022-06-24,NIY=F,0.025217745802707886,False,False,False,True,False,26905.0,
2022-06-27,NIY=F,-0.006338574540688065,False,False,False,True,False,26735.0,
2022-06-28,NIY=F,0.0031743094528374986,False,False,False,True,False,26820.0,
2022-06-29,NIY=F,-0.0029873061797353537,False,False,False,True,False,26740.0,
2022-06-30,NIY=F,-0.011850039917495843,False,False,False,True,False,26425.0,
2022-07-01,NIY=F,-0.004171412950559019,False,False,False,True,False,26315.0,
2022-07-05,NIY=F,-0.0017115151082937447,False,False,False,True,False,26270.0,
2022-07-06,NIY=F,0.0005708305739627716,False,False,False,True,False,26285.0,
2022-07-07,NIY=F,0.014625630952685492,False,False,True,True,False,26672.259765625,
2022-07-08,NIY=F,0.00010273196372020569,False,False,True,True,False,26675.0,
2022-07-11,NIY=F,-0.003755872959805384,False,False,True,True,False,26575.0,
2022-07-12,NIY=F,-0.005282034540598045,False,False,True,True,False,26435.0,
2022-07-13,NIY=F,0.0015120018000567212,False,False,True,True,False,26475.0,
2022-07-14,NIY=F,0.007900718298437965,False,False,True,True,False,26685.0,
2022-07-15,NIY=F,0.00969614159955191,False,False,True,True,False,26945.0,
2022-07-18,NIY=F,-0.002043281104686749,False,False,True,True,False,26890.0,
2022-07-19,NIY=F,0.016962058587216906,False,False,True,True,False,27350.0,
2022-07-20,NIY=F,0.008193036271575853,False,False,True,True,False,27575.0,
2022-07-21,NIY=F,0.01100002075275687,False,False,True,True,False,27880.0,
2022-07-22,NIY=F,-0.00864558699285404,False,False,True,True,False,27640.0,
2022-07-25,NIY=F,0.004152005242655537,False,False,True,True,False,27755.0,
2022-07-26,NIY=F,-0.01196099798083064,False,False,True,True,False,27425.0,
2022-07-27,NIY=F,0.02074950401390991,False,False,True,True,False,28000.0,
2022-07-28,NIY=F,-0.004833089153704206,False,False,True,True,False,27865.0,
2022-07-29,NIY=F,0.0044758825058624115,False,False,True,True,False,27990.0,
2022-08-01,NIY=F,-0.0030414192869652862,False,False,True,True,False,27905.0,
2022-08-02,NIY=F,-0.005389880098272249,False,False,True,True,False,27755.0,
2022-08-03,NIY=F,0.008431299385237427,False,False,True,True,False,27990.0,
2022-08-04,NIY=F,-0.003937717635039062,False,False,True,True,False,27880.0,
2022-08-05,NIY=F,0.009637768693376327,False,False,True,True,False,28150.0,
2022-08-08,NIY=F,-0.0003553028994564061,False,False,True,True,False,28140.0,
2022-08-09,NIY=F,-0.011077476148443625,False,False,True,True,False,27830.0,
2022-08-10,NIY=F,0.011077476148443482,False,False,False,True,False,28140.0,
2022-08-24,NIY=F,0.0,False,True,False,False,False,28460.0,
2022-09-09,NIY=F,0.009035405609599567,False,False,True,True,False,28350.0,
2022-09-12,NIY=F,0.006153865574378286,False,False,True,True,False,28525.0,
2022-09-13,NIY=F,-0.025744875051547964,False,False,True,True,False,27800.0,
2022-09-14,NIY=F,0.003232180942806094,False,False,True,True,False,27890.0,
2022-09-15,NIY=F,-0.008461658192756228,False,False,True,True,False,27655.0,
2022-09-16,NIY=F,-0.00616614213401763,False,False,True,True,False,27485.0,
2022-09-19,NIY=F,0.006708392486210796,False,False,True,True,False,27670.0,
2022-09-20,NIY=F,-0.009258484942822791,False,False,False,True,False,27415.0,
2022-09-22,NIY=F,-0.007382831614466044,False,False,True,True,False,26990.0,
2022-09-23,NIY=F,-0.006132138513151064,False,False,True,True,False,26825.0,
2022-09-26,NIY=F,-0.010681259612700682,False,False,True,True,False,26540.0,
2022-09-27,NIY=F,-0.0060468816148929495,False,False,True,True,False,26380.0,
2022-09-28,NIY=F,0.012993309621940478,False,False,True,True,False,26725.0,
2022-09-29,NIY=F,-0.022706746626133863,False,False,True,True,False,26125.0,
2022-09-30,NIY=F,-0.005180861631576135,False,False,True,True,False,25990.0,
2022-10-03,NIY=F,0.023950964313566653,False,False,True,True,False,26620.0,
2022-10-04,NIY=F,0.020634620040307482,False,False,True,True,False,27175.0,
2022-10-05,NIY=F,-0.005720100475220378,False,False,True,True,False,27020.0,
2022-10-06,NIY=F,-0.000740466527723695,False,False,True,True,False,27000.0,
2022-10-10,NIY=F,0.018899951130484007,False,False,True,True,False,27240.0,
2022-10-11,NIY=F,-0.03321820629394026,False,False,True,True,False,26350.0,
2022-10-12,NIY=F,0.0003794346469352362,False,False,True,True,False,26360.0,
2022-10-13,NIY=F,0.01607343326216857,False,False,True,True,False,26787.119140625,
2022-10-14,NIY=F,-0.008514818288241827,False,False,True,True,False,26560.0,
2022-10-17,NIY=F,0.018465506486465524,False,False,True,True,False,27055.0,
2022-10-18,NIY=F,-0.0001848258022081112,False,False,True,True,False,27050.0,
2022-10-19,NIY=F,-0.0020353416222401843,False,False,True,True,False,26995.0,
2022-10-20,NIY=F,-0.00018523664033705663,False,False,True,True,False,26990.0,
2022-10-21,NIY=F,0.00388278198816418,False,False,True,True,False,27095.0,
2022-10-24,NIY=F,0.0007378712749464978,False,False,True,True,False,27115.0,
2022-10-25,NIY=F,0.0160969270421748,False,False,True,True,False,27555.0,
2022-10-26,NIY=F,-0.0067364842826109226,False,False,True,True,False,27370.0,
2022-10-27,NIY=F,-0.011021419426377908,False,False,True,True,False,27070.0,
2022-10-28,NIY=F,0.015578066333568251,False,False,True,True,False,27495.0,
2022-10-31,NIY=F,0.0021798373754207422,False,False,True,True,False,27555.0,
2022-11-01,NIY=F,0.0016317653879056343,False,False,True,True,False,27600.0,
2022-11-02,NIY=F,-0.010745937118987244,False,False,True,True,False,27305.0,
2022-11-03,NIY=F,0.008024847004626585,False,False,True,True,False,27525.0,
2022-11-04,NIY=F,0.0,False,True,True,True,False,27525.0,
2022-11-07,NIY=F,0.003264420744407258,False,False,True,True,False,27615.0,
2022-11-08,NIY=F,0.00972980648836618,False,False,True,True,False,27885.0,
2022-11-09,NIY=F,-0.012994227232773386,False,False,True,True,False,27525.0,
2022-11-10,NIY=F,0.016433189658475622,False,False,False,True,False,27981.060546875,
2022-11-18,NIY=F,0.0,False,True,False,False,False,27965.0,
2022-11-23,NIY=F,0.0,False,True,False,False,False,28345.0,
2022-12-09,NIY=F,0.000900333184072993,False,False,True,True,False,27780.0,
2022-12-12,NIY=F,0.009850531876737546,False,False,True,True,False,28055.0,
2022-12-13,NIY=F,-0.0021409464020786823,False,False,True,True,False,27995.0,
2022-12-14,NIY=F,-0.002682644906684894,False,False,True,True,False,27920.0,
2022-12-15,NIY=F,-0.009175201544098618,False,False,True,True,False,27665.0,
2022-12-16,NIY=F,-0.011817245054269529,False,False,True,True,False,27340.0,
2022-12-19,NIY=F,-0.004398834072483513,False,False,False,True,False,27220.0,
2022-12-21,NIY=F,0.0034065135137202112,False,False,True,True,False,26465.0,
2022-12-22,NIY=F,-0.010636377578499832,False,False,True,True,False,26185.0,
2022-12-23,NIY=F,0.00400191101033878,False,False,True,True,False,26290.0,
2022-12-28,NIY=F,-0.0051551426815923005,False,False,True,True,False,26120.0,
2022-12-29,NIY=F,0.008766970579141092,False,False,True,True,False,26350.0,
2022-12-30,NIY=F,-0.02283949196982279,False,False,True,True,False,25755.0,
2023-01-03,NIY=F,0.014263927267426547,False,False,True,True,False,26125.0,
2023-01-05,NIY=F,-0.0054295266213052985,False,False,True,True,False,25715.0,
2023-01-09,NIY=F,0.0013349863716238637,False,False,True,True,False,26235.0,
2023-01-10,NIY=F,0.0022844099026324686,False,False,True,True,False,26295.0,
2023-01-11,NIY=F,0.010403952730414579,False,False,True,True,False,26570.0,
2023-01-12,NIY=F,-0.013060445021308913,False,False,True,True,False,26225.240234375,
2023-01-13,NIY=F,-0.015379299744710964,False,False,True,True,False,25825.0,
2023-01-17,NIY=F,0.017084588691746207,False,False,True,True,False,26270.0,
2023-01-18,NIY=F,0.00815093129904151,False,False,True,True,False,26485.0,
2023-01-19,NIY=F,-0.005300031335240924,False,False,True,True,False,26345.0,
2023-01-20,NIY=F,0.02214805247124792,False,False,True,True,False,26935.0,
2023-01-23,NIY=F,0.008318746557998344,False,False,True,True,False,27160.0,
2023-01-24,NIY=F,0.000920047907388605,False,False,True,True,False,27185.0,
2023-01-25,NIY=F,0.00860732353628428,False,False,True,True,False,27420.0,
2023-01-26,NIY=F,0.004003645020347627,False,False,True,True,False,27530.0,
2023-01-27,NIY=F,-0.0038213129932220475,False,False,True,True,False,27425.0,
2023-01-30,NIY=F,0.001093294569541894,False,False,True,True,False,27455.0,
2023-01-31,NIY=F,0.0021830097808862824,False,False,True,True,False,27515.0,
2023-02-01,NIY=F,-0.0030940055622102848,False,False,True,True,False,27430.0,
2023-02-02,NIY=F,0.004002188350996973,False,False,True,True,False,27540.0,
2023-02-03,NIY=F,0.003443591984717451,False,False,True,True,False,27635.0,
2023-02-06,NIY=F,0.0032514479512044726,False,False,True,True,False,27725.0,
2023-02-07,NIY=F,-0.0012631960535601965,False,False,True,True,False,27690.0,
2023-02-08,NIY=F,-0.009616331021576583,False,False,True,True,False,27425.0,
2023-02-09,NIY=F,0.004366024763385931,False,False,False,True,False,27545.0,
2023-03-13,NIY=F,-0.014320919090513024,False,False,True,True,False,27385.0,
2023-03-14,NIY=F,0.0029170485588990926,False,False,True,True,False,27465.0,
2023-03-16,NIY=F,0.029564298775521657,False,False,True,True,False,27290.0,
2023-03-17,NIY=F,-0.011609823576048698,False,False,True,True,False,26975.0,
2023-03-20,NIY=F,0.0031461115984436528,False,False,True,True,False,27060.0,
2023-03-22,NIY=F,0.0011029412882794056,False,False,True,True,False,27215.0,
2023-03-24,NIY=F,0.004942801825241114,False,False,True,True,False,27380.0,
2023-03-27,NIY=F,0.006371187474895779,False,False,True,True,False,27555.0,
2023-03-28,NIY=F,-0.0029075070455136117,False,False,True,True,False,27475.0,
2023-03-29,NIY=F,0.022315124274476524,False,False,True,True,False,28095.0,
2023-03-30,NIY=F,-0.004459117350293193,False,False,True,True,False,27970.0,
2023-03-31,NIY=F,0.008012150045277042,False,False,True,True,False,28195.0,
2023-04-03,NIY=F,-0.00017735213312431185,False,False,True,True,False,28190.0,
2023-04-05,NIY=F,-0.015062145969460974,False,False,True,True,False,27675.0,
2023-04-06,NIY=F,-0.001989330613554497,False,False,True,True,False,27620.0,
2023-04-10,NIY=F,0.008292818392146966,False,False,True,True,False,27850.0,
2023-04-11,NIY=F,0.005550099288502529,False,False,True,True,False,28005.0,
2023-04-13,NIY=F,0.017332638660544176,False,False,True,True,False,28418.3203125,
2023-04-14,NIY=F,0.0025191298921874356,False,False,True,True,False,28490.0,
2023-04-17,NIY=F,0.002453988961566787,False,False,True,True,False,28560.0,
2023-04-18,NIY=F,0.002622608374436982,False,False,True,True,False,28635.0,
2023-04-19,NIY=F,-0.0029728097438013646,False,False,True,True,False,28550.0,
2023-04-20,NIY=F,0.0019245916184727787,False,False,True,True,False,28605.0,
2023-04-21,NIY=F,0.00192089467953382,False,False,True,True,False,28660.0,
2023-04-24,NIY=F,0.0020913217799977484,False,False,True,True,False,28720.0,
2023-04-25,NIY=F,-0.013319509917489078,False,False,True,True,False,28340.0,
2023-04-26,NIY=F,-0.0015891236680472087,False,False,True,True,False,28295.0,
2023-04-27,NIY=F,0.014560383538485433,False,False,False,True,False,28710.0,
2023-05-02,NIY=F,-0.016515083773269858,False,False,False,True,False,28825.0,
2023-05-03,NIY=F,0.006569871487448955,False,False,False,True,False,29015.0,
2023-05-04,NIY=F,0.000516840393966851,False,False,False,True,False,29030.0,
2023-05-05,NIY=F,0.016568830656114062,False,False,False,True,False,29515.0,
2023-05-08,NIY=F,-0.016224418736057296,False,False,False,True,False,29040.0,
2023-05-09,NIY=F,0.006521389166559255,False,False,False,True,False,29230.0,
2023-05-10,NIY=F,-0.006521389166559224,False,False,False,True,False,29040.0,
2023-05-11,NIY=F,0.002966310035088045,False,False,False,True,False,29126.26953125,
2023-05-16,NIY=F,0.0,False,True,False,False,False,29870.0,
2023-06-14,NIY=F,0.0025397787612121895,False,False,True,True,False,33510.0,
2023-06-15,NIY=F,0.0,False,True,True,True,False,33510.0,
2023-06-16,NIY=F,0.004614820248025186,False,False,True,True,False,33665.0,
2023-06-20,NIY=F,-0.014812869038283133,False,False,True,True,False,33170.0,
2023-06-21,NIY=F,0.011986958032982479,False,False,True,True,False,33570.0,
2023-06-22,NIY=F,-0.003431558757163305,False,False,True,True,False,33455.0,
2023-06-26,NIY=F,-0.0026047666608155144,False,False,True,True,False,32590.0,
2023-06-27,NIY=F,0.007184927339389609,False,False,True,True,False,32825.0,
2023-06-29,NIY=F,-0.003909779416612139,False,False,True,True,False,33185.0,
2023-06-30,NIY=F,0.007654821618612615,False,False,True,True,False,33440.0,
2023-07-03,NIY=F,0.0062602678742358945,False,False,True,True,False,33650.0,
2023-07-05,NIY=F,-0.014970339458865244,False,False,True,True,False,33150.0,
2023-07-06,NIY=F,-0.02072613051711697,False,False,True,True,False,32470.0,
2023-07-10,NIY=F,-0.005874186005430629,False,False,True,True,False,32250.0,
2023-07-11,NIY=F,0.0010846828366489006,False,False,True,True,False,32285.0,
2023-07-12,NIY=F,-0.006993578897023415,False,False,True,True,False,32060.0,
2023-07-13,NIY=F,0.02119612405955704,False,False,True,True,False,32746.80078125,
2023-07-14,NIY=F,-0.014667265177093419,False,False,True,True,False,32270.0,
2023-07-17,NIY=F,0.0006195787063133173,False,False,True,True,False,32290.0,
2023-07-18,NIY=F,0.01353450374290538,False,False,True,True,False,32730.0,
2023-07-21,NIY=F,0.009229414845391073,False,False,True,True,False,32655.0,
2023-07-24,NIY=F,0.0024468585384343185,False,False,True,True,False,32735.0,
2023-07-25,NIY=F,-0.0032127312878254045,False,False,True,True,False,32630.0,
2023-07-26,NIY=F,-0.002301143916403808,False,False,True,True,False,32555.0,
2023-07-27,NIY=F,-0.002152522356331133,False,False,True,True,False,32485.0,
2023-07-28,NIY=F,0.01920790760444844,False,False,True,True,False,33115.0,
2023-07-31,NIY=F,0.003466730429560233,False,False,True,True,False,33230.0,
2023-08-01,NIY=F,-0.0004515012492984701,False,False,True,True,False,33215.0,
2023-08-02,NIY=F,-0.025769513179051566,False,False,True,True,False,32370.0,
2023-08-03,NIY=F,-0.013999295356545004,False,False,True,True,False,31920.0,
2023-08-04,NIY=F,0.0031279349869605413,False,False,True,True,False,32020.0,
2023-08-07,NIY=F,0.011797715229715153,False,False,True,True,False,32400.0,
2023-08-08,NIY=F,-0.001544401851374136,False,False,True,True,False,32350.0,
2023-08-09,NIY=F,-0.007232914513174651,False,False,False,True,False,32116.859375,
2023-09-08,NIY=F,-0.0039597980465010275,False,False,True,True,False,32765.0,
2023-09-11,NIY=F,-0.00320978494914112,False,False,True,True,False,32660.0,
2023-09-12,NIY=F,0.004124977203379771,False,False,True,True,False,32795.0,
2023-09-13,NIY=F,0.0018278756041324642,False,False,True,True,False,32855.0,
2023-09-14,NIY=F,0.015403506005738603,False,False,True,True,False,33365.0,
2023-09-15,NIY=F,-0.004806979362892844,False,False,True,True,False,33205.0,
2023-09-18,NIY=F,0.010336396425013867,False,False,True,True,False,33550.0,
2023-09-19,NIY=F,-0.008681389652909216,False,False,True,True,False,33260.0,
2023-09-20,NIY=F,-0.0073934701182469765,False,False,True,True,False,33015.0,
2023-09-21,NIY=F,-0.02484028364768069,False,False,True,True,False,32205.0,
2023-09-22,NIY=F,0.008810629682154906,False,False,True,True,False,32490.0,
2023-09-25,NIY=F,0.0050656336736115805,False,False,True,True,False,32655.0,
2023-09-26,NIY=F,-0.019012861154461966,False,False,True,True,False,32040.0,
2023-09-27,NIY=F,0.01009246979731498,False,False,True,True,False,32365.0,
2023-09-28,NIY=F,-0.010716884428904894,False,False,True,True,False,32020.0,
2023-10-02,NIY=F,-0.007726916943337793,False,False,True,True,False,31585.0,
2023-10-05,NIY=F,0.011171491558535314,False,False,True,True,False,31055.0,
2023-10-06,NIY=F,0.008018003186007466,False,False,True,True,False,31305.0,
2023-10-09,NIY=F,-0.0031994908112674384,False,False,True,True,False,31205.0,
2023-10-10,NIY=F,0.01888795140012489,False,False,True,True,False,31800.0,
2023-10-11,NIY=F,0.005800753115969767,False,False,True,True,False,31985.0,
2023-10-12,NIY=F,0.009227570336063765,False,False,True,True,False,32281.509765625,
2023-10-13,NIY=F,-0.011575172948012531,False,False,True,True,False,31910.0,
2023-10-16,NIY=F,0.002503913671274495,False,False,True,True,False,31990.0,
2023-10-17,NIY=F,0.0045224248618227735,False,False,True,True,False,32135.0,
2023-10-18,NIY=F,-0.01647225259572315,False,False,True,True,False,31610.0,
2023-10-19,NIY=F,-0.010015185850861604,False,False,True,True,False,31295.0,
2023-10-20,NIY=F,-0.008020575559808682,False,False,True,True,False,31045.0,
2023-10-23,NIY=F,-0.0029032278456606656,False,False,True,True,False,30955.0,
2023-10-24,NIY=F,0.008524378116090518,False,False,True,True,False,31220.0,
2023-10-25,NIY=F,-0.006426757338893244,False,False,True,True,False,31020.0,
2023-10-26,NIY=F,-0.013142072818474942,False,False,True,True,False,30615.0,
2023-10-27,NIY=F,-0.0011438844290015218,False,False,False,True,False,30580.0,
2023-10-31,NIY=F,0.023249352006779134,False,False,True,True,False,31330.0,
2023-11-02,NIY=F,0.012935581291593645,False,False,False,True,False,32290.0,
2023-11-03,NIY=F,0.013076103551518227,False,False,False,True,False,32715.0,
2023-11-06,NIY=F,-0.0032146985204743587,False,False,False,True,False,32610.0,
2023-11-07,NIY=F,-0.0035327584549156047,False,False,False,True,False,32495.0,
2023-11-08,NIY=F,-0.0057094515099053115,False,False,False,True,False,32310.0,
2023-11-09,NIY=F,0.005171664117752702,False,False,False,True,False,32477.529296875,
2023-12-11,NIY=F,0.013994752287111016,False,False,True,True,False,33100.0,
2023-12-12,NIY=F,-0.0040868898177542695,False,False,True,True,False,32965.0,
2023-12-13,NIY=F,-0.0012141449359182636,False,False,True,True,False,32925.0,
2023-12-15,NIY=F,-0.0007644675855828619,False,False,True,True,False,32690.0,
2023-12-18,NIY=F,0.0036641262368910113,False,False,True,True,False,32810.0,
2023-12-19,NIY=F,0.01916895159736104,False,False,True,True,False,33445.0,
2023-12-20,NIY=F,-0.010973428414880854,False,False,True,True,False,33080.0,
2023-12-21,NIY=F,0.007978965928778968,False,False,True,True,False,33345.0,
2023-12-22,NIY=F,0.0004497414062763093,False,False,True,True,False,33360.0,
2023-12-26,NIY=F,0.005679285927144866,False,False,True,True,False,33550.0,
2023-12-27,NIY=F,-0.0007454342499486196,False,False,True,True,False,33525.0,
2023-12-28,NIY=F,-0.001791312615136699,False,False,True,True,False,33465.0,
2023-12-29,NIY=F,-0.002992670197035664,False,False,True,True,False,33365.0,
2024-01-02,NIY=F,-0.007672094796414978,False,False,True,True,False,33110.0,
2024-01-03,NIY=F,0.0016597514183644708,False,False,True,True,False,33165.0,
2024-01-04,NIY=F,0.004812763087253036,False,False,True,True,False,33325.0,
2024-01-05,NIY=F,0.002098322112827,False,False,True,True,False,33395.0,
2024-01-08,NIY=F,0.014271091022265729,False,False,True,True,False,33875.0,
2024-01-09,NIY=F,0.00044270641909494604,False,False,True,True,False,33890.0,
2024-01-10,NIY=F,0.02778966927152214,False,False,True,True,False,34845.0,
2024-01-11,NIY=F,0.009532219115459218,False,False,True,True,False,35178.73828125,
2024-01-12,NIY=F,0.011341808231747534,False,False,True,True,False,35580.0,
2024-01-16,NIY=F,0.007001849079173346,False,False,True,True,False,35830.0,
2024-01-17,NIY=F,-0.008971184361865952,False,False,True,True,False,35510.0,
2024-01-18,NIY=F,0.016340004636127836,False,False,True,True,False,36095.0,
2024-01-29,NIY=F,0.005547864437717963,False,False,True,True,False,36150.0,
2024-01-30,NIY=F,-0.005130705285454135,False,False,True,True,False,35965.0,
2024-01-31,NIY=F,-0.001391207792554624,False,False,True,True,False,35915.0,
2024-02-01,NIY=F,0.007489632791326062,False,False,True,True,False,36185.0,
2024-02-02,NIY=F,0.006336109351787485,False,False,True,True,False,36415.0,
2024-02-05,NIY=F,-0.0024745682135319004,False,False,True,True,False,36325.0,
2024-02-06,NIY=F,-0.008848391755516445,False,False,True,True,False,36005.0,
2024-03-08,NIY=F,-0.018528448836844316,False,False,True,True,False,39035.0,
2024-03-11,NIY=F,-0.016140837214440887,False,False,True,True,False,38410.0,
2024-03-12,NIY=F,0.017548837447050082,False,False,True,True,False,39090.0,
2024-03-13,NIY=F,-0.012873504255336041,False,False,True,True,False,38590.0,
2024-03-14,NIY=F,-0.0025947082538726562,False,False,True,True,False,38490.0,
2024-03-15,NIY=F,0.00918090110672944,False,False,True,True,False,38845.0,
2024-03-18,NIY=F,0.020889818351582098,False,False,True,True,False,39665.0,
2024-03-20,NIY=F,0.007081214756433604,False,False,True,True,False,40390.0,
2024-03-22,NIY=F,-0.007213186113357817,False,False,True,True,False,40750.0,
2024-03-25,NIY=F,-0.010856262557797258,False,False,True,True,False,40310.0,
2024-03-26,NIY=F,0.003096169418710977,False,False,True,True,False,40435.0,
2024-03-27,NIY=F,0.006286615465813115,False,False,True,True,False,40690.0,
2024-04-01,NIY=F,-0.010708606877180275,False,False,True,True,False,39940.0,
2024-04-02,NIY=F,-0.007791920785325567,False,False,True,True,False,39630.0,
2024-04-03,NIY=F,0.009168039098441563,False,False,True,True,False,39995.0,
2024-04-04,NIY=F,-0.024295766728530937,False,False,True,True,False,39035.0,
2024-04-05,NIY=F,0.007020259861514654,False,False,True,True,False,39310.0,
2024-04-08,NIY=F,0.0036818425392293403,False,False,True,True,False,39455.0,
2024-04-09,NIY=F,0.004173259297406598,False,False,True,True,False,39620.0,
2024-04-10,NIY=F,-0.00976483569096829,False,False,True,True,False,39235.0,
2024-04-11,NIY=F,0.010053769683785184,False,False,False,True,False,39631.44921875,
2024-04-12,NIY=F,-0.020687397522357626,False,False,True,True,False,38820.0,
2024-04-16,NIY=F,-0.007516883501837048,False,False,True,True,False,38435.0,
2024-04-18,NIY=F,0.0014562788037359002,False,False,True,True,False,37795.0,
2024-04-19,NIY=F,-0.019503690635456886,False,False,True,True,False,37065.0,
2024-04-22,NIY=F,0.016058153168974878,False,False,True,True,False,37665.0,
2024-04-23,NIY=F,0.006351748230609249,False,False,True,True,False,37905.0,
2024-04-24,NIY=F,0.008145079186580188,False,False,True,True,False,38215.0,
2024-04-25,NIY=F,-0.015293640208352116,False,False,True,True,False,37635.0,
2024-04-26,NIY=F,0.018950428924764416,False,False,True,True,False,38355.0,
2024-04-29,NIY=F,-0.01881758269408076,False,False,True,True,False,37640.0,
2024-04-30,NIY=F,0.01476820089535052,False,False,True,True,False,38200.0,
2024-05-01,NIY=F,-0.005644170657344588,False,False,True,True,False,37985.0,
2024-05-02,NIY=F,-0.002372167691192526,False,False,True,True,False,37895.0,
2024-05-03,NIY=F,0.022440602469482287,False,False,True,True,False,38755.0,
2024-05-06,NIY=F,-0.005952398527295273,False,False,True,True,False,38525.0,
2024-05-07,NIY=F,0.006210396464742986,False,False,True,True,False,38765.0,
2024-05-08,NIY=F,-0.009199935313108887,False,False,True,True,False,38410.0,
2024-05-09,NIY=F,0.00035425578084984403,False,False,False,True,False,38423.609375,
2024-06-14,NIY=F,-0.002984883145362615,False,False,False,True,False,38470.0,
2024-06-17,NIY=F,-0.00012997985330571137,False,False,False,True,False,38465.0,
2024-06-18,NIY=F,0.006090863124838081,False,False,False,True,False,38700.0,
2024-06-20,NIY=F,-0.00310559255815313,False,False,False,True,False,38580.0,
2024-06-21,NIY=F,-0.00246545249130224,False,False,False,True,False,38485.0,
2024-06-24,NIY=F,0.006216831316651492,False,False,False,True,False,38725.0,
2024-06-25,NIY=F,0.014739132572283193,False,False,False,True,False,39300.0,
2024-06-26,NIY=F,0.002541297428672548,False,False,False,True,False,39400.0,
2024-06-27,NIY=F,0.006199020420474147,False,False,False,True,False,39645.0,
2024-06-28,NIY=F,0.00415330028786372,False,False,False,True,False,39810.0,
2024-07-01,NIY=F,-0.0060468816148929495,False,False,False,True,False,39570.0,
2024-07-02,NIY=F,0.018032043805922965,False,False,False,True,False,40290.0,
2024-07-03,NIY=F,0.008526465001912311,False,False,False,True,False,40635.0,
2024-07-05,NIY=F,0.010891620855189382,False,False,False,True,False,41080.0,
2024-07-08,NIY=F,-0.005736970266524883,False,False,False,True,False,40845.0,
2024-07-09,NIY=F,0.014341519507173132,False,False,False,True,False,41435.0,
2024-07-10,NIY=F,0.023729724913227723,False,False,False,True,False,42430.0,
2024-07-11,NIY=F,-0.022172585946845694,False,False,True,True,False,41499.5703125,
2024-07-12,NIY=F,-0.007851797203683772,False,False,True,True,False,41175.0,
2024-07-15,NIY=F,-0.0031622502634745297,False,False,True,True,False,41045.0,
2024-07-16,NIY=F,0.012709727464316523,False,False,True,True,False,41570.0,
2024-07-17,NIY=F,-0.032890060386099144,False,False,True,True,False,40225.0,
2024-07-18,NIY=F,-0.004609738431427058,False,False,True,True,False,40040.0,
2024-07-19,NIY=F,-0.00903167203034782,False,False,True,True,False,39680.0,
2024-07-22,NIY=F,0.007782140442054949,False,False,True,True,False,39990.0,
2024-07-23,NIY=F,-0.012581947560168996,False,False,True,True,False,39490.0,
2024-07-24,NIY=F,-0.033997608541419734,False,False,False,True,False,38170.0,
2024-07-26,NIY=F,0.013151162713245408,False,False,True,True,False,38270.0,
2024-07-29,NIY=F,0.0007835967489893986,False,False,True,True,False,38300.0,
2024-07-30,NIY=F,-0.004579661259024606,False,False,True,True,False,38125.0,
2024-07-31,NIY=F,0.01328836645797142,False,False,True,True,False,38635.0,
2024-08-01,NIY=F,-0.046353637049281665,False,False,True,True,False,36885.0,
2024-08-02,NIY=F,-0.05374344437231708,False,False,True,True,False,34955.0,
2024-08-05,NIY=F,-0.038791682041945254,False,False,True,True,False,33625.0,
2024-08-06,NIY=F,0.012707026771278447,False,False,True,True,False,34055.0,
2024-08-07,NIY=F,0.010079699686070875,False,False,True,True,False,34400.0,
2024-08-08,NIY=F,0.03454601904675283,False,False,False,True,False,35609.1484375,
2024-09-13,NIY=F,-0.012931508044944973,False,False,True,True,False,36495.0,
2024-09-16,NIY=F,0.005873932605147199,False,False,True,True,False,36710.0,
2024-09-18,NIY=F,0.00027296301520649864,False,False,True,True,False,36640.0,
2024-09-19,NIY=F,0.030903977555468132,False,False,True,True,False,37790.0,
2024-09-20,NIY=F,0.010267300936204005,False,False,True,True,False,38180.0,
2024-09-23,NIY=F,-0.013713295068595154,False,False,True,True,False,37660.0,
2024-09-24,NIY=F,0.004900347532124308,False,False,True,True,False,37845.0,
2024-09-25,NIY=F,0.008943897579216747,False,False,True,True,False,38185.0,
2024-09-26,NIY=F,0.03714363886199617,False,False,True,True,False,39630.0,
2024-09-27,NIY=F,-0.054712283064319724,False,False,True,True,False,37520.0,
2024-09-30,NIY=F,0.017437694159577657,False,False,True,True,False,38180.0,
2024-10-01,NIY=F,-0.0035421486691154564,False,False,True,True,False,38045.0,
2024-10-02,NIY=F,0.016035804151698765,False,False,True,True,False,38660.0,
2024-10-03,NIY=F,-0.001164671758957672,False,False,True,True,False,38615.0,
2024-10-04,NIY=F,0.02607176426789209,False,False,True,True,False,39635.0,
2024-10-07,NIY=F,-0.020390664417508492,False,False,True,True,False,38835.0,
2024-10-08,NIY=F,0.013809195274186578,False,False,True,True,False,39375.0,
2024-10-09,NIY=F,0.005950514488028131,False,False,True,True,False,39610.0,
2024-10-10,NIY=F,-0.007373749028216279,False,False,True,True,False,39319.0,
2024-10-11,NIY=F,0.014167082488028653,False,False,True,True,False,39880.0,
2024-10-14,NIY=F,0.0033794387253719875,False,False,False,True,False,40015.0,
2024-10-16,NIY=F,0.013031997390576186,False,False,True,True,False,39390.0,
2024-10-17,NIY=F,-0.006622540760493382,False,False,True,True,False,39130.0,
2024-10-18,NIY=F,0.0008940545968807142,False,False,True,True,False,39165.0,
2024-10-21,NIY=F,-0.005889901790252462,False,False,True,True,False,38935.0,
2024-10-22,NIY=F,-0.014357098449395514,False,False,True,True,False,38380.0,
2024-10-23,NIY=F,-0.013641344798377062,False,False,True,True,False,37860.0,
2024-10-24,NIY=F,0.004348692364179859,False,False,True,True,False,38025.0,
2024-10-25,NIY=F,0.0018392017796163074,False,False,True,True,False,38095.0,
2024-10-28,NIY=F,0.011873060084365561,False,False,True,True,False,38550.0,
2024-10-29,NIY=F,0.016082688232745973,False,False,True,True,False,39175.0,
2024-10-30,NIY=F,0.0017852593366925603,False,False,True,True,False,39245.0,
2024-11-01,NIY=F,0.007539357173485241,False,False,False,True,False,38610.0,
2024-11-04,NIY=F,-0.005193467918331541,False,False,False,True,False,38410.0,
2024-11-05,NIY=F,0.01267640826658715,False,False,False,True,False,38900.0,
2024-11-06,NIY=F,0.027885203489535642,False,False,False,True,False,40000.0,
2024-11-07,NIY=F,-0.008278705360400302,False,False,False,True,False,39670.21875,
2024-11-14,NIY=F,0.0,False,True,False,False,False,38970.0,
2024-12-10,NIY=F,0.0,False,True,False,False,False,39320.0,
2024-12-13,NIY=F,-0.002651014618290242,False,False,True,True,False,39555.0,
2024-12-16,NIY=F,0.002651014618290231,False,False,True,True,False,39660.0,
2024-12-17,NIY=F,-0.01039167886323247,False,False,True,True,False,39250.0,
2024-12-18,NIY=F,-0.0215034359088192,False,False,True,True,False,38415.0,
2024-12-19,NIY=F,0.016010671252656077,False,False,True,True,False,39035.0,
2024-12-20,NIY=F,-0.004364576890071322,False,False,True,True,False,38865.0,
2024-12-23,NIY=F,0.010875930888185488,False,False,True,True,False,39290.0,
2024-12-24,NIY=F,-0.0017832128021682257,False,False,True,True,False,39220.0,
2024-12-26,NIY=F,0.013926038451399008,False,False,True,True,False,39770.0,
2024-12-27,NIY=F,0.007889340275315664,False,False,True,True,False,40085.0,
2024-12-30,NIY=F,-0.018252127310862218,False,False,True,True,False,39360.0,
2024-12-31,NIY=F,-0.0011439467405732783,False,False,True,True,False,39315.0,
2025-01-02,NIY=F,-0.0003816065682637759,False,False,True,True,False,39300.0,
2025-01-03,NIY=F,0.021522446765210066,False,False,True,True,False,40155.0,
2025-01-06,NIY=F,-0.011395777947280838,False,False,True,True,False,39700.0,
2025-01-07,NIY=F,0.0011328593319311685,False,False,True,True,False,39745.0,
2025-01-08,NIY=F,0.004643874050053971,False,False,True,True,False,39930.0,
2025-01-09,NIY=F,-0.009865686301384268,False,False,True,True,False,39538.0,
2025-01-10,NIY=F,-0.020131478974389674,False,False,True,True,False,38750.0,
2025-01-13,NIY=F,-0.0019373593402261993,False,False,True,True,False,38675.0,
2025-01-14,NIY=F,0.002066383274344912,False,False,True,True,False,38755.0,
2025-01-15,NIY=F,-0.0009035173250984391,False,False,True,True,False,38720.0,
2025-01-16,NIY=F,-0.010514797986008673,False,False,True,True,False,38315.0,
2025-01-17,NIY=F,0.012836480958447206,False,False,True,True,False,38810.0,
2025-01-21,NIY=F,0.01254657349440066,False,False,True,True,False,39300.0,
2025-01-22,NIY=F,0.013395878318337398,False,False,True,True,False,39830.0,
2025-01-23,NIY=F,0.0017559267022650125,False,False,True,True,False,39900.0,
2025-01-24,NIY=F,0.013690319608682841,False,False,True,True,False,40450.0,
2025-01-27,NIY=F,-0.03624861998593556,False,False,True,True,False,39010.0,
2025-01-28,NIY=F,0.00982088117908638,False,False,True,True,False,39395.0,
2025-01-29,NIY=F,-0.002923421211386267,False,False,True,True,False,39280.0,
2025-01-30,NIY=F,0.0082398894299779,False,False,True,True,False,39605.0,
2025-01-31,NIY=F,-0.007858088598104745,False,False,True,True,False,39295.0,
2025-02-03,NIY=F,-0.008818512001381007,False,False,True,True,False,38950.0,
2025-02-04,NIY=F,0.00473843494004425,False,False,True,True,False,39135.0,
2025-02-05,NIY=F,-0.004225087906183544,False,False,True,True,False,38970.0,
2025-02-06,NIY=F,-0.00038498556779637926,False,False,True,True,False,38955.0,
2025-02-07,NIY=F,-0.015652605969556314,False,False,True,True,False,38350.0,
2025-02-10,NIY=F,0.01475372950453921,False,False,True,True,False,38920.0,
2025-02-11,NIY=F,0.0039746189897360475,False,False,True,True,False,39075.0,
2025-02-12,NIY=F,0.001534330949261226,False,False,True,True,False,39135.0,
2025-02-13,NIY=F,0.0076887404304879,False,False,False,True,False,39437.05859375,
2025-03-14,NIY=F,0.02382827956890756,False,False,True,True,False,37585.0,
2025-03-17,NIY=F,0.008873642757388835,False,False,True,True,False,37920.0,
2025-03-18,NIY=F,-0.003698815313457544,False,False,True,True,False,37780.0,
2025-03-19,NIY=F,0.0017190086877673701,False,False,True,True,False,37845.0,
2025-03-20,NIY=F,-0.005830147692090986,False,False,True,True,False,37625.0,
2025-03-21,NIY=F,0.0,False,True,True,True,False,37625.0,
2025-03-24,NIY=F,0.008995959596157246,False,False,True,True,False,37965.0,
2025-03-25,NIY=F,0.0023677990541577623,False,False,True,True,False,38055.0,
2025-03-26,NIY=F,-0.009239770064744598,False,False,True,True,False,37705.0,
2025-03-27,NIY=F,0.00013259961565532274,False,False,True,True,False,37710.0,
2025-03-28,NIY=F,-0.035768709471215944,False,False,True,True,False,36385.0,
2025-03-31,NIY=F,-0.011610358479730284,False,False,True,True,False,35965.0,
2025-04-01,NIY=F,-0.006555571284001091,False,False,True,True,False,35730.0,
2025-04-02,NIY=F,0.006694585672214202,False,False,True,True,False,35970.0,
2025-04-03,NIY=F,-0.060893979746961605,False,False,True,True,False,33845.0,
2025-04-04,NIY=F,-0.05075693670963596,False,False,True,True,False,32170.0,
2025-04-07,NIY=F,-0.0009329809415684809,False,False,True,True,False,32140.0,
2025-04-08,NIY=F,0.003106557329061065,False,False,True,True,False,32240.0,
2025-04-09,NIY=F,0.07626578065838585,False,False,True,True,False,34795.0,
2025-04-10,NIY=F,-0.03676475749232505,False,False,True,True,False,33539.0,
2025-04-11,NIY=F,0.0013705979143395215,False,False,True,True,False,33585.0,
2025-04-14,NIY=F,0.01946102993104064,False,False,True,True,False,34245.0,
2025-04-15,NIY=F,0.006548811878905462,False,False,True,True,False,34470.0,
2025-04-17,NIY=F,0.018010590071148698,False,False,True,True,False,34455.0,
2025-04-21,NIY=F,-0.009623871304047479,False,False,True,True,False,34125.0,
2025-04-22,NIY=F,0.019012255421013233,False,False,True,True,False,34780.0,
2025-04-23,NIY=F,0.015123701014158115,False,False,True,True,False,35310.0,
2025-04-24,NIY=F,0.006773946308954864,False,False,True,True,False,35550.0,
2025-04-25,NIY=F,0.011884096524181669,False,False,True,True,False,35975.0,
2025-04-28,NIY=F,-0.0011125018530255882,False,False,True,True,False,35935.0,
2025-04-29,NIY=F,-0.002089282743419174,False,False,True,True,False,35860.0,
2025-04-30,NIY=F,0.007916158275273706,False,False,True,True,False,36145.0,
2025-05-01,NIY=F,0.01877410400471341,False,False,True,True,False,36830.0,
2025-05-02,NIY=F,0.010264811901557225,False,False,True,True,False,37210.0,
2025-05-05,NIY=F,-0.007688713941087675,False,False,True,True,False,36925.0,
2025-05-06,NIY=F,-0.013496217396971034,False,False,True,True,False,36430.0,
2025-05-07,NIY=F,0.013496217396971147,False,False,True,True,False,36925.0,
2025-05-08,NIY=F,0.010613751918669615,False,False,False,True,False,37319.0,
2025-06-13,NIY=F,-0.006565149630798525,False,False,True,True,False,37955.0,
2025-06-16,NIY=F,0.015554852540606933,False,False,True,True,False,38550.0,
2025-06-18,NIY=F,0.011828304539221892,False,False,False,True,False,38695.0,
2025-06-20,NIY=F,-0.009868928300054767,False,False,False,True,False,38315.0,
2025-06-23,NIY=F,0.0074108120484174984,False,False,False,True,False,38600.0,
2025-06-24,NIY=F,0.00581209256396561,False,False,False,True,False,38825.0,
2025-06-25,NIY=F,0.003727750315867071,False,False,False,True,False,38970.0,
2025-06-26,NIY=F,0.020949156907194823,False,False,False,True,False,39795.0,
2025-06-27,NIY=F,0.019534058139855995,False,False,False,True,False,40580.0,
2025-06-30,NIY=F,-0.005931801871602964,False,False,False,True,False,40340.0,
2025-07-01,NIY=F,-0.015866408178891404,False,False,False,True,False,39705.0,
2025-07-02,NIY=F,0.0008811127764965474,False,False,False,True,False,39740.0,
2025-07-03,NIY=F,0.011633128876441565,False,False,False,True,False,40205.0,
2025-07-07,NIY=F,-0.01807051305056809,False,False,False,True,False,39485.0,
2025-07-08,NIY=F,0.011832967876881784,False,False,False,True,False,39955.0,
2025-07-09,NIY=F,-0.00012514861414246567,False,False,False,True,False,39950.0,
2025-07-10,NIY=F,-0.006201920623532301,False,False,True,True,False,39703.0,
2025-07-11,NIY=F,-0.004366874280157207,False,False,True,True,False,39530.0,
2025-07-14,NIY=F,-0.000506072885294811,False,False,True,True,False,39510.0,
2025-07-15,NIY=F,0.0035371436575577214,False,False,True,True,False,39650.0,
2025-07-16,NIY=F,-0.002019692683524104,False,False,True,True,False,39570.0,
2025-07-17,NIY=F,0.011807699049686806,False,False,True,True,False,40040.0,
2025-07-18,NIY=F,-0.008779687652045837,False,False,True,True,False,39690.0,
2025-07-21,NIY=F,0.0022650066308520615,False,False,True,True,False,39780.0,
2025-07-22,NIY=F,-0.003525563964038887,False,False,True,True,False,39640.0,
2025-07-23,NIY=F,0.04741975752126409,False,False,True,True,False,41565.0,
2025-07-24,NIY=F,0.00048105833759941823,False,False,True,True,False,41585.0,
2025-07-25,NIY=F,-0.004700219560009801,False,False,True,True,False,41390.0,
2025-07-28,NIY=F,-0.015460774214220326,False,False,True,True,False,40755.0,
2025-07-29,NIY=F,-0.0023337233462202116,False,False,False,True,False,40660.0,
2025-08-01,NIY=F,-0.018963200707756055,False,False,False,True,False,39960.0,
2025-08-04,NIY=F,0.015149923438003003,False,False,False,True,False,40570.0,
2025-08-05,NIY=F,-0.000863078778685367,False,False,False,True,False,40535.0,
2025-08-06,NIY=F,0.0073737583705684425,False,False,False,True,False,40835.0,
2025-08-07,NIY=F,0.0073927117457324035,False,False,False,True,False,41138.0,
2025-09-12,NIY=F,-0.0016773836753726098,False,False,True,True,False,44675.0,
2025-09-15,NIY=F,0.004689602163159955,False,False,True,True,False,44885.0,
2025-09-16,NIY=F,-0.0030122184877873714,False,False,True,True,False,44750.0,
2025-09-17,NIY=F,0.001005081328677334,False,False,True,True,False,44795.0,
2025-09-18,NIY=F,0.022296729417630157,False,False,True,True,False,45805.0,
2025-09-19,NIY=F,-0.011859148539768341,False,False,True,True,False,45265.0,
2025-09-22,NIY=F,0.009892364688986263,False,False,True,True,False,45715.0,
2025-09-23,NIY=F,-0.010334304813293317,False,False,True,True,False,45245.0,
2025-09-24,NIY=F,0.007705894582532235,False,False,True,True,False,45595.0,
2025-09-25,NIY=F,0.0006577505170268054,False,False,True,True,False,45625.0,
2025-09-26,NIY=F,-0.007259160781404442,False,False,True,True,False,45295.0,
2025-09-29,NIY=F,-0.002874200519444235,False,False,True,True,False,45165.0,
2025-09-30,NIY=F,-0.007779545792481795,False,False,True,True,False,44815.0,
2025-10-01,NIY=F,-0.0020102754145421547,False,False,True,True,False,44725.0,
2025-10-02,NIY=F,0.006352057910058485,False,False,True,True,False,45010.0,
2025-10-03,NIY=F,0.021213083185543356,False,False,True,True,False,45975.0,
2025-10-07,NIY=F,-0.012240816742669436,False,False,True,True,False,47905.0,
2025-10-08,NIY=F,0.002710028758865158,False,False,True,True,False,48035.0,
2025-10-09,NIY=F,0.012269584831845709,False,False,True,True,False,48628.0,
2025-10-10,NIY=F,-0.05675446774069921,False,False,True,True,False,45945.0,
2025-10-13,NIY=F,0.05319050323366507,False,False,True,True,False,48455.0,
2025-10-14,NIY=F,-0.029956156999419347,False,False,True,True,False,47025.0,
2025-10-15,NIY=F,0.019062237984445757,False,False,True,True,False,47930.0,
2025-10-16,NIY=F,0.000938428722223617,False,False,True,True,False,47975.0,
2025-10-17,NIY=F,0.005923018303122071,False,False,True,True,False,48260.0,
2025-10-20,NIY=F,0.028294620288671714,False,False,True,True,False,49645.0,
2025-10-21,NIY=F,-0.005757300888425069,False,False,True,True,False,49360.0,
2025-10-22,NIY=F,-0.01120516969807624,False,False,True,True,False,48810.0,
2025-10-23,NIY=F,0.0028641590774632513,False,False,True,True,False,48950.0,
2025-10-24,NIY=F,0.011173300598125255,False,False,True,True,False,49500.0,
2025-10-27,NIY=F,0.018613566513989325,False,False,True,True,False,50430.0,
2025-10-28,NIY=F,0.004451706417006682,False,False,True,True,False,50655.0,
2025-10-29,NIY=F,0.0063954564423286345,False,False,True,True,False,50980.0,
2025-10-30,NIY=F,0.006647140799466242,False,False,True,True,False,51320.0,
2025-10-31,NIY=F,0.01728927018407614,False,False,True,True,False,52215.0,
2025-11-03,NIY=F,0.009150764454388227,False,False,True,True,False,52695.0,
2025-11-04,NIY=F,-0.03220486568999152,False,False,True,True,False,51025.0,
2025-11-05,NIY=F,0.0016644640842797243,False,False,False,True,False,51110.0,
2025-11-07,NIY=F,0.0010933851295529006,False,False,True,True,False,50330.0,
2025-11-10,NIY=F,0.017528759983110632,False,False,True,True,False,51220.0,
2025-11-12,NIY=F,0.002541297428672548,False,False,True,True,False,51220.0,
2025-11-13,NIY=F,-0.022747999305602108,False,False,False,True,False,50068.0,
2025-12-16,NIY=F,-0.008835398842428574,False,False,True,True,False,49580.0,
2025-12-18,NIY=F,0.00642367745438897,False,False,True,True,False,49195.0,
2025-12-19,NIY=F,0.021417539797717416,False,False,True,True,False,50260.0,
2025-12-22,NIY=F,0.0010937112698503426,False,False,True,True,False,50315.0,
2025-12-23,NIY=F,0.005154139668512604,False,False,True,True,False,50575.0,
2025-12-24,NIY=F,-0.003565419246967932,False,False,True,True,False,50395.0,
2025-12-26,NIY=F,0.006526921905037109,False,False,True,True,False,50725.0,
2025-12-29,NIY=F,-0.006427710634555463,False,False,True,True,False,50400.0,
2025-12-30,NIY=F,0.0028728535286980847,False,False,True,True,False,50545.0,
2025-12-31,NIY=F,-0.00217865009922215,False,False,True,True,False,50435.0,
2026-01-02,NIY=F,0.011728316569081338,False,False,True,True,False,51030.0,
2026-01-06,NIY=F,-0.0012482598000862768,False,False,True,True,False,52040.0,
2026-01-07,NIY=F,-0.0013460246239540043,False,False,True,True,False,51970.0,
2026-01-08,NIY=F,-0.006931800957523664,False,False,False,True,False,51611.0,
2026-01-12,NIY=F,-0.025499540082982722,False,False,True,True,False,52270.0,
2026-01-13,NIY=F,0.031635098979313124,False,False,True,True,False,53950.0,
2026-01-14,NIY=F,0.0009263548601306608,False,False,True,True,False,54000.0,
2026-01-15,NIY=F,-0.0006483582869647787,False,False,True,True,False,53965.0,
2026-01-16,NIY=F,-0.005481502088572098,False,False,True,True,False,53670.0,
2026-01-20,NIY=F,-0.02978521132459047,False,False,True,True,False,52095.0,
2026-01-21,NIY=F,0.02183492860319995,False,False,True,True,False,53245.0,
2026-01-22,NIY=F,0.014728081287781898,False,False,True,True,False,54035.0,
2026-01-23,NIY=F,-0.022079669534502598,False,False,True,True,False,52855.0,
2026-01-26,NIY=F,-0.005787217897666207,False,False,True,True,False,52550.0,
2026-01-27,NIY=F,0.005881811853183066,False,False,True,True,False,52860.0,
2026-01-28,NIY=F,0.015300434588701627,False,False,True,True,False,53675.0,
2026-01-29,NIY=F,-0.007386317532711013,False,False,True,True,False,53280.0,
2026-01-30,NIY=F,0.0036532287363356605,False,False,True,True,False,53475.0,
2026-02-02,NIY=F,0.006616677604396496,False,False,True,True,False,53830.0,
2026-02-03,NIY=F,0.0036159698200836908,False,False,True,True,False,54025.0,
2026-02-04,NIY=F,0.007192948755075415,False,False,True,True,False,54415.0,
2026-02-05,NIY=F,-0.011738200307306317,False,False,True,True,False,53780.0,
2026-02-06,NIY=F,0.04783342974969076,False,False,True,True,False,56415.0,
2026-02-09,NIY=F,0.011543503958207297,False,False,True,True,False,57070.0,
2026-02-10,NIY=F,0.013401993301892524,False,False,True,True,False,57840.0,
2026-02-11,NIY=F,-0.00034584126230924366,False,False,True,True,False,57820.0,
2026-02-12,NIY=F,-0.02016035298113499,False,False,False,True,False,56666.0,
2026-03-13,NIY=F,-0.009057440882712785,False,False,True,True,False,53305.0,
2026-03-16,NIY=F,0.02336251616261472,False,False,True,True,False,54565.0,
2026-03-17,NIY=F,-0.004592219679338921,False,False,True,True,False,54315.0,
2026-03-18,NIY=F,-0.012598591836321605,False,False,True,True,False,53635.0,
2026-03-19,NIY=F,-0.009365995224734133,False,False,True,True,False,53135.0,
2026-03-20,NIY=F,-0.035535032212243925,False,False,True,True,False,51280.0,
2026-03-23,NIY=F,0.03835405306050496,False,False,True,True,False,53285.0,
2026-03-24,NIY=F,-0.012083598364196839,False,False,True,True,False,52645.0,
2026-03-25,NIY=F,0.02355921060622872,False,False,True,True,False,53900.0,
2026-03-26,NIY=F,-0.02641255094804681,False,False,True,True,False,52495.0,
2026-03-27,NIY=F,-0.01739007171034611,False,False,True,True,False,51590.0,
2026-03-30,NIY=F,-0.009543358046899746,False,False,True,True,False,51100.0,
2026-03-31,NIY=F,0.03424069833377213,False,False,True,True,False,52880.0,
2026-04-01,NIY=F,0.022808990309004996,False,False,True,True,False,54100.0,
2026-04-02,NIY=F,-0.014991667711335784,False,False,True,True,False,53295.0,
2026-04-06,NIY=F,0.011195191092491575,False,False,True,True,False,53895.0,
2026-04-07,NIY=F,-0.0018571831877192513,False,False,True,True,False,53795.0,
2026-04-09,NIY=F,-0.006491352987613147,False,False,True,True,False,56507.0,
2026-04-10,NIY=F,0.014721131532984407,False,False,True,True,False,57345.0,
2026-04-13,NIY=F,0.0037422262026812294,False,False,True,True,False,57560.0,
2026-04-14,NIY=F,0.021143890394996447,False,False,True,True,False,58790.0,
2026-04-15,NIY=F,-0.005971185531664802,False,False,True,True,False,58440.0,
2026-04-16,NIY=F,0.011568689757447681,False,False,True,True,False,59120.0,
2026-04-17,NIY=F,0.007666746344859585,False,False,True,True,False,59575.0,
2026-04-20,NIY=F,-0.006314481094845862,False,False,True,True,False,59200.0,
2026-04-21,NIY=F,-0.012664314431177702,False,False,True,True,False,58455.0,
2026-04-22,NIY=F,0.02341710620743959,False,False,True,True,False,59840.0,
2026-04-23,NIY=F,-0.015663478132625797,False,False,True,True,False,58910.0,
2026-04-24,NIY=F,0.019499693328474132,False,False,True,True,False,60070.0,
2026-04-27,NIY=F,0.0006656681890006905,False,False,True,True,False,60110.0,
2026-04-28,NIY=F,-0.01728375938789159,False,False,True,True,False,59080.0,
2026-04-29,NIY=F,0.006074942746324657,False,False,True,True,False,59440.0,
2026-04-30,NIY=F,0.00670693325671808,False,False,True,True,False,59840.0,
2026-05-01,NIY=F,-0.006454609776679692,False,False,True,True,False,59455.0,
2026-05-04,NIY=F,-0.006496542570398315,False,False,True,True,False,59070.0,
2026-05-05,NIY=F,0.024498528840559832,False,False,True,True,False,60535.0,
2026-05-06,NIY=F,0.024315819418161178,False,False,True,True,False,62025.0,
2026-05-07,NIY=F,-0.0009355442968956348,False,False,False,True,False,61967.0,
2026-06-12,NIY=F,0.011700425987814273,False,False,True,True,False,67055.0,
2026-06-15,NIY=F,0.036748389130936684,False,False,True,True,False,69565.0,
2026-06-16,NIY=F,-0.006779198038392077,False,False,True,True,False,69095.0,
2026-06-17,NIY=F,0.00878968194960325,False,False,True,True,False,69705.0,
2026-06-18,NIY=F,0.03037814832115889,False,False,True,True,False,71855.0,
2026-06-22,NIY=F,0.012790992657803472,False,False,True,True,False,72780.0,
2026-06-23,NIY=F,-0.05391456582857607,False,False,True,True,False,68960.0,
2026-06-24,NIY=F,0.005351086598961449,False,False,True,True,False,69330.0,
2026-06-25,NIY=F,0.02577205356591001,False,False,True,True,False,71140.0,
2026-06-26,NIY=F,-0.02181336267977853,False,False,True,True,False,69605.0,
2026-06-29,NIY=F,0.015396982478465243,False,False,True,True,False,70685.0,
2026-06-30,NIY=F,0.004094316040039049,False,False,True,True,False,70975.0,
2026-07-01,NIY=F,-0.018916792219040177,False,False,True,True,False,69645.0,
2026-07-02,NIY=F,-0.021406324765300862,False,False,True,True,False,68170.0,
2026-07-06,NIY=F,0.027704205740327153,False,False,True,True,False,70085.0,
2026-07-07,NIY=F,-0.037136847528270435,False,False,True,True,False,67530.0,
2026-07-08,NIY=F,-0.0008888889474165181,False,False,True,True,False,67470.0,
2026-07-09,NIY=F,0.018619121217970498,False,False,True,True,False,68738.0,
2026-07-10,NIY=F,0.004239016858079569,False,False,True,True,False,69030.0,
2026-07-13,NIY=F,-0.024638289859011262,False,False,True,True,False,67350.0,
2026-07-14,NIY=F,0.01173488502310329,False,False,True,True,False,68145.0,
2026-07-15,NIY=F,-0.005223096436602023,False,False,True,True,False,67790.0,
2026-07-16,NIY=F,-0.02842800651714574,False,False,True,True,False,65890.0,
2026-07-17,NIY=F,-0.013984104398174532,False,False,True,True,False,64975.0,
2026-07-20,NIY=F,-0.007802581205025185,False,False,True,True,False,64470.0,
2026-07-21,NIY=F,0.04125000900484427,False,False,True,True,False,67185.0,
2026-07-22,NIY=F,-0.011451792378772568,False,False,True,True,False,66420.0,
2026-07-23,NIY=F,-0.01532306397547914,False,False,True,True,False,65410.0,
2026-07-24,NIY=F,-0.015794465247374188,False,False,True,True,False,64385.0,
2026-07-27,NIY=F,-0.007483081142069439,False,False,True,True,False,63905.0,
2026-07-28,NIY=F,-0.0227912056998852,False,False,True,True,False,62465.0,
2026-07-29,NIY=F,-0.02111301882293101,False,False,True,True,False,61160.0,
2026-07-30,NIY=F,0.039198702547312766,False,False,True,True,False,63605.0,
2026-07-31,NIY=F,-0.006546022822810409,False,False,True,True,False,63190.0,
2026-08-03,NIY=F,0.0036332083248373777,False,False,True,True,False,63420.0,
2026-08-04,NIY=F,0.03081943902998917,False,False,True,True,False,65405.0,
2026-08-05,NIY=F,0.004652412769586212,False,False,True,True,False,65710.0,
2026-08-06,NIY=F,-0.002361635958411383,False,False,True,True,False,65555.0,
2026-08-07,NIY=F,0.01009304716773513,False,False,True,True,False,66220.0,
2026-08-10,NIY=F,0.005722045427243146,False,False,True,True,False,66600.0,
2026-08-11,NIY=F,0.008224345422903082,False,False,True,True,False,67150.0,
2026-08-12,NIY=F,0.017419985823440343,False,False,True,True,False,68330.0,
2026-08-13,NIY=F,0.010641263226500669,False,False,False,True,False,69061.0,
2026-09-11,NIY=F,0.010798318171032278,False,False,True,True,False,64710.0,
2026-09-14,NIY=F,-0.02432372684323618,False,False,True,True,False,63155.0,
2026-09-15,NIY=F,0.005684076249485502,False,False,True,True,False,63515.0,
2026-09-16,NIY=F,0.011505625299905155,False,False,True,True,False,64250.0,
2026-09-17,NIY=F,0.010219971270048079,False,False,True,True,False,64910.0,
2026-09-18,NIY=F,0.0025387558352519698,False,False,True,True,False,65075.0,
2026-09-21,NIY=F,0.015628295977011597,False,False,True,True,False,66100.0,
2026-09-22,NIY=F,-0.005385124318758467,False,False,True,True,False,65745.0,
2026-09-23,NIY=F,-0.016022421032027348,False,False,True,True,False,64700.0,
2026-09-24,NIY=F,0.01579424076862997,False,False,True,True,False,65730.0,
2026-09-25,NIY=F,0.0130740573775091,False,False,True,True,False,66595.0,
2026-09-28,NIY=F,-0.010566933557141249,False,False,True,True,False,65895.0,
2026-09-29,NIY=F,0.005070966401035389,False,False,True,True,False,66230.0,
2026-09-30,NIY=F,0.008719237440497981,False,False,True,True,False,66810.0,
2026-10-01,NIY=F,0.021617661492803007,False,False,True,True,False,68270.0,
2026-10-02,NIY=F,0.022951233672261234,False,False,True,True,False,69855.0,
2026-10-05,NIY=F,0.0011445741288171312,False,False,True,True,False,69935.0,
2026-10-06,NIY=F,0.009251418104895761,False,False,True,True,False,70585.0,
2026-10-07,NIY=F,-0.014627967850080682,False,False,True,True,False,69560.0,
2010-01-12,NKD=F,0.0,False,True,False,False,False,10900.0,
2010-08-18,NKD=F,0.0,False,True,False,False,False,9230.0,
2010-11-22,NKD=F,0.0,False,True,False,False,False,10105.0,
2010-12-15,NKD=F,0.0,False,True,False,False,False,10375.0,
2010-12-16,NKD=F,0.0,False,True,False,False,False,10375.0,
2011-01-20,NKD=F,0.0,False,True,False,False,False,10485.0,
2011-05-09,NKD=F,0.0,False,True,False,False,False,9800.0,
2011-11-17,NKD=F,0.0,False,True,False,False,False,8390.0,
2011-11-22,NKD=F,0.0,False,True,False,False,False,8265.0,
2012-01-09,NKD=F,0.0,False,True,False,False,False,8360.0,
2012-03-15,NKD=F,0.0,False,True,False,False,False,10060.0,
2012-03-16,NKD=F,0.0,False,True,False,False,False,10060.0,
2012-03-23,NKD=F,0.0,False,True,False,False,False,9960.0,
2012-03-28,NKD=F,0.0,False,True,False,False,False,10150.0,
2013-04-04,NKD=F,0.06553251900203337,True,False,False,False,False,13085.0,
2013-04-18,NKD=F,0.0,False,True,False,False,False,13330.0,
2014-02-28,NKD=F,0.0,False,True,False,False,False,14930.0,
2014-08-08,NKD=F,0.0,False,True,False,False,False,15020.0,
2014-10-31,NKD=F,0.07667988558496851,True,False,False,False,False,17070.0,
2015-08-14,NKD=F,0.0,False,True,False,False,False,20595.0,
2016-03-16,NKD=F,0.0,False,True,False,False,False,16915.0,
2016-04-21,NKD=F,0.0,False,True,False,False,False,17280.0,
2016-06-24,NKD=F,-0.08454852376213506,True,False,False,False,False,15245.0,
2016-07-19,NKD=F,0.0,False,True,False,False,False,16680.0,
2016-09-12,NKD=F,0.0,False,True,False,False,False,16735.0,
2017-03-23,NKD=F,0.0,False,True,False,False,False,18970.0,
2017-05-22,NKD=F,0.0,False,True,False,False,False,19695.0,
2017-06-22,NKD=F,0.0,False,True,False,False,False,20135.0,
2018-02-05,NKD=F,-0.07076616981901818,True,False,False,False,False,21410.0,
2019-10-16,NKD=F,0.0,False,True,False,False,False,22540.0,
2019-10-17,NKD=F,0.0,False,True,False,False,False,22540.0,
2020-03-09,NKD=F,-0.07886108382208545,True,False,False,False,False,18890.0,
2020-03-12,NKD=F,-0.11608823047918145,True,False,False,False,False,17060.0,
2020-03-16,NKD=F,-0.10128297600348465,True,False,False,False,False,16465.0,
2020-03-24,NKD=F,0.08984533483119604,True,False,False,False,False,19435.0,
2020-10-27,NKD=F,0.0,False,True,False,False,False,23425.0,
2021-07-22,NKD=F,0.0,False,True,False,False,False,27970.0,
2021-09-08,NKD=F,0.0,False,True,False,False,False,29965.0,
2022-08-24,NKD=F,0.0,False,True,False,False,False,28465.0,
2022-10-06,NKD=F,0.0,False,True,False,False,False,27035.0,
2022-10-12,NKD=F,0.0,False,True,False,False,False,26355.0,
2022-12-27,NKD=F,0.0,False,True,False,False,False,26240.0,
2023-03-06,NKD=F,0.0,False,True,False,False,False,28205.0,
2023-04-03,NKD=F,0.0,False,True,False,False,False,28270.0,
2023-10-30,NKD=F,0.0,False,True,False,False,False,30625.0,
2024-12-06,NKD=F,0.0,False,True,False,False,False,39350.0,
2025-04-09,NKD=F,0.07888861199346488,True,False,False,False,False,35000.0,
2025-09-02,NKD=F,0.0,False,True,False,False,False,42100.0,
2025-09-25,NKD=F,0.0,False,True,False,False,False,45460.0,
2010-05-06,6J=F,0.05190639276691017,True,False,False,False,False,0.011249000206589699,
2010-06-28,6J=F,0.0,False,True,False,False,False,0.011200999841094017,
2010-07-07,6J=F,0.0,False,True,False,False,False,0.011447999626398087,
2011-04-20,6J=F,0.0,False,True,False,False,False,0.012138999998569489,
2011-05-20,6J=F,0.0,False,True,False,False,False,0.012257000431418419,
2011-10-31,6J=F,-0.029889626651271907,True,False,False,False,False,0.012821000069379807,
2012-05-16,6J=F,0.0,False,True,False,False,False,0.012458999641239643,
2012-09-18,6J=F,0.0,False,True,False,False,False,0.012688999995589256,
2012-11-27,6J=F,0.0,False,True,False,False,False,0.012171999551355839,
2013-04-04,6J=F,-0.03466050721459831,True,False,False,False,False,0.01040599960833788,
2013-04-23,6J=F,0.0,False,True,False,False,False,0.01006300002336502,
2014-04-22,6J=F,0.0,False,True,False,False,False,0.009746000170707703,
2014-06-09,6J=F,0.0,False,True,False,False,False,0.009752999991178513,
2014-07-16,6J=F,0.0,False,True,False,False,False,0.009836000390350819,
2014-08-08,6J=F,0.0,False,True,False,False,False,0.009801999665796757,
2014-10-31,6J=F,-0.026694857202726845,True,False,False,False,False,0.008907999843358994,
2015-02-24,6J=F,0.0,False,True,False,False,False,0.008413000032305717,
2015-07-07,6J=F,0.0,False,True,False,False,False,0.008174999617040157,
2015-08-24,6J=F,0.030534841614571068,True,False,False,False,False,0.008445999585092068,
2015-09-10,6J=F,0.0,False,True,False,False,False,0.00829199980944395,
2016-06-24,6J=F,0.034210880635385146,True,False,False,False,False,0.009812000207602978,
2016-10-25,6J=F,0.0,False,True,False,False,False,0.009611000306904316,
2017-04-17,6J=F,0.005764299625468838,False,False,False,True,False,0.009220999665558338,
2017-06-05,6J=F,0.0,False,True,False,False,False,0.009057000279426575,
2017-10-16,6J=F,0.0004473806717947056,False,False,False,True,False,0.008942999877035618,
2018-01-12,6J=F,-0.0030031693548310517,False,False,False,True,False,0.008976999670267105,
2018-07-16,6J=F,0.0,False,True,False,False,False,0.008902999572455883,
2018-11-13,6J=F,0.0,False,True,False,False,False,0.008787999860942364,
2019-03-25,6J=F,0.0,False,True,False,False,False,0.009101999923586845,
2019-04-26,6J=F,0.0,False,True,False,False,False,0.008965999819338322,
2019-05-03,6J=F,0.0035591454321962216,False,False,False,True,False,0.009007000364363194,
2019-09-13,6J=F,0.0,False,True,False,False,False,0.009247000329196453,
2019-12-13,6J=F,0.0,False,True,False,False,False,0.009147999808192253,
2020-02-14,6J=F,0.00043908126504706374,False,False,False,True,False,0.009112000465393066,
2020-02-28,6J=F,0.01936315810077988,True,False,False,False,False,0.009282000362873077,
2020-03-09,6J=F,0.029630246437410312,True,False,False,False,False,0.009796000085771084,
2020-03-10,6J=F,-0.02868438792841459,True,False,False,False,False,0.009518999606370926,
2020-03-13,6J=F,-0.027837381158387214,True,False,False,False,False,0.009246000088751316,
2020-03-25,6J=F,0.0,False,True,False,False,False,0.008991999551653862,
2020-07-09,6J=F,0.0,False,True,False,False,False,0.009328999556601048,
2020-09-11,6J=F,0.0,False,True,False,False,False,0.009424000047147274,
2020-10-20,6J=F,0.0,False,True,False,False,False,0.009486000053584576,
2021-01-19,6J=F,0.0,False,True,False,False,False,0.009631000459194183,
2021-04-22,6J=F,0.0,False,True,False,False,False,0.009252999909222126,
2021-07-07,6J=F,0.0,False,True,False,False,False,0.00904100015759468,
2021-09-13,6J=F,0.0,False,True,False,False,False,0.009099000133574009,
2021-10-18,6J=F,0.0,False,True,False,False,False,0.00875299982726574,
2021-11-26,6J=F,0.020680513644924604,True,False,False,False,False,0.008843000046908855,
2022-10-03,6J=F,0.0,False,True,False,False,False,0.006916999816894531,
2022-11-10,6J=F,0.03373541559592011,True,False,False,False,False,0.007054000161588192,
2022-12-20,6J=F,0.04172844653958213,True,False,False,False,False,0.0076339999213814735,
2023-04-26,6J=F,0.0,False,True,False,False,False,0.0075090001337230206,
2023-08-17,6J=F,0.0,False,True,False,False,False,0.006874000187963247,
2024-01-19,6J=F,0.0,False,True,False,False,False,0.006777999922633171,
2024-02-09,6J=F,0.0,False,True,False,False,False,0.006701999809592962,
2024-04-12,6J=F,0.0,False,True,False,False,False,0.006527999881654978,
2024-04-19,6J=F,0.0,False,True,False,False,False,0.006490999832749367,
2024-07-15,6J=F,0.0003157586414252176,False,False,False,True,False,0.006335000041872263,
2024-09-26,6J=F,0.0,False,True,False,False,False,0.006930000148713589,
2025-01-14,6J=F,0.0,False,True,False,False,False,0.00635599996894598,
2025-02-07,6J=F,0.0,False,True,False,False,False,0.006612000055611134,
2025-09-08,6J=F,0.0,False,True,False,False,False,0.006787000223994255,
2026-04-01,6J=F,0.0,False,True,False,False,False,0.006300999782979488,
2026-05-29,6J=F,0.0,False,True,False,False,False,0.0062870001420378685,
2026-07-30,6J=F,0.027187334969204235,True,False,False,False,False,0.006300999782979488,
2026-07-31,6J=F,0.0,False,True,False,False,False,0.006300999782979488,
2010-02-08,JPY=X,0.0,False,True,True,False,False,89.22000122070312,
2010-05-06,JPY=X,-0.03197261031178386,True,False,True,False,False,90.83000183105469,
2010-06-14,JPY=X,0.0,False,True,True,False,False,91.62000274658203,
2010-08-04,JPY=X,0.0,False,True,True,False,False,85.77999877929688,
2010-10-29,JPY=X,0.0,False,True,True,False,False,81.67900085449219,
2011-09-06,JPY=X,0.0,False,True,True,False,False,76.9020004272461,
2011-11-01,JPY=X,0.03334335749809941,True,False,True,False,False,78.30799865722656,
2012-01-18,JPY=X,0.0,False,True,True,False,False,76.81999969482422,
2013-04-05,JPY=X,0.03748467743357134,True,False,True,False,False,96.43699645996094,
2014-06-10,JPY=X,0.0,False,True,True,False,False,102.4800033569336,
2014-11-03,JPY=X,0.03267969811831405,True,False,True,False,False,112.84100341796875,
2015-01-01,JPY=X,0.0017981474487495535,False,False,True,True,False,119.6729965209961,
2016-01-01,JPY=X,-0.0013458195983274803,False,False,True,True,False,120.28800201416016,
2016-04-29,JPY=X,-0.03136926688584943,True,False,True,False,False,108.07599639892578,
2020-03-09,JPY=X,-0.021981392854217848,True,False,True,False,False,103.93800354003906,
2020-03-20,JPY=X,0.02668937291930426,True,False,True,False,False,111.29100036621094,
2021-06-02,JPY=X,0.0,False,True,True,False,False,109.49299621582031,
2022-11-11,JPY=X,-0.031085086613265447,True,False,True,False,False,141.73399353027344,
2022-12-21,JPY=X,-0.037961000252172625,True,False,True,False,False,131.89199829101562,
2024-06-26,JPY=X,0.0,False,True,True,False,False,159.68600463867188,
2024-09-17,JPY=X,0.0,False,True,True,False,False,140.7899932861328,
2011-08-04,^GSPC,-0.0490016550437416,True,False,False,False,False,1200.0699462890625,
2011-08-08,^GSPC,-0.06895836939262512,True,False,False,False,False,1119.4599609375,
2017-01-10,^GSPC,0.0,False,True,False,False,False,2268.89990234375,
2018-02-05,^GSPC,-0.041842540938381426,True,False,False,False,False,2648.93994140625,
2018-02-08,^GSPC,-0.0382590522458017,True,False,False,False,False,2581.0,
2020-02-27,^GSPC,-0.045168136352261155,True,False,False,False,False,2978.760009765625,
2020-03-02,^GSPC,0.0450108687694132,True,False,False,False,False,3090.22998046875,
2020-03-09,^GSPC,-0.07901041294037148,True,False,False,False,False,2746.56005859375,
2020-03-12,^GSPC,-0.09994485240247351,True,False,False,False,False,2480.639892578125,
2020-03-13,^GSPC,0.08880840694923595,True,False,False,False,False,2711.02001953125,
2020-03-16,^GSPC,-0.12765219747281742,True,False,False,False,False,2386.1298828125,
2020-03-24,^GSPC,0.08968323251796326,True,False,False,False,False,2447.330078125,
2025-04-03,^GSPC,-0.04960591182899663,True,False,False,False,False,5396.52001953125,
2025-04-04,^GSPC,-0.061609061898230934,True,False,False,False,False,5074.080078125,
2025-04-09,^GSPC,0.09089487983303646,True,False,False,False,False,5456.89990234375,
2011-08-04,^IXIC,-0.052085767176571346,True,False,False,False,False,2556.389892578125,
2011-08-08,^IXIC,-0.07148908252177423,True,False,False,False,False,2357.68994140625,
2018-02-05,^IXIC,-0.03849168499780571,True,False,False,False,False,6967.52978515625,
2018-02-08,^IXIC,-0.03975026748981897,True,False,False,False,False,6777.16015625,
2018-11-13,^IXIC,0.0,False,True,False,False,False,7200.8701171875,
2020-03-09,^IXIC,-0.07566582560192374,True,False,False,False,False,7950.68017578125,
2020-03-12,^IXIC,-0.09909876484232598,True,False,False,False,False,7201.7998046875,
2020-03-13,^IXIC,0.08934696396191795,True,False,False,False,False,7874.8798828125,
2020-03-16,^IXIC,-0.13149154641354951,True,False,False,False,False,6904.58984375,
2025-04-09,^IXIC,0.11478442296259717,True,False,False,False,False,17124.970703125,
2011-08-04,^DJI,-0.04405850850209665,True,False,False,False,False,11383.6796875,
2011-08-08,^DJI,-0.05706118814869463,True,False,False,False,False,10809.849609375,
2011-08-10,^DJI,-0.047352741223059686,True,False,False,False,False,10719.9404296875,
2014-04-24,^DJI,0.0,False,True,False,False,False,16501.650390625,
2015-11-27,^DJI,0.0,False,True,False,False,False,17813.390625,
2018-02-02,^DJI,-0.025751953905047906,True,False,False,False,False,25520.9609375,
2018-02-05,^DJI,-0.04714281575104447,True,False,False,False,False,24345.75,
2018-02-08,^DJI,-0.04237794893342402,True,False,False,False,False,23860.4609375,
2019-11-12,^DJI,0.0,False,True,False,False,False,27691.490234375,
2020-02-27,^DJI,-0.045184228308842805,True,False,False,False,False,25766.640625,
2020-03-02,^DJI,0.04967032846464836,True,False,False,False,False,26703.3203125,
2020-03-09,^DJI,-0.08105520646976173,True,False,False,False,False,23851.01953125,
2020-03-11,^DJI,-0.06033939608365496,True,False,False,False,False,23553.220703125,
2020-03-12,^DJI,-0.10523218533124404,True,False,False,False,False,21200.619140625,
2020-03-13,^DJI,0.08950183585054658,True,False,False,False,False,23185.619140625,
2020-03-16,^DJI,-0.1384181190449132,True,False,False,False,False,20188.51953125,
2020-03-24,^DJI,0.1076432789646575,True,False,False,False,False,20704.91015625,
2024-11-06,^DJI,0.03509421336225886,True,False,False,False,False,43729.9296875,
2025-04-03,^DJI,-0.04058465061167699,True,False,False,False,False,40545.9296875,
2025-04-04,^DJI,-0.056597603720987114,True,False,False,False,False,38314.859375,
2025-04-09,^DJI,0.0757603420314342,True,False,False,False,False,40608.44921875,
2014-10-10,^SOX,-0.07143368824255095,True,False,True,False,False,561.4000244140625,
2015-02-02,^SOX,0.0,False,True,True,False,False,653.1400146484375,
2016-08-17,^SOX,0.0,False,True,True,False,False,784.6099853515625,
2019-08-13,^SOX,0.029069316587886737,False,False,True,True,False,1489.6600341796875,
2020-03-09,^SOX,-0.08705789182815077,True,False,True,False,False,1558.1600341796875,
2020-03-12,^SOX,-0.1154921560439944,True,False,True,False,False,1392.1099853515625,
2020-03-13,^SOX,0.10372426627603759,True,False,True,False,False,1544.260009765625,
2020-03-16,^SOX,-0.17311945267661982,True,False,True,False,False,1298.780029296875,
2020-03-17,^SOX,0.09381254073861912,True,False,True,False,False,1426.52001953125,
2020-03-18,^SOX,-0.10304835139381129,True,False,True,False,False,1286.8399658203125,
2020-03-24,^SOX,0.10575307512203293,True,False,True,False,False,1491.8299560546875,
2020-04-06,^SOX,0.09879167508419112,True,False,True,False,False,1592.8800048828125,
2022-11-10,^SOX,0.09725704089516075,True,False,True,False,False,2672.5,
2024-09-03,^SOX,-0.08067027495827431,True,False,True,False,False,4759.0,
2025-01-27,^SOX,-0.09594230046889066,True,False,True,False,False,4853.240234375,
2025-04-03,^SOX,-0.10407171922174091,True,False,True,False,False,3893.68994140625,
2025-04-09,^SOX,0.17172238625211647,True,False,True,False,False,4230.4501953125,
2025-04-10,^SOX,-0.08305127695383516,True,False,True,False,False,3893.300048828125,
2026-06-05,^SOX,-0.10821960451856362,True,False,True,False,False,12220.759765625,
2026-06-23,^SOX,-0.08200349651183131,True,False,True,False,False,13482.509765625,
2010-01-26,^TNX,0.0,False,True,True,False,False,3.630000114440918,
2010-03-11,^TNX,0.0,False,True,True,False,False,3.7200000286102295,
2010-07-26,^TNX,0.0,False,True,True,False,False,2.99399995803833,
2010-11-11,^TNX,0.0,False,True,True,True,False,2.6480000019073486,
2011-03-01,^TNX,0.0,False,True,True,False,False,3.4140000343322754,
2011-03-11,^TNX,0.0,False,True,True,False,False,3.3929998874664307,
2011-04-11,^TNX,0.0,False,True,True,False,False,3.569999933242798,
2011-04-21,^TNX,0.0,False,True,True,False,False,3.4000000953674316,
2011-05-19,^TNX,0.0,False,True,True,False,False,3.1710000038146973,
2011-08-08,^TNX,-0.08950225556225876,True,False,True,False,False,2.3389999866485596,
2011-08-11,^TNX,0.0890370346603675,True,False,True,False,False,2.3359999656677246,
2011-09-22,^TNX,-0.08919555934172994,True,False,True,False,False,1.715000033378601,
2011-10-10,^TNX,0.00386095889862305,False,False,True,True,False,2.0759999752044678,
2011-10-27,^TNX,0.08356312391013876,True,False,True,False,False,2.3949999809265137,
2011-11-01,^TNX,-0.08338162323701719,True,False,True,False,False,2.000999927520752,
2011-11-11,^TNX,0.0,False,True,True,True,False,2.055999994277954,
2012-05-18,^TNX,0.0,False,True,True,False,False,1.7020000219345093,
2012-07-11,^TNX,0.0,False,True,True,False,False,1.4980000257492065,
2012-07-27,^TNX,0.08520066668205499,True,False,True,False,False,1.5549999475479126,
2012-10-08,^TNX,0.008050680626590598,False,False,True,True,False,1.746000051498413,
2012-10-15,^TNX,0.0,False,True,True,False,False,1.6629999876022339,
2012-11-08,^TNX,0.0,False,True,True,False,False,1.6319999694824219,
2012-11-12,^TNX,-0.0012407529347842456,False,False,True,True,False,1.6109999418258667,
2012-11-14,^TNX,0.0,False,True,True,False,False,1.5889999866485596,
2012-11-15,^TNX,0.0,False,True,True,False,False,1.5889999866485596,
2012-12-20,^TNX,0.0,False,True,True,False,False,1.7999999523162842,
2013-03-11,^TNX,0.0,False,True,True,False,False,2.055999994277954,
2013-03-25,^TNX,0.0,False,True,True,False,False,1.9149999618530273,
2013-04-23,^TNX,0.0,False,True,True,False,False,1.6979999542236328,
2013-04-24,^TNX,0.0,False,True,True,False,False,1.6979999542236328,
2013-05-30,^TNX,0.0,False,True,True,False,False,2.124000072479248,
2013-07-05,^TNX,0.08210129885701069,True,False,True,False,False,2.7149999141693115,
2013-10-14,^TNX,0.0033501103728056578,False,False,True,True,False,2.690999984741211,
2013-11-11,^TNX,0.0018191294961741238,False,False,True,True,False,2.750999927520752,
2014-04-21,^TNX,0.0,False,True,True,False,False,2.7209999561309814,
2014-07-15,^TNX,0.0,False,True,True,False,False,2.5490000247955322,
2014-10-13,^TNX,-0.009144374081075417,False,False,True,True,False,2.2860000133514404,
2014-11-11,^TNX,0.00042378790625835077,False,False,True,True,False,2.359999895095825,
2015-04-06,^TNX,0.0,False,True,True,False,False,1.9040000438690186,
2015-10-12,^TNX,-0.004297005024764605,False,False,True,True,False,2.0899999141693115,
2015-10-16,^TNX,0.0,False,True,True,False,False,2.0230000019073486,
2015-11-11,^TNX,0.00686699356413723,False,False,True,True,False,2.3380000591278076,
2016-05-10,^TNX,0.0,False,True,True,False,False,1.7599999904632568,
2016-06-24,^TNX,-0.09651848112678443,True,False,True,False,False,1.5789999961853027,
2016-09-12,^TNX,0.0,False,True,True,False,False,1.6720000505447388,
2016-10-10,^TNX,-0.007516596400106902,False,False,True,True,False,1.7230000495910645,
2016-11-09,^TNX,0.10686316457598086,True,False,True,False,False,2.072000026702881,
2017-04-04,^TNX,0.0,False,True,True,False,False,2.3499999046325684,
2017-09-08,^TNX,0.0,False,True,True,False,False,2.061000108718872,
2017-09-28,^TNX,0.0,False,True,True,False,False,2.309000015258789,
2017-10-09,^TNX,-0.0038046229049555984,False,False,True,True,False,2.3610000610351562,
2017-10-11,^TNX,0.0,False,True,True,False,False,2.3450000286102295,
2017-11-01,^TNX,0.0,False,True,True,False,False,2.375999927520752,
2017-11-13,^TNX,0.0,False,True,True,False,False,2.4000000953674316,
2018-05-11,^TNX,0.0,False,True,True,False,False,2.9709999561309814,
2018-05-22,^TNX,0.0,False,True,True,False,False,3.065000057220459,
2018-06-12,^TNX,0.0,False,True,True,False,False,2.9570000171661377,
2018-08-29,^TNX,0.0,False,True,True,False,False,2.884000062942505,
2018-09-05,^TNX,0.0,False,True,True,False,False,2.9019999504089355,
2018-09-13,^TNX,0.0,False,True,True,False,False,2.9630000591278076,
2018-09-28,^TNX,0.0,False,True,True,False,False,3.055999994277954,
2018-10-08,^TNX,0.0024775904560687696,False,False,True,True,False,3.2330000400543213,
2018-11-12,^TNX,-0.000941108324285823,False,False,True,True,False,3.186000108718872,
2019-02-06,^TNX,0.0,False,True,True,False,False,2.7019999027252197,
2019-03-05,^TNX,0.0,False,True,True,False,False,2.7219998836517334,
2019-04-17,^TNX,0.0,False,True,True,False,False,2.5920000076293945,
2019-09-30,^TNX,0.0,False,True,True,False,False,1.6749999523162842,
2019-10-14,^TNX,-0.010903943970988053,False,False,True,True,False,1.7330000400543213,
2019-11-11,^TNX,0.005159965344645548,False,False,True,True,False,1.9429999589920044,
2020-01-22,^TNX,0.0,False,True,True,False,False,1.7690000534057617,
2020-02-03,^TNX,0.0,False,True,True,False,False,1.5199999809265137,
2020-02-28,^TNX,-0.14203554456655856,True,False,True,False,False,1.1269999742507935,
2020-03-06,^TNX,-0.2712590379982701,True,False,True,False,False,0.7059999704360962,
2020-03-09,^TNX,-0.34700907406569687,True,False,True,False,False,0.49900001287460327,
2020-03-10,^TNX,0.40479689084622306,True,False,True,False,False,0.7480000257492065,
2020-03-11,^TNX,0.09190131913711817,True,False,True,False,False,0.8199999928474426,
2020-03-13,^TNX,0.11345487711991947,True,False,True,False,False,0.9509999752044678,
2020-03-16,^TNX,-0.2672130085804683,True,False,True,False,False,0.7279999852180481,
2020-03-17,^TNX,0.31444972102606444,True,False,True,False,False,0.996999979019165,
2020-03-18,^TNX,0.23886687939835644,True,False,True,False,False,1.2660000324249268,
2020-03-19,^TNX,-0.12342695750356128,True,False,True,False,False,1.11899995803833,
2020-03-20,^TNX,-0.17644069689703823,True,False,True,False,False,0.9380000233650208,
2020-03-23,^TNX,-0.20518218662150486,True,False,True,False,False,0.7639999985694885,
2020-03-30,^TNX,-0.11146126341186055,True,False,True,False,False,0.6700000166893005,
2020-04-01,^TNX,-0.09459413869945982,True,False,True,False,False,0.6349999904632568,
2020-04-06,^TNX,0.1411682336835515,True,False,True,False,False,0.6759999990463257,
2020-04-07,^TNX,0.08503704604030268,True,False,True,False,False,0.7360000014305115,
2020-04-15,^TNX,-0.1643979884266354,True,False,True,False,False,0.6380000114440918,
2020-04-21,^TNX,-0.09196117595146638,True,False,True,False,False,0.5709999799728394,
2020-04-22,^TNX,0.08071612660480516,True,False,True,False,False,0.6190000176429749,
2020-04-27,^TNX,0.09592012309834642,True,False,True,False,False,0.656000018119812,
2020-05-07,^TNX,-0.11936663076719134,True,False,True,False,False,0.6309999823570251,
2020-05-18,^TNX,0.15057290454479197,True,False,True,False,False,0.7440000176429749,
2020-05-29,^TNX,-0.08430707984378775,True,False,True,False,False,0.6480000019073486,
2020-06-03,^TNX,0.11254051972320249,True,False,True,False,False,0.7609999775886536,
2020-06-05,^TNX,0.0975250114498424,True,False,True,False,False,0.9039999842643738,
2020-06-10,^TNX,-0.1028171381351805,True,False,True,False,False,0.7480000257492065,
2020-06-11,^TNX,-0.13582588750347072,True,False,True,False,False,0.652999997138977,
2020-06-29,^TNX,0.0,False,True,True,False,False,0.6359999775886536,
2020-08-04,^TNX,-0.08911279675380057,True,False,True,False,False,0.5149999856948853,
2020-08-11,^TNX,0.13657552174947277,True,False,True,False,False,0.6579999923706055,
2020-08-27,^TNX,0.08239133112536919,True,False,True,False,False,0.7459999918937683,
2020-09-04,^TNX,0.14769910010174023,True,False,True,False,False,0.7210000157356262,
2020-10-01,^TNX,0.0,False,True,True,False,False,0.6769999861717224,
2020-10-05,^TNX,0.09059695604118063,True,False,True,False,False,0.7620000243186951,
2020-10-12,^TNX,0.0025773646654792775,False,False,True,True,False,0.7770000100135803,
2020-11-04,^TNX,-0.13840234714530825,True,False,True,False,False,0.7680000066757202,
2020-11-09,^TNX,0.15554345091487368,True,False,True,False,False,0.9580000042915344,
2020-11-11,^TNX,-0.01450802495333675,False,False,True,True,False,0.9580000042915344,
2020-12-01,^TNX,0.10132398143889046,True,False,True,False,False,0.9340000152587891,
2021-01-04,^TNX,0.0,False,True,True,False,False,0.9169999957084656,
2021-01-06,^TNX,0.08718595239188719,True,False,True,False,False,1.0420000553131104,
2021-01-26,^TNX,0.0,False,True,True,False,False,1.0399999618530273,
2021-02-25,^TNX,0.08880957771691461,True,False,True,False,False,1.5180000066757202,
2021-03-25,^TNX,0.0,False,True,True,False,False,1.6139999628067017,
2021-06-24,^TNX,0.0,False,True,True,False,False,1.4869999885559082,
2021-07-19,^TNX,-0.09600269541756923,True,False,True,False,False,1.180999994277954,
2021-08-26,^TNX,0.0,False,True,True,False,False,1.3420000076293945,
2021-10-11,^TNX,0.005591778337810566,False,False,True,True,False,1.6139999628067017,
2021-11-10,^TNX,0.08561368740634173,True,False,True,False,False,1.559999942779541,
2021-11-11,^TNX,0.0,False,True,True,True,False,1.559999942779541,
2021-11-26,^TNX,-0.10434785025315,True,False,True,False,False,1.4819999933242798,
2021-12-28,^TNX,0.0,False,True,True,False,False,1.4809999465942383,
2022-01-31,^TNX,0.0,False,True,True,False,False,1.781999945640564,
2022-03-02,^TNX,0.08852360434069077,True,False,True,False,False,1.8650000095367432,
2022-08-30,^TNX,0.0,False,True,True,False,False,3.109999895095825,
2022-10-10,^TNX,0.001286865317166616,False,False,True,True,False,3.888000011444092,
2022-11-10,^TNX,-0.08074560308590523,True,False,True,False,False,3.8289999961853027,
2022-11-11,^TNX,-0.004187400127694906,False,False,True,True,False,3.812999963760376,
2022-12-21,^TNX,0.0,False,True,True,False,False,3.684000015258789,
2023-05-09,^TNX,0.0,False,True,True,False,False,3.5209999084472656,
2023-10-09,^TNX,0.0027137083026529288,False,False,True,True,False,4.796999931335449,
2023-10-27,^TNX,0.0,False,True,True,False,False,4.84499979019165,
2023-10-31,^TNX,0.0,False,True,True,False,False,4.875,
2024-10-14,^TNX,0.006119244490697534,False,False,True,True,False,4.0980000495910645,
2024-11-11,^TNX,0.0004643266782078668,False,False,True,True,False,4.308000087738037,
2024-12-05,^TNX,0.0,False,True,True,False,False,4.179999828338623,
2025-06-25,^TNX,0.0,False,True,True,False,False,4.293000221252441,
2025-10-13,^TNX,0.0,False,True,True,True,False,4.051000118255615,
2025-10-27,^TNX,0.0,False,True,True,False,False,3.996999979019165,
2025-11-07,^TNX,0.0,False,True,True,False,False,4.0929999351501465,
2025-11-11,^TNX,0.002430074591113635,False,False,True,True,False,4.119999885559082,
2025-12-23,^TNX,0.0,False,True,True,False,False,4.169000148773193,
2025-12-26,^TNX,0.0,False,True,True,False,False,4.136000156402588,
2026-03-10,^TNX,0.0,False,True,True,False,False,4.136000156402588,
2026-09-02,^TNX,0.0,False,True,True,False,False,4.796000003814697,
2010-01-21,^VIX,0.17578705268671796,True,False,True,False,False,22.270000457763672,
2010-01-22,^VIX,0.2040124141057789,True,False,True,False,False,27.309999465942383,
2010-02-01,^VIX,-0.08605181760919507,True,False,True,False,False,22.59000015258789,
2010-02-04,^VIX,0.18847540178231623,True,False,True,False,False,26.079999923706055,
2010-04-16,^VIX,0.14448441628105374,True,False,True,False,False,18.360000610351562,
2010-04-20,^VIX,-0.09744629218328688,True,False,True,False,False,15.729999542236328,
2010-04-27,^VIX,0.26671392804128613,True,False,True,False,False,22.809999465942383,
2010-04-29,^VIX,-0.13380247296354705,True,False,True,False,False,18.440000534057617,
2010-04-30,^VIX,0.17879032020206853,True,False,True,False,False,22.049999237060547,
2010-05-03,^VIX,-0.08812510851608912,True,False,True,False,False,20.190000534057617,
2010-05-04,^VIX,0.16617738982131128,True,False,True,False,False,23.84000015258789,
2010-05-06,^VIX,0.2751591689812272,True,False,True,False,False,32.79999923706055,
2010-05-07,^VIX,0.22192333680032972,True,False,True,False,False,40.95000076293945,
2010-05-10,^VIX,-0.35058851122248774,True,False,True,False,False,28.84000015258789,
2010-05-12,^VIX,-0.1041057816355011,True,False,True,False,False,25.520000457763672,
2010-05-14,^VIX,0.15778508515912648,True,False,True,False,False,31.239999771118164,
2010-05-18,^VIX,0.0842242870344639,True,False,True,False,False,33.54999923706055,
2010-05-20,^VIX,0.25961637956760114,True,False,True,False,False,45.790000915527344,
2010-05-21,^VIX,-0.13268945040236968,True,False,True,False,False,40.099998474121094,
2010-05-25,^VIX,-0.10182926985640793,True,False,True,False,False,34.61000061035156,
2010-05-27,^VIX,-0.16544591134781583,True,False,True,False,False,29.68000030517578,
2010-06-01,^VIX,0.1027378442978453,True,False,True,False,False,35.540000915527344,
2010-06-02,^VIX,-0.16381079278721036,True,False,True,False,False,30.170000076293945,
2010-06-04,^VIX,0.18593576458183836,True,False,True,False,False,35.47999954223633,
2010-06-08,^VIX,-0.08173036381884484,True,False,True,False,False,33.70000076293945,
2010-06-10,^VIX,-0.09836850958225722,True,False,True,False,False,30.56999969482422,
2010-06-15,^VIX,-0.09962314119388718,True,False,True,False,False,25.8700008392334,
2010-06-22,^VIX,0.08362274294797212,True,False,True,False,False,27.049999237060547,
2010-06-24,^VIX,0.09999497426740497,True,False,True,False,False,29.739999771118164,
2010-06-29,^VIX,0.16288096422763582,True,False,True,False,False,34.130001068115234,
2010-07-02,^VIX,-0.08706670038873675,True,False,True,False,False,30.1200008392334,
2010-07-07,^VIX,-0.09956879478940246,True,False,True,False,False,26.84000015258789,
2010-07-20,^VIX,-0.08180908456157128,True,False,True,False,False,23.93000030517578,
2010-08-11,^VIX,0.12663455865947454,True,False,True,False,False,25.389999389648438,
2010-08-27,^VIX,-0.11281730659016735,True,False,True,False,False,24.450000762939453,
2010-08-30,^VIX,0.10695427202348279,True,False,True,False,False,27.209999084472656,
2010-09-01,^VIX,-0.0865578031225667,True,False,True,False,False,23.889999389648438,
2010-09-03,^VIX,-0.0845447532479277,True,False,True,False,False,21.309999465942383,
2010-09-07,^VIX,0.1105091275719851,True,False,True,False,False,23.799999237060547,
2010-09-24,^VIX,-0.09484953378980528,True,False,True,False,False,21.709999084472656,
2010-10-11,^VIX,-0.08828518266090632,True,False,True,False,False,18.959999084472656,
2010-11-03,^VIX,-0.09781680894979457,True,False,True,False,False,19.559999465942383,
2010-11-12,^VIX,0.10046664800344592,True,False,True,False,False,20.610000610351562,
2010-11-16,^VIX,0.11138191316624928,True,False,True,False,False,22.579999923706055,
2010-11-18,^VIX,-0.14887968008978872,True,False,True,False,False,18.75,
2010-11-23,^VIX,0.11602734149088692,True,False,True,False,False,20.6299991607666,
2010-11-26,^VIX,0.12750611600623357,True,False,True,False,False,22.219999313354492,
2010-11-30,^VIX,0.08925379745577,True,False,True,False,False,23.540000915527344,
2010-12-01,^VIX,-0.09718109805803536,True,False,True,False,False,21.360000610351562,
2010-12-02,^VIX,-0.09676260488959139,True,False,True,False,False,19.389999389648438,
2011-01-19,^VIX,0.08685381100839912,True,False,True,False,False,17.309999465942383,
2011-01-28,^VIX,0.21581029585341144,True,False,True,False,False,20.040000915527344,
2011-02-01,^VIX,-0.1023498312398844,True,False,True,False,False,17.6299991607666,
2011-02-22,^VIX,0.2358439994040118,True,False,True,False,False,20.799999237060547,
2011-02-25,^VIX,-0.10369421716700959,True,False,True,False,False,19.219999313354492,
2011-03-01,^VIX,0.13536893046173634,True,False,True,False,False,21.010000228881836,
2011-03-03,^VIX,-0.10697213590002072,True,False,True,False,False,18.600000381469727,
2011-03-07,^VIX,0.08060758609958137,True,False,True,False,False,20.65999984741211,
2011-03-11,^VIX,-0.0858486481735623,True,False,True,False,False,20.079999923706055,
2011-03-15,^VIX,0.14060525263927956,True,False,True,False,False,24.31999969482422,
2011-03-16,^VIX,0.18969561681985514,True,False,True,False,False,29.399999618530273,
2011-03-17,^VIX,-0.10876762917897126,True,False,True,False,False,26.3700008392334,
2011-03-21,^VIX,-0.1704447316384711,True,False,True,False,False,20.610000610351562,
2011-03-28,^VIX,0.08197361895147537,True,False,True,False,False,19.440000534057617,
2011-04-18,^VIX,0.10169843198983564,True,False,True,False,False,16.959999084472656,
2011-05-02,^VIX,0.08072042974597282,True,False,True,False,False,15.989999771118164,
2011-05-20,^VIX,0.11606333279042583,True,False,True,False,False,17.43000030517578,
2011-06-01,^VIX,0.16929202715823813,True,False,True,False,False,18.299999237060547,
2011-06-15,^VIX,0.1549326972821581,True,False,True,False,False,21.31999969482422,
2011-06-20,^VIX,-0.08896880193767574,True,False,True,False,False,19.989999771118164,
2011-06-24,^VIX,0.08968618418227677,True,False,True,False,False,21.100000381469727,
2011-06-29,^VIX,-0.10437564237253523,True,False,True,False,False,17.270000457763672,
2011-07-08,^VIX,0.0,False,True,True,False,False,15.949999809265137,
2011-07-11,^VIX,0.1423481881543561,True,False,True,False,False,18.389999389648438,
2011-07-19,^VIX,-0.08670775366373311,True,False,True,False,False,19.209999084472656,
2011-07-21,^VIX,-0.08354108793706973,True,False,True,False,False,17.559999465942383,
2011-07-25,^VIX,0.0993493275536799,True,False,True,False,False,19.350000381469727,
2011-07-27,^VIX,0.12745762394882737,True,False,True,False,False,22.979999542236328,
2011-08-04,^VIX,0.30317312948471975,True,False,True,False,False,31.65999984741211,
2011-08-08,^VIX,0.4054651081081644,True,False,True,False,False,48.0,
2011-08-09,^VIX,-0.3141400922450653,True,False,True,False,False,35.060001373291016,
2011-08-10,^VIX,0.203906650888555,True,False,True,False,False,42.9900016784668,
2011-08-11,^VIX,-0.09740592342173438,True,False,True,False,False,39.0,
2011-08-15,^VIX,-0.13180413133335822,True,False,True,False,False,31.8700008392334,
2011-08-18,^VIX,0.3009720478763144,True,False,True,False,False,42.66999816894531,
2011-08-23,^VIX,-0.15710031547155867,True,False,True,False,False,36.27000045776367,
2011-08-25,^VIX,0.10212400157558968,True,False,True,False,False,39.7599983215332,
2011-08-26,^VIX,-0.11079663576393041,True,False,True,False,False,35.59000015258789,
2011-08-29,^VIX,-0.09761689822381693,True,False,True,False,False,32.279998779296875,
2011-09-06,^VIX,0.08691315570208864,True,False,True,False,False,37.0,
2011-09-07,^VIX,-0.102960962411877,True,False,True,False,False,33.380001068115234,
2011-09-09,^VIX,0.11544933308602358,True,False,True,False,False,38.52000045776367,
2011-09-21,^VIX,0.1272732366184475,True,False,True,False,False,37.31999969482422,
2011-09-22,^VIX,0.10254301676628279,True,False,True,False,False,41.349998474121094,
2011-09-28,^VIX,0.08559614264109512,True,False,True,False,False,41.08000183105469,
2011-09-30,^VIX,0.1008187815376994,True,False,True,False,False,42.959999084472656,
2011-10-04,^VIX,-0.10744068750426934,True,False,True,False,False,40.81999969482422,
2011-10-10,^VIX,-0.09194568755219439,True,False,True,False,False,33.02000045776367,
2011-10-14,^VIX,-0.08352327492443873,True,False,True,False,False,28.239999771118164,
2011-10-17,^VIX,0.16751703115593075,True,False,True,False,False,33.38999938964844,
2011-10-19,^VIX,0.08732816062894928,True,False,True,False,False,34.439998626708984,
2011-10-21,^VIX,-0.10478561244948577,True,False,True,False,False,31.31999969482422,
2011-10-25,^VIX,0.0963660122210066,True,False,True,False,False,32.220001220703125,
2011-10-27,^VIX,-0.15941125538166515,True,False,True,False,False,25.459999084472656,
2011-10-31,^VIX,0.19996624182822698,True,False,True,False,False,29.959999084472656,
2011-11-01,^VIX,0.14889183109455228,True,False,True,False,False,34.77000045776367,
2011-11-08,^VIX,-0.0827264019220845,True,False,True,False,False,27.479999542236328,
2011-11-09,^VIX,0.274495080608096,True,False,True,False,False,36.15999984741211,
2011-11-10,^VIX,-0.0972201424753009,True,False,True,False,False,32.810001373291016,
2011-11-11,^VIX,-0.08820353145600127,True,False,True,False,False,30.040000915527344,
2011-11-30,^VIX,-0.09727033169957436,True,False,True,False,False,27.799999237060547,
2011-12-09,^VIX,-0.14806704767505136,True,False,True,False,False,26.3799991607666,
2011-12-21,^VIX,-0.08022212297237571,True,False,True,False,False,21.43000030517578,
2012-01-20,^VIX,-0.08340349521126209,True,False,True,False,False,18.280000686645508,
2012-02-10,^VIX,0.10969900634075187,True,False,True,False,False,20.790000915527344,
2012-02-13,^VIX,-0.08793006845919248,True,False,True,False,False,19.040000915527344,
2012-02-16,^VIX,-0.09521558375363712,True,False,True,False,False,19.219999313354492,
2012-02-22,^VIX,0.0,False,True,True,False,False,18.190000534057617,
2012-03-06,^VIX,0.14516711879076255,True,False,True,False,False,20.8700008392334,
2012-03-07,^VIX,-0.09019635769213531,True,False,True,False,False,19.06999969482422,
2012-03-12,^VIX,-0.08983136650756689,True,False,True,False,False,15.640000343322754,
2012-03-27,^VIX,0.08917126182046484,True,False,True,False,False,15.59000015258789,
2012-04-09,^VIX,0.11897984981301525,True,False,True,False,False,18.809999465942383,
2012-04-10,^VIX,0.08065593973177483,True,False,True,False,False,20.389999389648438,
2012-04-12,^VIX,-0.15182236857604123,True,False,True,False,False,17.200000762939453,
2012-04-13,^VIX,0.12806581922998678,True,False,True,False,False,19.549999237060547,
2012-04-16,^VIX,0.0,False,True,True,False,False,19.549999237060547,
2012-04-23,^VIX,0.08409229864712987,True,False,True,False,False,18.969999313354492,
2012-05-04,^VIX,0.08720120678517083,True,False,True,False,False,19.15999984741211,
2012-05-14,^VIX,0.09489881088287494,True,False,True,False,False,21.8700008392334,
2012-05-17,^VIX,0.09502435979369832,True,False,True,False,False,24.489999771118164,
2012-05-21,^VIX,-0.1313709553983719,True,False,True,False,False,22.010000228881836,
2012-05-30,^VIX,0.13792016802018991,True,False,True,False,False,24.139999389648438,
2012-06-01,^VIX,0.1026136206774618,True,False,True,False,False,26.65999984741211,
2012-06-06,^VIX,-0.10770435640914626,True,False,True,False,False,22.15999984741211,
2012-06-11,^VIX,0.1041350819623545,True,False,True,False,False,23.559999465942383,
2012-06-13,^VIX,0.09411601426022582,True,False,True,False,False,24.270000457763672,
2012-06-14,^VIX,-0.1128508479519876,True,False,True,False,False,21.68000030517578,
2012-06-18,^VIX,-0.1417535481852229,True,False,True,False,False,18.31999969482422,
2012-06-21,^VIX,0.1524920390646908,True,False,True,False,False,20.079999923706055,
2012-06-22,^VIX,-0.10325998542624705,True,False,True,False,False,18.110000610351562,
2012-06-25,^VIX,0.11808968101753194,True,False,True,False,False,20.3799991607666,
2012-06-29,^VIX,-0.14321789082117195,True,False,True,False,False,17.079999923706055,
2012-07-13,^VIX,-0.09073800630078978,True,False,True,False,False,16.739999771118164,
2012-07-23,^VIX,0.13491336755414113,True,False,True,False,False,18.6200008392334,
2012-07-24,^VIX,0.09472404920867501,True,False,True,False,False,20.469999313354492,
2012-07-26,^VIX,-0.09826175981202437,True,False,True,False,False,17.530000686645508,
2012-08-03,^VIX,-0.11636112776111868,True,False,True,False,False,15.640000343322754,
2012-08-14,^VIX,0.08060407202507898,True,False,True,False,False,14.850000381469727,
2012-09-06,^VIX,-0.12855102527073461,True,False,True,False,False,15.600000381469727,
2012-09-07,^VIX,-0.08143257845743888,True,False,True,False,False,14.380000114440918,
2012-09-10,^VIX,0.124099042500396,True,False,True,False,False,16.280000686645508,
2012-09-13,^VIX,-0.11738754274955804,True,False,True,False,False,14.050000190734863,
2012-09-25,^VIX,0.08659908902289469,True,False,True,False,False,15.430000305175781,
2012-09-26,^VIX,0.08566022949714093,True,False,True,False,False,16.809999465942383,
2012-09-27,^VIX,-0.1246476676288535,True,False,True,False,False,14.84000015258789,
2012-10-09,^VIX,0.08009368908650151,True,False,True,False,False,16.3700008392334,
2012-10-19,^VIX,0.12668832476037056,True,False,True,False,False,17.059999465942383,
2012-10-23,^VIX,0.12484449869464619,True,False,True,False,False,18.829999923706055,
2012-11-01,^VIX,-0.10835183155587838,True,False,True,False,False,16.690000534057617,
2012-11-07,^VIX,0.08187877410428987,True,False,True,False,False,19.079999923706055,
2012-11-12,^VIX,-0.10948868822461551,True,False,True,False,False,16.68000030517578,
2012-11-16,^VIX,-0.09192513943618637,True,False,True,False,False,16.40999984741211,
2012-12-19,^VIX,0.10882277814503963,True,False,True,False,False,17.360000610351562,
2012-12-24,^VIX,0.0,False,True,True,False,False,17.84000015258789,
2012-12-26,^VIX,0.08794513901023088,True,False,True,False,False,19.479999542236328,
2012-12-28,^VIX,0.1543707795136159,True,False,True,False,False,22.719999313354492,
2012-12-31,^VIX,-0.23176328604759575,True,False,True,False,False,18.020000457763672,
2013-01-02,^VIX,-0.20499623360837071,True,False,True,False,False,14.680000305175781,
2013-01-18,^VIX,-0.08533793493691184,True,False,True,False,False,12.460000038146973,
2013-02-01,^VIX,-0.10163265641561234,True,False,True,False,False,12.899999618530273,
2013-02-04,^VIX,0.12857731555923896,True,False,True,False,False,14.670000076293945,
2013-02-20,^VIX,0.1760740696910832,True,False,True,False,False,14.680000305175781,
2013-02-25,^VIX,0.29278545368466136,True,False,True,False,False,18.989999771118164,
2013-02-26,^VIX,-0.11837556646647333,True,False,True,False,False,16.8700008392334,
2013-02-27,^VIX,-0.13565074690739015,True,False,True,False,False,14.729999542236328,
2013-03-04,^VIX,-0.09199532868183533,True,False,True,False,False,14.010000228881836,
2013-03-11,^VIX,-0.08535196063277141,True,False,True,False,False,11.5600004196167,
2013-03-15,^VIX,0.0,False,True,True,False,False,11.300000190734863,
2013-03-18,^VIX,0.1674623998132022,True,False,True,False,False,13.359999656677246,
2013-03-20,^VIX,-0.12729654440303323,True,False,True,False,False,12.670000076293945,
2013-03-21,^VIX,0.09910577196233179,True,False,True,False,False,13.989999771118164,
2013-04-03,^VIX,0.10606451673840966,True,False,True,False,False,14.210000038146973,
2013-04-15,^VIX,0.35907669257175284,True,False,True,False,False,17.270000457763672,
2013-04-16,^VIX,-0.2127748185980618,True,False,True,False,False,13.960000038146973,
2013-04-17,^VIX,0.16777017172844338,True,False,True,False,False,16.510000228881836,
2013-04-19,^VIX,-0.15957534152453354,True,False,True,False,False,14.970000267028809,
2013-05-31,^VIX,0.11494960180217968,True,False,True,False,False,16.299999237060547,
2013-06-07,^VIX,-0.09386797205396971,True,False,True,False,False,15.140000343322754,
2013-06-11,^VIX,0.10036100150906509,True,False,True,False,False,17.06999969482422,
2013-06-12,^VIX,0.08530129101296816,True,False,True,False,False,18.59000015258789,
2013-06-13,^VIX,-0.124732914137886,True,False,True,False,False,16.40999984741211,
2013-06-20,^VIX,0.2081275523671112,True,False,True,False,False,20.489999771118164,
2013-06-21,^VIX,-0.08077504919837863,True,False,True,False,False,18.899999618530273,
2013-06-25,^VIX,-0.0850694771003211,True,False,True,False,False,18.469999313354492,
2013-06-28,^VIX,0.0,False,True,True,False,False,16.860000610351562,
2013-07-05,^VIX,-0.08432141958017769,True,False,True,False,False,14.890000343322754,
2013-07-19,^VIX,-0.09356881382136076,True,False,True,False,False,12.539999961853027,
2013-07-30,^VIX,0.0,False,True,True,False,False,13.390000343322754,
2013-08-15,^VIX,0.12186464582444938,True,False,True,False,False,14.729999542236328,
2013-08-27,^VIX,0.11220830628616084,True,False,True,False,False,16.770000457763672,
2013-09-23,^VIX,0.08682084809836652,True,False,True,False,False,14.3100004196167,
2013-09-27,^VIX,0.09492212939950463,True,False,True,False,False,15.460000038146973,
2013-10-07,^VIX,0.14798733793103674,True,False,True,False,False,19.40999984741211,
2013-10-10,^VIX,-0.17338208899480903,True,False,True,False,False,16.479999542236328,
2013-10-15,^VIX,0.14942802648290832,True,False,True,False,False,18.65999984741211,
2013-10-16,^VIX,-0.2378546500353119,True,False,True,False,False,14.710000038146973,
2013-10-17,^VIX,-0.08732046568118315,True,False,True,False,False,13.479999542236328,
2013-11-07,^VIX,0.09337099461102806,True,False,True,False,False,13.90999984741211,
2013-12-06,^VIX,-0.08942566848159729,True,False,True,False,False,13.789999961853027,
2013-12-11,^VIX,0.10305737811721288,True,False,True,False,False,15.420000076293945,
2013-12-18,^VIX,-0.16095967328388744,True,False,True,False,False,13.800000190734863,
2013-12-30,^VIX,0.08460079703657139,True,False,True,False,False,13.5600004196167,
2014-01-13,^VIX,0.08975331002905208,True,False,True,False,False,13.279999732971191,
2014-01-15,^VIX,0.0,False,True,True,False,False,12.279999732971191,
2014-01-24,^VIX,0.2756270650561546,True,False,True,False,False,18.139999389648438,
2014-01-28,^VIX,-0.09760902369928423,True,False,True,False,False,15.800000190734863,
2014-01-29,^VIX,0.09358257627484785,True,False,True,False,False,17.350000381469727,
2014-02-03,^VIX,0.15236437415533383,True,False,True,False,False,21.440000534057617,
2014-02-04,^VIX,-0.1150465709209663,True,False,True,False,False,19.110000610351562,
2014-02-06,^VIX,-0.14657715760644072,True,False,True,False,False,17.229999542236328,
2014-02-07,^VIX,-0.11945300652593607,True,False,True,False,False,15.289999961853027,
2014-02-19,^VIX,0.11111179784942807,True,False,True,False,False,15.5,
2014-03-03,^VIX,0.13353139262452257,True,False,True,False,False,16.0,
2014-03-04,^VIX,-0.1264138978010685,True,False,True,False,False,14.100000381469727,
2014-03-13,^VIX,0.1141674472566513,True,False,True,False,False,16.219999313354492,
2014-03-14,^VIX,0.09407639856319429,True,False,True,False,False,17.81999969482422,
2014-03-17,^VIX,-0.1304896478484509,True,False,True,False,False,15.640000343322754,
2014-04-07,^VIX,0.10914986617884637,True,False,True,False,False,15.569999694824219,
2014-04-10,^VIX,0.1395732058974995,True,False,True,False,False,15.890000343322754,
2014-04-16,^VIX,-0.09607916990802474,True,False,True,False,False,14.180000305175781,
2014-05-21,^VIX,-0.08448932331210483,True,False,True,False,False,11.90999984741211,
2014-06-06,^VIX,-0.08483448954757637,True,False,True,False,False,10.729999542236328,
2014-06-18,^VIX,-0.12809730582564763,True,False,True,False,False,10.609999656677246,
2014-06-24,^VIX,0.09960633799979128,True,False,True,False,False,12.130000114440918,
2014-07-07,^VIX,0.0933703378239961,True,False,True,False,False,11.329999923706055,
2014-07-16,^VIX,-0.08367247891366138,True,False,True,False,False,11.0,
2014-07-17,^VIX,0.2790081966834145,True,False,True,False,False,14.539999961853027,
2014-07-18,^VIX,-0.18700924338865843,True,False,True,False,False,12.0600004196167,
2014-07-31,^VIX,0.24025075037049498,True,False,True,False,False,16.950000762939453,
2014-08-04,^VIX,-0.11895817181181262,True,False,True,False,False,15.119999885559082,
2014-08-05,^VIX,0.1095185831224219,True,False,True,False,False,16.8700008392334,
2014-08-11,^VIX,-0.10275705006960173,True,False,True,False,False,14.229999542236328,
2014-08-13,^VIX,-0.09107292299925164,True,False,True,False,False,12.899999618530273,
2014-09-16,^VIX,-0.10363084735034064,True,False,True,False,False,12.729999542236328,
2014-09-22,^VIX,0.12263407943437839,True,False,True,False,False,13.6899995803833,
2014-09-23,^VIX,0.08670702334251204,True,False,True,False,False,14.930000305175781,
2014-09-24,^VIX,-0.11786674915129201,True,False,True,False,False,13.270000457763672,
2014-09-25,^VIX,0.16432587422849995,True,False,True,False,False,15.640000343322754,
2014-10-03,^VIX,-0.10494803692420254,True,False,True,False,False,14.550000190734863,
2014-10-07,^VIX,0.10665338254961267,True,False,True,False,False,17.200000762939453,
2014-10-08,^VIX,-0.12955267461326223,True,False,True,False,False,15.109999656677246,
2014-10-09,^VIX,0.21637020221551378,True,False,True,False,False,18.760000228881836,
2014-10-10,^VIX,0.12415922981915418,True,False,True,False,False,21.239999771118164,
2014-10-13,^VIX,0.1484849282968003,True,False,True,False,False,24.639999389648438,
2014-10-15,^VIX,0.10329605608508899,True,False,True,False,False,25.270000457763672,
2014-10-17,^VIX,-0.13625623063453352,True,False,True,False,False,21.989999771118164,
2014-10-20,^VIX,-0.1690404352274108,True,False,True,False,False,18.56999969482422,
2014-10-21,^VIX,-0.14397109992463616,True,False,True,False,False,16.079999923706055,
2014-10-22,^VIX,0.10554711712842045,True,False,True,False,False,17.8700008392334,
2014-10-28,^VIX,-0.10855211475842898,True,False,True,False,False,14.390000343322754,
2014-11-28,^VIX,0.09929411864152692,True,False,True,False,False,13.329999923706055,
2014-12-02,^VIX,-0.0970772364620043,True,False,True,False,False,12.850000381469727,
2014-12-08,^VIX,0.17824820521591891,True,False,True,False,False,14.210000038146973,
2014-12-10,^VIX,0.18827557846849668,True,False,True,False,False,18.530000686645508,
2014-12-11,^VIX,0.0803332136708786,True,False,True,False,False,20.079999923706055,
2014-12-16,^VIX,0.14345988752764774,True,False,True,False,False,23.56999969482422,
2014-12-17,^VIX,-0.19264187749601136,True,False,True,False,False,19.440000534057617,
2014-12-18,^VIX,-0.14535891085410158,True,False,True,False,False,16.809999465942383,
2014-12-31,^VIX,0.18733413356159467,True,False,True,False,False,19.200000762939453,
2015-01-05,^VIX,0.11308770284569483,True,False,True,False,False,19.920000076293945,
2015-01-07,^VIX,-0.08959742979111619,True,False,True,False,False,19.309999465942383,
2015-01-08,^VIX,-0.126821648919881,True,False,True,False,False,17.010000228881836,
2015-01-12,^VIX,0.1104756792596721,True,False,True,False,False,19.600000381469727,
2015-01-22,^VIX,-0.13923162256133706,True,False,True,False,False,16.399999618530273,
2015-01-27,^VIX,0.10394191487454535,True,False,True,False,False,17.219999313354492,
2015-01-28,^VIX,0.17142233233886708,True,False,True,False,False,20.440000534057617,
2015-01-29,^VIX,-0.08576683568496396,True,False,True,False,False,18.760000228881836,
2015-01-30,^VIX,0.11136585639104273,True,False,True,False,False,20.969999313354492,
2015-02-03,^VIX,-0.11437917977067641,True,False,True,False,False,17.329999923706055,
2015-02-05,^VIX,-0.08418837825184554,True,False,True,False,False,16.850000381469727,
2015-02-12,^VIX,-0.10039377049602104,True,False,True,False,False,15.34000015258789,
2015-03-10,^VIX,0.10276751943766035,True,False,True,False,False,16.690000534057617,
2015-03-12,^VIX,-0.089871573222055,True,False,True,False,False,15.420000076293945,
2015-03-18,^VIX,-0.11419748843554198,True,False,True,False,False,13.970000267028809,
2015-03-25,^VIX,0.12542222510043294,True,False,True,False,False,15.4399995803833,
2015-04-13,^VIX,0.1026541300231562,True,False,True,False,False,13.9399995803833,
2015-04-17,^VIX,0.09747233725070595,True,False,True,False,False,13.890000343322754,
2015-04-30,^VIX,0.08308282138311034,True,False,True,False,False,14.550000190734863,
2015-05-01,^VIX,-0.13598902828037443,True,False,True,False,False,12.699999809265137,
2015-05-05,^VIX,0.10761478186408995,True,False,True,False,False,14.3100004196167,
2015-05-08,^VIX,-0.16255784325158099,True,False,True,False,False,12.859999656677246,
2015-05-26,^VIX,0.14765218383673945,True,False,True,False,False,14.0600004196167,
2015-06-10,^VIX,-0.09034670447496196,True,False,True,False,False,13.220000267028809,
2015-06-15,^VIX,0.11049972395144418,True,False,True,False,False,15.390000343322754,
2015-06-18,^VIX,-0.09468971451055078,True,False,True,False,False,13.1899995803833,
2015-06-22,^VIX,-0.09144946788840772,True,False,True,False,False,12.739999771118164,
2015-06-24,^VIX,0.09072047280414063,True,False,True,False,False,13.260000228881836,
2015-06-29,^VIX,0.2960280198739356,True,False,True,False,False,18.850000381469727,
2015-07-01,^VIX,-0.12487059309242127,True,False,True,False,False,16.09000015258789,
2015-07-08,^VIX,0.2003881364699924,True,False,True,False,False,19.65999984741211,
2015-07-10,^VIX,-0.1710681093743687,True,False,True,False,False,16.829999923706055,
2015-07-13,^VIX,-0.19127419097672288,True,False,True,False,False,13.899999618530273,
2015-07-16,^VIX,-0.08845541431178576,True,False,True,False,False,12.109999656677246,
2015-07-24,^VIX,0.08344485425581512,True,False,True,False,False,13.739999771118164,
2015-07-27,^VIX,0.12695966857254215,True,False,True,False,False,15.600000381469727,
2015-07-28,^VIX,-0.14903563483515622,True,False,True,False,False,13.4399995803833,
2015-08-06,^VIX,0.09596400320938224,True,False,True,False,False,13.770000457763672,
2015-08-10,^VIX,-0.09061627307380854,True,False,True,False,False,12.229999542236328,
2015-08-11,^VIX,0.11423358408713478,True,False,True,False,False,13.710000038146973,
2015-08-19,^VIX,0.10063581401448807,True,False,True,False,False,15.25,
2015-08-20,^VIX,0.22720085108259072,True,False,True,False,False,19.139999389648438,
2015-08-21,^VIX,0.38149503553749253,True,False,True,False,False,28.030000686645508,
2015-08-24,^VIX,0.3739350623246345,True,False,True,False,False,40.7400016784668,
2015-08-25,^VIX,-0.12313609954173135,True,False,True,False,False,36.02000045776367,
2015-08-26,^VIX,-0.1722668017474006,True,False,True,False,False,30.31999969482422,
2015-08-27,^VIX,-0.14987222176466056,True,False,True,False,False,26.100000381469727,
2015-08-31,^VIX,0.08742719748532295,True,False,True,False,False,28.43000030517578,
2015-09-01,^VIX,0.09936294436829488,True,False,True,False,False,31.399999618530273,
2015-09-02,^VIX,-0.18525577576833296,True,False,True,False,False,26.09000015258789,
2015-09-04,^VIX,0.08205306920874379,True,False,True,False,False,27.799999237060547,
2015-09-08,^VIX,-0.11016820510213336,True,False,True,False,False,24.899999618530273,
2015-09-21,^VIX,-0.10098158889302568,True,False,True,False,False,20.139999389648438,
2015-09-22,^VIX,0.1081372474688786,True,False,True,False,False,22.440000534057617,
2015-09-28,^VIX,0.15680826226149064,True,False,True,False,False,27.6299991607666,
2015-09-30,^VIX,-0.09084754404324566,True,False,True,False,False,24.5,
2015-10-01,^VIX,-0.08293808543522975,True,False,True,False,False,22.549999237060547,
2015-10-13,^VIX,0.08871061234205974,True,False,True,False,False,17.670000076293945,
2015-10-15,^VIX,-0.11632827325786999,True,False,True,False,False,16.049999237060547,
2015-10-22,^VIX,-0.14471436374890906,True,False,True,False,False,14.449999809265137,
2015-11-09,^VIX,0.142216559286488,True,False,True,False,False,16.520000457763672,
2015-11-12,^VIX,0.13438726964731437,True,False,True,False,False,18.3700008392334,
2015-11-13,^VIX,0.08900534611199874,True,False,True,False,False,20.079999923706055,
2015-11-16,^VIX,-0.10050292625329886,True,False,True,False,False,18.15999984741211,
2015-11-18,^VIX,-0.11163159780983851,True,False,True,False,False,16.850000381469727,
2015-11-20,^VIX,-0.09372224036623046,True,False,True,False,False,15.470000267028809,
2015-12-01,^VIX,-0.09487624275219898,True,False,True,False,False,14.670000076293945,
2015-12-02,^VIX,0.08114323540343642,True,False,True,False,False,15.90999984741211,
2015-12-03,^VIX,0.1295164728387775,True,False,True,False,False,18.110000610351562,
2015-12-04,^VIX,-0.20116164898473957,True,False,True,False,False,14.8100004196167,
2015-12-08,^VIX,0.1053605276991684,True,False,True,False,False,17.600000381469727,
2015-12-09,^VIX,0.10814074761423836,True,False,True,False,False,19.610000610351562,
2015-12-11,^VIX,0.23199768928825953,True,False,True,False,False,24.389999389648438,
2015-12-15,^VIX,-0.08154693493996301,True,False,True,False,False,20.950000762939453,
2015-12-16,^VIX,-0.1595750731627317,True,False,True,False,False,17.860000610351562,
2015-12-18,^VIX,0.08885762117302938,True,False,True,False,False,20.700000762939453,
2015-12-21,^VIX,-0.1016101724688598,True,False,True,False,False,18.700000762939453,
2015-12-22,^VIX,-0.1191208463168401,True,False,True,False,False,16.600000381469727,
2016-01-04,^VIX,0.12816289366486183,True,False,True,False,False,20.700000762939453,
2016-01-07,^VIX,0.19367020723744927,True,False,True,False,False,24.989999771118164,
2016-01-11,^VIX,-0.10573085732867375,True,False,True,False,False,24.299999237060547,
2016-01-13,^VIX,0.1154562476716288,True,False,True,False,False,25.219999313354492,
2016-01-15,^VIX,0.12060899376128009,True,False,True,False,False,27.020000457763672,
2016-01-22,^VIX,-0.17791018295477537,True,False,True,False,False,22.34000015258789,
2016-01-29,^VIX,-0.10427077887051697,True,False,True,False,False,20.200000762939453,
2016-02-02,^VIX,0.09540117783978994,True,False,True,False,False,21.979999542236328,
2016-02-08,^VIX,0.1062156178729153,True,False,True,False,False,26.0,
2016-02-12,^VIX,-0.10244287099042414,True,False,True,False,False,25.399999618530273,
2016-02-25,^VIX,-0.08088759406098134,True,False,True,False,False,19.110000610351562,
2016-03-01,^VIX,-0.14929622113252902,True,False,True,False,False,17.700000762939453,
2016-03-11,^VIX,-0.08978526160424032,True,False,True,False,False,16.5,
2016-03-16,^VIX,-0.1163737210296814,True,False,True,False,False,14.989999771118164,
2016-03-29,^VIX,-0.09780673898266716,True,False,True,False,False,13.819999694824219,
2016-04-05,^VIX,0.08807314912269494,True,False,True,False,False,15.420000076293945,
2016-04-06,^VIX,-0.09020003634280462,True,False,True,False,False,14.09000015258789,
2016-04-07,^VIX,0.13707370691052384,True,False,True,False,False,16.15999984741211,
2016-04-12,^VIX,-0.09070822725913273,True,False,True,False,False,14.850000381469727,
2016-04-28,^VIX,0.10011802399402735,True,False,True,False,False,15.220000267028809,
2016-05-24,^VIX,-0.09265880590135783,True,False,True,False,False,14.420000076293945,
2016-06-10,^VIX,0.1512190030101828,True,False,True,False,False,17.030000686645508,
2016-06-13,^VIX,0.20811627717528977,True,False,True,False,False,20.969999313354492,
2016-06-22,^VIX,0.1358960473078682,True,False,True,False,False,21.170000076293945,
2016-06-23,^VIX,-0.2047729452732758,True,False,True,False,False,17.25,
2016-06-24,^VIX,0.4010107666439484,True,False,True,False,False,25.760000228881836,
2016-06-28,^VIX,-0.2405904809124681,True,False,True,False,False,18.75,
2016-06-29,^VIX,-0.11938435370313931,True,False,True,False,False,16.639999389648438,
2016-07-08,^VIX,-0.1117040195365115,True,False,True,False,False,13.199999809265137,
2016-08-05,^VIX,-0.08657227504660032,True,False,True,False,False,11.390000343322754,
2016-08-24,^VIX,0.08289681536635139,True,False,True,False,False,13.449999809265137,
2016-09-02,^VIX,-0.11796851704878558,True,False,True,False,False,11.979999542236328,
2016-09-09,^VIX,0.3356725381547387,True,False,True,False,False,17.5,
2016-09-12,^VIX,-0.14354051078040708,True,False,True,False,False,15.15999984741211,
2016-09-13,^VIX,0.16334315944743963,True,False,True,False,False,17.850000381469727,
2016-09-15,^VIX,-0.10695435003365247,True,False,True,False,False,16.299999237060547,
2016-09-21,^VIX,-0.17981213563989507,True,False,True,False,False,13.300000190734863,
2016-09-22,^VIX,-0.1011920823781142,True,False,True,False,False,12.020000457763672,
2016-09-26,^VIX,0.1653627289524887,True,False,True,False,False,14.5,
2016-09-27,^VIX,-0.10153639009959678,True,False,True,False,False,13.100000381469727,
2016-09-29,^VIX,0.12359519090648864,True,False,True,False,False,14.020000457763672,
2016-10-11,^VIX,0.13800564211456884,True,False,True,False,False,15.359999656677246,
2016-11-01,^VIX,0.0842721878245324,True,False,True,False,False,18.559999465942383,
2016-11-03,^VIX,0.13353140496502897,True,False,True,False,False,22.079999923706055,
2016-11-07,^VIX,-0.18490157373316507,True,False,True,False,False,18.709999084472656,
2016-11-09,^VIX,-0.26482190434549113,True,False,True,False,False,14.380000114440918,
2016-12-05,^VIX,-0.15108641004857054,True,False,True,False,False,12.140000343322754,
2017-01-03,^VIX,-0.08856655485305576,True,False,True,False,False,12.850000381469727,
2017-01-04,^VIX,-0.08101594125491061,True,False,True,False,False,11.850000381469727,
2017-01-20,^VIX,-0.10206217028079227,True,False,True,False,False,11.539999961853027,
2017-01-30,^VIX,0.11589090434856732,True,False,True,False,False,11.880000114440918,
2017-02-03,^VIX,-0.08389196306148798,True,False,True,False,False,10.970000267028809,
2017-02-15,^VIX,0.10842847410849218,True,False,True,False,False,11.970000267028809,
2017-03-14,^VIX,0.08038150034819254,True,False,True,False,False,12.300000190734863,
2017-03-21,^VIX,0.09498946935031426,True,False,True,False,False,12.470000267028809,
2017-03-28,^VIX,-0.08077633318676844,True,False,True,False,False,11.529999732971191,
2017-04-05,^VIX,0.08920013227216657,True,False,True,False,False,12.890000343322754,
2017-04-10,^VIX,0.08772339663922267,True,False,True,False,False,14.050000190734863,
2017-04-17,^VIX,-0.08496290836176942,True,False,True,False,False,14.65999984741211,
2017-04-24,^VIX,-0.2998312127665049,True,False,True,False,False,10.84000015258789,
2017-05-17,^VIX,0.3810698365205543,True,False,True,False,False,15.59000015258789,
2017-05-19,^VIX,-0.19688824933773272,True,False,True,False,False,12.039999961853027,
2017-05-22,^VIX,-0.09672310660294348,True,False,True,False,False,10.930000305175781,
2017-06-13,^VIX,-0.09513567096820313,True,False,True,False,False,10.420000076293945,
2017-06-27,^VIX,0.11080031542596729,True,False,True,False,False,11.0600004196167,
2017-06-28,^VIX,-0.09775445868338312,True,False,True,False,False,10.029999732971191,
2017-06-29,^VIX,0.13153537392103784,True,False,True,False,False,11.4399995803833,
2017-07-06,^VIX,0.1246848130100274,True,False,True,False,False,12.539999961853027,
2017-07-07,^VIX,-0.11390304733817629,True,False,True,False,False,11.1899995803833,
2017-07-25,^VIX,0.0,False,True,True,False,False,9.430000305175781,
2017-08-08,^VIX,0.09869177621064483,True,False,True,False,False,10.960000038146973,
2017-08-10,^VIX,0.36724008676673126,True,False,True,False,False,16.040000915527344,
2017-08-14,^VIX,-0.22944968095691165,True,False,True,False,False,12.329999923706055,
2017-08-17,^VIX,0.28105885598709784,True,False,True,False,False,15.550000190734863,
2017-08-18,^VIX,-0.08660221985438135,True,False,True,False,False,14.260000228881836,
2017-08-22,^VIX,-0.15024115737889923,True,False,True,False,False,11.350000381469727,
2017-08-25,^VIX,-0.08086068987236195,True,False,True,False,False,11.279999732971191,
2017-09-05,^VIX,0.18839058271168793,True,False,True,False,False,12.229999542236328,
2017-09-11,^VIX,-0.12181345721828053,True,False,True,False,False,10.729999542236328,
2017-10-23,^VIX,0.10465810839574674,True,False,True,False,False,11.069999694824219,
2017-10-27,^VIX,-0.14242033745821897,True,False,True,False,False,9.800000190734863,
2017-11-03,^VIX,-0.0829000857610654,True,False,True,False,False,9.140000343322754,
2017-11-15,^VIX,0.12475702651355414,True,False,True,False,False,13.130000114440918,
2017-11-16,^VIX,-0.11019573509747056,True,False,True,False,False,11.760000228881836,
2017-11-21,^VIX,-0.09034600718539336,True,False,True,False,False,9.729999542236328,
2017-12-07,^VIX,-0.08125341813227814,True,False,True,False,False,10.15999984741211,
2017-12-15,^VIX,-0.10758730390173885,True,False,True,False,False,9.420000076293945,
2017-12-29,^VIX,0.08109999629325673,True,False,True,False,False,11.039999961853027,
2018-01-02,^VIX,-0.12220852448490782,True,False,True,False,False,9.770000457763672,
2018-01-05,^VIX,0.0,False,True,True,False,False,9.220000267028809,
2018-01-16,^VIX,0.1377057407040636,True,False,True,False,False,11.65999984741211,
2018-01-19,^VIX,-0.08092960692565507,True,False,True,False,False,11.270000457763672,
2018-01-29,^VIX,0.22242128678125747,True,False,True,False,False,13.84000015258789,
2018-01-31,^VIX,-0.08830300947669255,True,False,True,False,False,13.539999961853027,
2018-02-02,^VIX,0.2508193280893314,True,False,True,False,False,17.309999465942383,
2018-02-05,^VIX,0.7682450294663026,True,False,True,False,False,37.31999969482422,
2018-02-06,^VIX,-0.21899889039638815,True,False,True,False,False,29.979999542236328,
2018-02-08,^VIX,0.18783582507703145,True,False,True,False,False,33.459999084472656,
2018-02-09,^VIX,-0.14098802843245245,True,False,True,False,False,29.059999465942383,
2018-02-12,^VIX,-0.1263797157203978,True,False,True,False,False,25.610000610351562,
2018-02-14,^VIX,-0.259644658539091,True,False,True,False,False,19.260000228881836,
2018-02-23,^VIX,-0.1268383116781951,True,False,True,False,False,16.489999771118164,
2018-02-27,^VIX,0.1626138578366678,True,False,True,False,False,18.59000015258789,
2018-03-01,^VIX,0.12397702928809712,True,False,True,False,False,22.469999313354492,
2018-03-02,^VIX,-0.13716181589339502,True,False,True,False,False,19.59000015258789,
2018-03-09,^VIX,-0.12202421296368898,True,False,True,False,False,14.640000343322754,
2018-03-19,^VIX,0.18548112907998673,True,False,True,False,False,19.020000457763672,
2018-03-22,^VIX,0.2676050237734511,True,False,True,False,False,23.34000015258789,
2018-03-26,^VIX,-0.16771226919475257,True,False,True,False,False,21.030000686645508,
2018-03-29,^VIX,-0.13559493168663675,True,False,True,False,False,19.969999313354492,
2018-04-02,^VIX,0.16786273325597006,True,False,True,False,False,23.6200008392334,
2018-04-03,^VIX,-0.1128207877386875,True,False,True,False,False,21.100000381469727,
2018-04-06,^VIX,0.12631158404852685,True,False,True,False,False,21.489999771118164,
2018-04-12,^VIX,-0.09043080009052253,True,False,True,False,False,18.489999771118164,
2018-04-17,^VIX,-0.08241061365383635,True,False,True,False,False,15.25,
2018-04-24,^VIX,0.09786617881312008,True,False,True,False,False,18.020000457763672,
2018-04-26,^VIX,-0.09396581506517351,True,False,True,False,False,16.239999771118164,
2018-05-09,^VIX,-0.09178139997798568,True,False,True,False,False,13.420000076293945,
2018-05-15,^VIX,0.12352400646846416,True,False,True,False,False,14.630000114440918,
2018-05-16,^VIX,-0.08632808562575009,True,False,True,False,False,13.420000076293945,
2018-05-29,^VIX,0.25265829541846974,True,False,True,False,False,17.020000457763672,
2018-05-30,^VIX,-0.13034699842298353,True,False,True,False,False,14.9399995803833,
2018-06-01,^VIX,-0.13659135910246892,True,False,True,False,False,13.460000038146973,
2018-06-19,^VIX,0.08110443913694253,True,False,True,False,False,13.350000381469727,
2018-06-21,^VIX,0.1350939193759841,True,False,True,False,False,14.640000343322754,
2018-06-25,^VIX,0.22994675334098222,True,False,True,False,False,17.329999923706055,
2018-06-26,^VIX,-0.08486291411652415,True,False,True,False,False,15.920000076293945,
2018-06-27,^VIX,0.11778302234434666,True,False,True,False,False,17.90999984741211,
2018-07-06,^VIX,-0.11303483371481093,True,False,True,False,False,13.369999885559082,
2018-07-12,^VIX,-0.08016500889710054,True,False,True,False,False,12.579999923706055,
2018-07-30,^VIX,0.09020406039340109,True,False,True,False,False,14.260000228881836,
2018-07-31,^VIX,-0.10567225835575164,True,False,True,False,False,12.829999923706055,
2018-08-10,^VIX,0.15503754563276792,True,False,True,False,False,13.15999984741211,
2018-08-13,^VIX,0.11609298315080728,True,False,True,False,False,14.779999732971191,
2018-08-14,^VIX,-0.10475923351971028,True,False,True,False,False,13.3100004196167,
2018-08-15,^VIX,0.09524186805072947,True,False,True,False,False,14.640000343322754,
2018-08-16,^VIX,-0.08477844011735569,True,False,True,False,False,13.449999809265137,
2018-08-30,^VIX,0.09938348545590657,True,False,True,False,False,13.529999732971191,
2018-09-17,^VIX,0.12521192467696163,True,False,True,False,False,13.680000305175781,
2018-09-19,^VIX,-0.08481037201802095,True,False,True,False,False,11.75,
2018-10-04,^VIX,0.20278267701498873,True,False,True,False,False,14.220000267028809,
2018-10-10,^VIX,0.3642947143039256,True,False,True,False,False,22.959999084472656,
2018-10-11,^VIX,0.0843219547957439,True,False,True,False,False,24.979999542236328,
2018-10-12,^VIX,-0.15889906532306058,True,False,True,False,False,21.309999465942383,
2018-10-16,^VIX,-0.1896723687590015,True,False,True,False,False,17.6200008392334,
2018-10-18,^VIX,0.14225757161384167,True,False,True,False,False,20.059999465942383,
2018-10-24,^VIX,0.19741711330886696,True,False,True,False,False,25.229999542236328,
2018-10-31,^VIX,-0.0951817462988885,True,False,True,False,False,21.229999542236328,
2018-11-01,^VIX,-0.09323975623814611,True,False,True,False,False,19.34000015258789,
2018-11-07,^VIX,-0.1963827419300698,True,False,True,False,False,16.360000610351562,
2018-11-12,^VIX,0.1638141754056591,True,False,True,False,False,20.450000762939453,
2018-11-16,^VIX,-0.09661233926904589,True,False,True,False,False,18.139999389648438,
2018-11-19,^VIX,0.10260042300335659,True,False,True,False,False,20.100000381469727,
2018-11-20,^VIX,0.11190617061871413,True,False,True,False,False,22.479999542236328,
2018-11-26,^VIX,-0.12982085468311647,True,False,True,False,False,18.899999618530273,
2018-12-03,^VIX,-0.09453566560231473,True,False,True,False,False,16.440000534057617,
2018-12-04,^VIX,0.232346769652323,True,False,True,False,False,20.739999771118164,
2018-12-07,^VIX,0.0919151295931136,True,False,True,False,False,23.229999542236328,
2018-12-17,^VIX,0.12540792857154523,True,False,True,False,False,24.520000457763672,
2018-12-19,^VIX,0.0,False,True,True,False,False,25.579999923706055,
2018-12-20,^VIX,0.1038738489924653,True,False,True,False,False,28.3799991607666,
2018-12-24,^VIX,0.18060412369042553,True,False,True,False,False,36.06999969482422,
2018-12-26,^VIX,-0.1706899897832085,True,False,True,False,False,30.40999984741211,
2018-12-31,^VIX,-0.10873797088407904,True,False,True,False,False,25.420000076293945,
2019-01-02,^VIX,-0.09052232206419498,True,False,True,False,False,23.219999313354492,
2019-01-03,^VIX,0.09170182627605743,True,False,True,False,False,25.450000762939453,
2019-01-04,^VIX,-0.1742599066308067,True,False,True,False,False,21.3799991607666,
2019-01-22,^VIX,0.15575453559121874,True,False,True,False,False,20.799999237060547,
2019-01-25,^VIX,-0.08101367339855636,True,False,True,False,False,17.420000076293945,
2019-02-15,^VIX,-0.08421288781128672,True,False,True,False,False,14.90999984741211,
2019-02-25,^VIX,0.09456972202313732,True,False,True,False,False,14.850000381469727,
2019-03-01,^VIX,-0.08541344609538,True,False,True,False,False,13.569999694824219,
2019-03-11,^VIX,-0.11335356552484639,True,False,True,False,False,14.329999923706055,
2019-03-22,^VIX,0.1898742425997099,True,False,True,False,False,16.479999542236328,
2019-03-26,^VIX,-0.10651785833545212,True,False,True,False,False,14.680000305175781,
2019-04-09,^VIX,0.08015938598312099,True,False,True,False,False,14.279999732971191,
2019-04-12,^VIX,-0.08074701678942574,True,False,True,False,False,12.010000228881836,
2019-05-01,^VIX,0.12048941886424806,True,False,True,False,False,14.800000190734863,
2019-05-03,^VIX,-0.11371712443167822,True,False,True,False,False,12.869999885559082,
2019-05-06,^VIX,0.18206250470341528,True,False,True,False,False,15.4399995803833,
2019-05-07,^VIX,0.2241792955691415,True,False,True,False,False,19.31999969482422,
2019-05-10,^VIX,-0.17460269550868968,True,False,True,False,False,16.040000915527344,
2019-05-13,^VIX,0.2477752443001041,True,False,True,False,False,20.549999237060547,
2019-05-14,^VIX,-0.12916138539869315,True,False,True,False,False,18.059999465942383,
2019-05-15,^VIX,-0.0939820963042524,True,False,True,False,False,16.440000534057617,
2019-05-21,^VIX,-0.08706709681022891,True,False,True,False,False,14.949999809265137,
2019-05-23,^VIX,0.13725327590134673,True,False,True,False,False,16.920000076293945,
2019-05-28,^VIX,0.09903135653868846,True,False,True,False,False,17.5,
2019-06-04,^VIX,-0.105596270783718,True,False,True,False,False,16.969999313354492,
2019-07-02,^VIX,-0.0837836998413194,True,False,True,False,False,12.930000305175781,
2019-07-17,^VIX,0.08279050027079138,True,False,True,False,False,13.970000267028809,
2019-07-30,^VIX,0.0829762025497312,True,False,True,False,False,13.9399995803833,
2019-07-31,^VIX,0.14529841390935702,True,False,True,False,False,16.1200008392334,
2019-08-01,^VIX,0.10306258699448623,True,False,True,False,False,17.8700008392334,
2019-08-05,^VIX,0.333872905265896,True,False,True,False,False,24.59000015258789,
2019-08-06,^VIX,-0.19814350668471745,True,False,True,False,False,20.170000076293945,
2019-08-08,^VIX,-0.141996347888958,True,False,True,False,False,16.90999984741211,
2019-08-12,^VIX,0.16009533914095592,True,False,True,False,False,21.09000015258789,
2019-08-13,^VIX,-0.18545589008945726,True,False,True,False,False,17.520000457763672,
2019-08-14,^VIX,0.23223451414847213,True,False,True,False,False,22.100000381469727,
2019-08-16,^VIX,-0.13690959754704876,True,False,True,False,False,18.469999313354492,
2019-08-19,^VIX,-0.09001831758469728,True,False,True,False,False,16.8799991607666,
2019-08-21,^VIX,-0.10219092882472047,True,False,True,False,False,15.800000190734863,
2019-08-23,^VIX,0.17500068357341925,True,False,True,False,False,19.8700008392334,
2019-09-04,^VIX,-0.12614700763258888,True,False,True,False,False,17.329999923706055,
2019-09-06,^VIX,-0.08127274826417982,True,False,True,False,False,15.0,
2019-09-20,^VIX,0.08653673503716518,True,False,True,False,False,15.319999694824219,
2019-09-24,^VIX,0.1341180404396254,True,False,True,False,False,17.049999237060547,
2019-10-01,^VIX,0.13353137794357536,True,False,True,False,False,18.559999465942383,
2019-10-02,^VIX,0.10233871602800096,True,False,True,False,False,20.559999465942383,
2019-10-04,^VIX,-0.11517137638691566,True,False,True,False,False,17.040000915527344,
2019-10-08,^VIX,0.12707160295866954,True,False,True,False,False,20.280000686645508,
2019-10-09,^VIX,-0.08432543606797953,True,False,True,False,False,18.639999389648438,
2019-10-11,^VIX,-0.1202048492841796,True,False,True,False,False,15.579999923706055,
2019-10-25,^VIX,-0.08046831133882339,True,False,True,False,False,12.649999618530273,
2019-12-02,^VIX,0.16674927049786895,True,False,True,False,False,14.90999984741211,
2019-12-09,^VIX,0.15226090224066827,True,False,True,False,False,15.859999656677246,
2019-12-13,^VIX,-0.09868742980731063,True,False,True,False,False,12.630000114440918,
2019-12-30,^VIX,0.098486566017198,True,False,True,False,False,14.819999694824219,
2020-01-02,^VIX,-0.09989246510187225,True,False,True,False,False,12.470000267028809,
2020-01-03,^VIX,0.11715913315156223,True,False,True,False,False,14.020000457763672,
2020-01-24,^VIX,0.11486839557927134,True,False,True,False,False,14.5600004196167,
2020-01-27,^VIX,0.22479049199174436,True,False,True,False,False,18.229999542236328,
2020-01-28,^VIX,-0.11313116082847623,True,False,True,False,False,16.280000686645508,
2020-01-31,^VIX,0.19578763759468787,True,False,True,False,False,18.84000015258789,
2020-02-04,^VIX,-0.11299486054395456,True,False,True,False,False,16.049999237060547,
2020-02-12,^VIX,-0.0996675219351536,True,False,True,False,False,13.739999771118164,
2020-02-18,^VIX,0.08071721650269721,True,False,True,False,False,14.829999923706055,
2020-02-21,^VIX,0.09320463817566582,True,False,True,False,False,17.079999923706055,
2020-02-24,^VIX,0.3821669489830182,True,False,True,False,False,25.030000686645508,
2020-02-25,^VIX,0.1067578471940069,True,False,True,False,False,27.850000381469727,
2020-02-27,^VIX,0.3512903869983254,True,False,True,False,False,39.15999984741211,
2020-03-02,^VIX,-0.18247122662084647,True,False,True,False,False,33.41999816894531,
2020-03-03,^VIX,0.09688669913855864,True,False,True,False,False,36.81999969482422,
2020-03-04,^VIX,-0.1406178207099828,True,False,True,False,False,31.989999771118164,
2020-03-05,^VIX,0.21391066750477977,True,False,True,False,False,39.619998931884766,
2020-03-09,^VIX,0.26122647770501733,True,False,True,False,False,54.459999084472656,
2020-03-10,^VIX,-0.14095619106651924,True,False,True,False,False,47.29999923706055,
2020-03-11,^VIX,0.13062022685630376,True,False,True,False,False,53.900001525878906,
2020-03-12,^VIX,0.33660473624706455,True,False,True,False,False,75.47000122070312,
2020-03-13,^VIX,-0.2662275386386179,True,False,True,False,False,57.83000183105469,
2020-03-16,^VIX,0.35759100142604205,True,False,True,False,False,82.69000244140625,
2020-03-17,^VIX,-0.08555022898742644,True,False,True,False,False,75.91000366210938,
2020-03-20,^VIX,-0.08640548610090365,True,False,True,False,False,66.04000091552734,
2020-03-30,^VIX,-0.13820683255227567,True,False,True,False,False,57.08000183105469,
2020-04-02,^VIX,-0.11404400493580827,True,False,True,False,False,50.90999984741211,
2020-04-03,^VIX,-0.08417617829556022,True,False,True,False,False,46.79999923706055,
2020-04-14,^VIX,-0.08645949447997496,True,False,True,False,False,37.7599983215332,
2020-04-20,^VIX,0.13879275847971348,True,False,True,False,False,43.83000183105469,
2020-04-24,^VIX,-0.14122508851070348,True,False,True,False,False,35.93000030517578,
2020-04-30,^VIX,0.08938347406129576,True,False,True,False,False,34.150001525878906,
2020-05-01,^VIX,0.08527724031216191,True,False,True,False,False,37.189998626708984,
2020-05-07,^VIX,-0.08180270677123987,True,False,True,False,False,31.440000534057617,
2020-05-08,^VIX,-0.11659103167062464,True,False,True,False,False,27.979999542236328,
2020-05-12,^VIX,0.1809907623958621,True,False,True,False,False,33.040000915527344,
2020-05-18,^VIX,-0.08470497189855637,True,False,True,False,False,29.299999237060547,
2020-05-20,^VIX,-0.08686253388754123,True,False,True,False,False,27.989999771118164,
2020-06-10,^VIX,0.0,False,True,True,False,False,27.56999969482422,
2020-06-11,^VIX,0.39170876180778363,True,False,True,False,False,40.790000915527344,
2020-06-12,^VIX,-0.12242115289168394,True,False,True,False,False,36.09000015258789,
2020-06-22,^VIX,-0.10024827566350966,True,False,True,False,False,31.770000457763672,
2020-06-29,^VIX,-0.08876667086055672,True,False,True,False,False,31.780000686645508,
2020-07-13,^VIX,0.16513543438034217,True,False,True,False,False,32.189998626708984,
2020-07-14,^VIX,-0.08658778740950648,True,False,True,False,False,29.520000457763672,
2020-07-17,^VIX,-0.08649201946965146,True,False,True,False,False,25.68000030517578,
2020-08-11,^VIX,0.08236896218281374,True,False,True,False,False,24.030000686645508,
2020-08-31,^VIX,0.13998918895490434,True,False,True,False,False,26.40999984741211,
2020-09-03,^VIX,0.23474327327010025,True,False,True,False,False,33.599998474121094,
2020-09-04,^VIX,-0.08863602730356801,True,False,True,False,False,30.75,
2020-09-09,^VIX,-0.087994337969611,True,False,True,False,False,28.809999465942383,
2020-09-11,^VIX,-0.10047320479855545,True,False,True,False,False,26.8700008392334,
2020-10-26,^VIX,0.1640060259756381,True,False,True,False,False,32.459999084472656,
2020-10-28,^VIX,0.1887973109367799,True,False,True,False,False,40.279998779296875,
2020-11-04,^VIX,-0.18417981124429092,True,False,True,False,False,29.56999969482422,
2020-11-06,^VIX,-0.10383075896476188,True,False,True,False,False,24.860000610351562,
2020-11-13,^VIX,-0.09294611104371886,True,False,True,False,False,23.100000381469727,
2020-12-21,^VIX,0.1539519795146319,True,False,True,False,False,25.15999984741211,
2021-01-04,^VIX,0.1701599662950753,True,False,True,False,False,26.969999313354492,
2021-01-07,^VIX,-0.11395108697919597,True,False,True,False,False,22.3700008392334,
2021-01-11,^VIX,0.11054189600223238,True,False,True,False,False,24.079999923706055,
2021-01-27,^VIX,0.4802140945749818,True,False,True,False,False,37.209999084472656,
2021-01-28,^VIX,-0.20840455266105468,True,False,True,False,False,30.209999084472656,
2021-01-29,^VIX,0.0910581614516798,True,False,True,False,False,33.09000015258789,
2021-02-01,^VIX,-0.09006558280233154,True,False,True,False,False,30.239999771118164,
2021-02-02,^VIX,-0.16813693512742764,True,False,True,False,False,25.559999465942383,
2021-02-03,^VIX,-0.10945511880997491,True,False,True,False,False,22.90999984741211,
2021-02-25,^VIX,0.30291224032747205,True,False,True,False,False,28.889999389648438,
2021-03-01,^VIX,-0.17982022644574983,True,False,True,False,False,23.350000381469727,
2021-03-03,^VIX,0.10132748472935964,True,False,True,False,False,26.670000076293945,
2021-03-05,^VIX,-0.14717471401246487,True,False,True,False,False,24.65999984741211,
2021-03-18,^VIX,0.11529542049856295,True,False,True,False,False,21.579999923706055,
2021-03-22,^VIX,-0.10403556651887166,True,False,True,False,False,18.8799991607666,
2021-03-29,^VIX,0.09502088219807694,True,False,True,False,False,20.739999771118164,
2021-04-01,^VIX,-0.11283394708079998,True,False,True,False,False,17.329999923706055,
2021-05-07,^VIX,-0.09699723575450886,True,False,True,False,False,16.690000534057617,
2021-05-10,^VIX,0.1637763372852811,True,False,True,False,False,19.65999984741211,
2021-05-11,^VIX,0.10515705090564602,True,False,True,False,False,21.84000015258789,
2021-05-12,^VIX,0.233710235896416,True,False,True,False,False,27.59000015258789,
2021-05-13,^VIX,-0.17632295379972707,True,False,True,False,False,23.1299991607666,
2021-05-14,^VIX,-0.20674182503929742,True,False,True,False,False,18.809999465942383,
2021-05-24,^VIX,-0.09085362557830234,True,False,True,False,False,18.399999618530273,
2021-05-26,^VIX,-0.0818135328566583,True,False,True,False,False,17.360000610351562,
2021-06-04,^VIX,-0.09409145671364344,True,False,True,False,False,16.420000076293945,
2021-06-07,^VIX,0.0,False,True,True,False,False,16.420000076293945,
2021-06-10,^VIX,-0.10542256771952595,True,False,True,False,False,16.100000381469727,
2021-06-18,^VIX,0.15374822120687637,True,False,True,False,False,20.700000762939453,
2021-06-21,^VIX,-0.14589187372458626,True,False,True,False,False,17.889999389648438,
2021-07-06,^VIX,0.08701142972543546,True,False,True,False,False,16.440000534057617,
2021-07-08,^VIX,0.15942768983307518,True,False,True,False,False,19.0,
2021-07-09,^VIX,-0.16066304867479828,True,False,True,False,False,16.18000030517578,
2021-07-16,^VIX,0.0812629919747747,True,False,True,False,False,18.450000762939453,
2021-07-19,^VIX,0.1984508973721072,True,False,True,False,False,22.5,
2021-07-20,^VIX,-0.13137501237725321,True,False,True,False,False,19.729999542236328,
2021-07-21,^VIX,-0.09678108928020436,True,False,True,False,False,17.90999984741211,
2021-07-27,^VIX,0.09644722545763813,True,False,True,False,False,19.360000610351562,
2021-08-17,^VIX,0.10529841841281065,True,False,True,False,False,17.90999984741211,
2021-08-18,^VIX,0.18594423869998947,True,False,True,False,False,21.56999969482422,
2021-08-20,^VIX,-0.154920120485587,True,False,True,False,False,18.559999465942383,
2021-08-26,^VIX,0.11519875162978147,True,False,True,False,False,18.84000015258789,
2021-08-27,^VIX,-0.13931092173088985,True,False,True,False,False,16.389999389648438,
2021-09-03,^VIX,0.0,False,True,True,False,False,16.40999984741211,
2021-09-07,^VIX,0.10022851523673704,True,False,True,False,False,18.139999389648438,
2021-09-10,^VIX,0.10828185353128676,True,False,True,False,False,20.950000762939453,
2021-09-17,^VIX,0.10744496470005153,True,False,True,False,False,20.809999465942383,
2021-09-20,^VIX,0.2114463709259874,True,False,True,False,False,25.709999084472656,
2021-09-22,^VIX,-0.15462970659564101,True,False,True,False,False,20.8700008392334,
2021-09-23,^VIX,-0.11353962173545984,True,False,True,False,False,18.6299991607666,
2021-09-28,^VIX,0.2145781762547625,True,False,True,False,False,23.25,
2021-10-01,^VIX,-0.0922896368279035,True,False,True,False,False,21.100000381469727,
2021-10-04,^VIX,0.08448047301532594,True,False,True,False,False,22.959999084472656,
2021-10-14,^VIX,-0.10036578773839297,True,False,True,False,False,16.860000610351562,
2021-11-12,^VIX,-0.08075070771974943,True,False,True,False,False,16.290000915527344,
2021-11-26,^VIX,0.4320200741721716,True,False,True,False,False,28.6200008392334,
2021-11-29,^VIX,-0.2203522718751432,True,False,True,False,False,22.959999084472656,
2021-11-30,^VIX,0.16909574670959093,True,False,True,False,False,27.190000534057617,
2021-12-01,^VIX,0.13500144799177308,True,False,True,False,False,31.1200008392334,
2021-12-02,^VIX,-0.10743349938015533,True,False,True,False,False,27.950000762939453,
2021-12-03,^VIX,0.09286775371604661,True,False,True,False,False,30.670000076293945,
2021-12-06,^VIX,-0.12080356066278455,True,False,True,False,False,27.18000030517578,
2021-12-07,^VIX,-0.21645153629884628,True,False,True,False,False,21.889999389648438,
2021-12-08,^VIX,-0.09531017109099146,True,False,True,False,False,19.899999618530273,
2021-12-09,^VIX,0.08104724373347436,True,False,True,False,False,21.579999923706055,
2021-12-10,^VIX,-0.14377830625260554,True,False,True,False,False,18.690000534057617,
2021-12-13,^VIX,0.08312469925500683,True,False,True,False,False,20.309999465942383,
2021-12-15,^VIX,-0.12644300927322719,True,False,True,False,False,19.290000915527344,
2021-12-21,^VIX,-0.08482751897965242,True,False,True,False,False,21.010000228881836,
2021-12-22,^VIX,-0.12022538618477846,True,False,True,False,False,18.6299991607666,
2022-01-05,^VIX,0.1542351429461621,True,False,True,False,False,19.729999542236328,
2022-01-13,^VIX,0.1420786811593658,True,False,True,False,False,20.309999465942383,
2022-01-18,^VIX,0.17193254558031584,True,False,True,False,False,22.790000915527344,
2022-01-21,^VIX,0.11990835004213829,True,False,True,False,False,28.850000381469727,
2022-01-28,^VIX,-0.09741143277332177,True,False,True,False,False,27.65999984741211,
2022-01-31,^VIX,-0.10793472427263455,True,False,True,False,False,24.829999923706055,
2022-02-01,^VIX,-0.12283002149677485,True,False,True,False,False,21.959999084472656,
2022-02-03,^VIX,0.09740684085512573,True,False,True,False,False,24.350000381469727,
2022-02-10,^VIX,0.18056655007325953,True,False,True,False,False,23.90999984741211,
2022-02-11,^VIX,0.1347853399740477,True,False,True,False,False,27.360000610351562,
2022-02-15,^VIX,-0.09743028956184711,True,False,True,False,False,25.700000762939453,
2022-02-17,^VIX,0.1460606259257957,True,False,True,False,False,28.110000610351562,
2022-02-25,^VIX,-0.09435415694926126,True,False,True,False,False,27.59000015258789,
2022-02-28,^VIX,0.08873151676105341,True,False,True,False,False,30.149999618530273,
2022-03-01,^VIX,0.09997289761890603,True,False,True,False,False,33.31999969482422,
2022-03-02,^VIX,-0.08059307747498817,True,False,True,False,False,30.739999771118164,
2022-03-07,^VIX,0.13083078629404346,True,False,True,False,False,36.45000076293945,
2022-03-16,^VIX,-0.11197525491444416,True,False,True,False,False,26.670000076293945,
2022-03-24,^VIX,-0.08404588493141855,True,False,True,False,False,21.670000076293945,
2022-04-05,^VIX,0.12440266343456106,True,False,True,False,False,21.030000686645508,
2022-04-11,^VIX,0.14124030229531587,True,False,True,False,False,24.3700008392334,
2022-04-13,^VIX,-0.10600194653157283,True,False,True,False,False,21.81999969482422,
2022-04-21,^VIX,0.10987788462348555,True,False,True,False,False,22.68000030517578,
2022-04-22,^VIX,0.21819300024463079,True,False,True,False,False,28.209999084472656,
2022-04-26,^VIX,0.21556493979660302,True,False,True,False,False,33.52000045776367,
2022-04-29,^VIX,0.10769196053867162,True,False,True,False,False,33.400001525878906,
2022-05-03,^VIX,-0.1004252851893356,True,False,True,False,False,29.25,
2022-05-04,^VIX,-0.14034330491522218,True,False,True,False,False,25.420000076293945,
2022-05-05,^VIX,0.20488185050598062,True,False,True,False,False,31.200000762939453,
2022-05-09,^VIX,0.14066881060216926,True,False,True,False,False,34.75,
2022-05-13,^VIX,-0.09571943994586465,True,False,True,False,False,28.8700008392334,
2022-05-18,^VIX,0.17076069020588336,True,False,True,False,False,30.959999084472656,
2022-06-09,^VIX,0.08516636996056637,True,False,True,False,False,26.09000015258789,
2022-06-13,^VIX,0.20371276023099444,True,False,True,False,False,34.02000045776367,
2022-06-15,^VIX,-0.09861934155361644,True,False,True,False,False,29.6200008392334,
2022-06-16,^VIX,0.10654144692998793,True,False,True,False,False,32.95000076293945,
2022-07-15,^VIX,-0.08577247976665912,True,False,True,False,False,24.229999542236328,
2022-08-03,^VIX,-0.08636574039389384,True,False,True,False,False,21.950000762939453,
2022-08-10,^VIX,-0.09788587386321505,True,False,True,False,False,19.739999771118164,
2022-08-22,^VIX,0.14439445430766584,True,False,True,False,False,23.799999237060547,
2022-08-26,^VIX,0.1600364595838233,True,False,True,False,False,25.559999465942383,
2022-08-30,^VIX,0.0,False,True,True,False,False,26.209999084472656,
2022-09-07,^VIX,-0.08812684517395283,True,False,True,False,False,24.639999389648438,
2022-09-13,^VIX,0.13316473813460536,True,False,True,False,False,27.270000457763672,
2022-09-23,^VIX,0.08981061284051299,True,False,True,False,False,29.920000076293945,
2022-11-10,^VIX,-0.10327587307618198,True,False,True,False,False,23.530000686645508,
2022-11-28,^VIX,0.08011771054057051,True,False,True,False,False,22.209999084472656,
2022-12-05,^VIX,0.08495437647046357,True,False,True,False,False,20.75,
2022-12-12,^VIX,0.09080036766832521,True,False,True,False,False,25.0,
2022-12-13,^VIX,-0.10314079275274912,True,False,True,False,False,22.549999237060547,
2022-12-22,^VIX,0.09045170754006297,True,False,True,False,False,21.969999313354492,
2023-01-12,^VIX,-0.11334766310842777,True,False,True,False,False,18.829999923706055,
2023-02-01,^VIX,-0.08214967027130193,True,False,True,False,False,17.8700008392334,
2023-02-16,^VIX,0.10112779216855393,True,False,True,False,False,20.170000076293945,
2023-02-21,^VIX,0.13309424797811642,True,False,True,False,False,22.8700008392334,
2023-03-09,^VIX,0.16818052309360135,True,False,True,False,False,22.610000610351562,
2023-03-10,^VIX,0.09245130912260863,True,False,True,False,False,24.799999237060547,
2023-03-14,^VIX,-0.11115913142156775,True,False,True,False,False,23.729999542236328,
2023-03-15,^VIX,0.09672663368957514,True,False,True,False,False,26.139999389648438,
2023-03-16,^VIX,-0.12840735602736533,True,False,True,False,False,22.989999771118164,
2023-03-17,^VIX,0.10401121230658243,True,False,True,False,False,25.510000228881836,
2023-03-21,^VIX,-0.12182849795903451,True,False,True,False,False,21.3799991607666,
2023-04-25,^VIX,0.1050052610957546,True,False,True,False,False,18.760000228881836,
2023-04-27,^VIX,-0.10100574225300608,True,False,True,False,False,17.030000686645508,
2023-05-02,^VIX,0.10049800969856827,True,False,True,False,False,17.780000686645508,
2023-05-04,^VIX,0.09113771127378989,True,False,True,False,False,20.09000015258789,
2023-05-05,^VIX,-0.15589433595937743,True,False,True,False,False,17.190000534057617,
2023-06-01,^VIX,-0.13656199378864806,True,False,True,False,False,15.649999618530273,
2023-06-12,^VIX,0.08187652073388114,True,False,True,False,False,15.010000228881836,
2023-07-06,^VIX,0.08512897479383684,True,False,True,False,False,15.4399995803833,
2023-07-12,^VIX,-0.09167798335466223,True,False,True,False,False,13.539999961853027,
2023-07-27,^VIX,0.08846346450642487,True,False,True,False,False,14.40999984741211,
2023-08-02,^VIX,0.14415316078816753,True,False,True,False,False,16.09000015258789,
2023-08-07,^VIX,-0.08096905581433864,True,False,True,False,False,15.770000457763672,
2023-08-15,^VIX,0.1049555403517943,True,False,True,False,False,16.459999084472656,
2023-08-25,^VIX,-0.09252339379134855,True,False,True,False,False,15.680000305175781,
2023-09-21,^VIX,0.1471437684547391,True,False,True,False,False,17.540000915527344,
2023-09-26,^VIX,0.1139625165984174,True,False,True,False,False,18.940000534057617,
2023-10-03,^VIX,0.11620440374120897,True,False,True,False,False,19.780000686645508,
2023-10-13,^VIX,0.14633104331612187,True,False,True,False,False,19.31999969482422,
2023-10-16,^VIX,-0.11565025596248249,True,False,True,False,False,17.209999084472656,
2023-10-19,^VIX,0.10743953638554433,True,False,True,False,False,21.399999618530273,
2023-10-31,^VIX,-0.08503408030686435,True,False,True,False,False,18.139999389648438,
2023-11-28,^VIX,0.0,False,True,True,False,False,12.6899995803833,
2023-12-20,^VIX,0.0870779087201619,True,False,True,False,False,13.670000076293945,
2024-01-16,^VIX,0.08596098276860784,True,False,True,False,False,13.84000015258789,
2024-02-13,^VIX,0.1291247146912568,True,False,True,False,False,15.850000381469727,
2024-02-14,^VIX,-0.09733116413954013,True,False,True,False,False,14.380000114440918,
2024-03-12,^VIX,-0.0950474087634793,True,False,True,False,False,13.84000015258789,
2024-04-04,^VIX,0.13187268415873488,True,False,True,False,False,16.350000381469727,
2024-04-12,^VIX,0.14925221979285147,True,False,True,False,False,17.309999465942383,
2024-04-15,^VIX,0.10518719746045613,True,False,True,False,False,19.229999542236328,
2024-04-22,^VIX,-0.09938037060315114,True,False,True,False,False,16.940000534057617,
2024-05-03,^VIX,-0.08453739072202397,True,False,True,False,False,13.489999771118164,
2024-05-06,^VIX,0.0,False,True,True,False,False,13.489999771118164,
2024-05-13,^VIX,0.08034914001546065,True,False,True,False,False,13.600000381469727,
2024-05-29,^VIX,0.10008343395238188,True,False,True,False,False,14.279999732971191,
2024-05-31,^VIX,-0.1133010548377929,True,False,True,False,False,12.920000076293945,
2024-07-17,^VIX,0.09330942042807858,True,False,True,False,False,14.479999542236328,
2024-07-18,^VIX,0.09543578773519995,True,False,True,False,False,15.930000305175781,
2024-07-22,^VIX,-0.10253967725977965,True,False,True,False,False,14.90999984741211,
2024-07-24,^VIX,0.20338443394305505,True,False,True,False,False,18.040000915527344,
2024-07-26,^VIX,-0.11893482396303547,True,False,True,False,False,16.389999389648438,
2024-08-01,^VIX,0.1277844414592625,True,False,True,False,False,18.59000015258789,
2024-08-02,^VIX,0.22968474456012009,True,False,True,False,False,23.389999389648438,
2024-08-05,^VIX,0.500166209806343,True,False,True,False,False,38.56999969482422,
2024-08-06,^VIX,-0.33068143847259307,True,False,True,False,False,27.709999084472656,
2024-08-08,^VIX,-0.15756761727201954,True,False,True,False,False,23.790000915527344,
2024-08-09,^VIX,-0.1552020913603775,True,False,True,False,False,20.3700008392334,
2024-08-13,^VIX,-0.1336002842703326,True,False,True,False,False,18.1200008392334,
2024-08-14,^VIX,-0.11262254625371607,True,False,True,False,False,16.190000534057617,
2024-08-20,^VIX,0.08062015360140978,True,False,True,False,False,15.880000114440918,
2024-08-23,^VIX,-0.10125371187992283,True,False,True,False,False,15.859999656677246,
2024-08-28,^VIX,0.10334943742316474,True,False,True,False,False,17.110000610351562,
2024-08-29,^VIX,-0.08919223096521478,True,False,True,False,False,15.649999618530273,
2024-09-03,^VIX,0.32304918314980974,True,False,True,False,False,20.719999313354492,
2024-09-06,^VIX,0.11744795282340682,True,False,True,False,False,22.3799991607666,
2024-09-09,^VIX,-0.14032055609438693,True,False,True,False,False,19.450000762939453,
2024-09-19,^VIX,-0.11006466126974973,True,False,True,False,False,16.329999923706055,
2024-09-27,^VIX,0.09844002627741914,True,False,True,False,False,16.959999084472656,
2024-10-01,^VIX,0.14082693061688453,True,False,True,False,False,19.260000228881836,
2024-10-03,^VIX,0.08077504919837869,True,False,True,False,False,20.489999771118164,
2024-10-07,^VIX,0.16428729725441985,True,False,True,False,False,22.639999389648438,
2024-10-31,^VIX,0.12934571548232596,True,False,True,False,False,23.15999984741211,
2024-11-06,^VIX,-0.2306140017140018,True,False,True,False,False,16.270000457763672,
2024-11-15,^VIX,0.12034200213404177,True,False,True,False,False,16.139999389648438,
2024-11-22,^VIX,-0.10161341106495818,True,False,True,False,False,15.239999771118164,
2024-11-27,^VIX,0.0,False,True,True,False,False,14.100000381469727,
2024-12-09,^VIX,0.1054387557094042,True,False,True,False,False,14.1899995803833,
2024-12-18,^VIX,0.554109651038965,True,False,True,False,False,27.6200008392334,
2024-12-19,^VIX,-0.13674335540527865,True,False,True,False,False,24.09000015258789,
2024-12-20,^VIX,-0.271622404524963,True,False,True,False,False,18.360000610351562,
2024-12-23,^VIX,-0.08998667647636249,True,False,True,False,False,16.780000686645508,
2024-12-24,^VIX,-0.1620282783920423,True,False,True,False,False,14.270000457763672,
2024-12-30,^VIX,0.08701136702438074,True,False,True,False,False,17.399999618530273,
2025-01-03,^VIX,-0.10579446452967473,True,False,True,False,False,16.1299991607666,
2025-01-07,^VIX,0.10523574540106705,True,False,True,False,False,17.81999969482422,
2025-01-10,^VIX,0.09889901078493853,True,False,True,False,False,19.540000915527344,
2025-01-15,^VIX,-0.14899730221337662,True,False,True,False,False,16.1200008392334,
2025-01-27,^VIX,0.18680080059864573,True,False,True,False,False,17.899999618530273,
2025-01-28,^VIX,-0.08690979573202155,True,False,True,False,False,16.40999984741211,
2025-02-03,^VIX,0.12512736629705268,True,False,True,False,False,18.6200008392334,
2025-02-05,^VIX,-0.08738112702359498,True,False,True,False,False,15.770000457763672,
2025-02-21,^VIX,0.15086116264458116,True,False,True,False,False,18.209999084472656,
2025-02-27,^VIX,0.10100543688551947,True,False,True,False,False,21.1299991607666,
2025-03-03,^VIX,0.14882402262573163,True,False,True,False,False,22.780000686645508,
2025-03-06,^VIX,0.12580671521442058,True,False,True,False,False,24.8700008392334,
2025-03-10,^VIX,0.17573880579798803,True,False,True,False,False,27.860000610351562,
2025-03-12,^VIX,-0.10527799167462569,True,False,True,False,False,24.229999542236328,
2025-03-14,^VIX,-0.12464959527480426,True,False,True,False,False,21.770000457763672,
2025-03-19,^VIX,-0.0865925831437999,True,False,True,False,False,19.899999618530273,
2025-03-24,^VIX,-0.09801098075725649,True,False,True,False,False,17.479999542236328,
2025-03-28,^VIX,0.14701678678666755,True,False,True,False,False,21.649999618530273,
2025-04-03,^VIX,0.3333458875335828,True,False,True,False,False,30.020000457763672,
2025-04-04,^VIX,0.41166394753389157,True,False,True,False,False,45.310001373291016,
2025-04-08,^VIX,0.1078478858876829,True,False,True,False,False,52.33000183105469,
2025-04-09,^VIX,-0.4424487591644147,True,False,True,False,False,33.619998931884766,
2025-04-10,^VIX,0.19159830601000538,True,False,True,False,False,40.720001220703125,
2025-04-11,^VIX,-0.08077971131758639,True,False,True,False,False,37.560001373291016,
2025-04-14,^VIX,-0.19550720373103717,True,False,True,False,False,30.889999389648438,
2025-04-16,^VIX,0.08034908060172265,True,False,True,False,False,32.63999938964844,
2025-04-17,^VIX,-0.09607639881843334,True,False,True,False,False,29.649999618530273,
2025-04-21,^VIX,0.13159022186892802,True,False,True,False,False,33.81999969482422,
2025-04-22,^VIX,-0.10103320852701309,True,False,True,False,False,30.56999969482422,
2025-05-02,^VIX,-0.08126296612994292,True,False,True,False,False,22.68000030517578,
2025-05-12,^VIX,-0.1746796139768351,True,False,True,False,False,18.389999389648438,
2025-05-21,^VIX,0.14295345345940377,True,False,True,False,False,20.8700008392334,
2025-05-23,^VIX,0.0945029758899914,True,False,True,False,False,22.290000915527344,
2025-05-27,^VIX,-0.16180673993166564,True,False,True,False,False,18.959999084472656,
2025-06-06,^VIX,-0.09709743831107769,True,False,True,False,False,16.770000457763672,
2025-06-13,^VIX,0.14443177094572332,True,False,True,False,False,20.81999969482422,
2025-06-16,^VIX,-0.08570225833796581,True,False,True,False,False,19.110000610351562,
2025-06-17,^VIX,0.12248154215971613,True,False,True,False,False,21.600000381469727,
2025-06-24,^VIX,-0.12613859464476848,True,False,True,False,False,17.479999542236328,
2025-07-07,^VIX,0.08257552595110282,True,False,True,False,False,17.790000915527344,
2025-08-01,^VIX,0.19794842002607435,True,False,True,False,False,20.3799991607666,
2025-08-04,^VIX,-0.15121087497900548,True,False,True,False,False,17.520000457763672,
2025-08-08,^VIX,-0.08959330624524582,True,False,True,False,False,15.149999618530273,
2025-08-12,^VIX,-0.09820670937817151,True,False,True,False,False,14.729999542236328,
2025-08-22,^VIX,-0.1547532751891094,True,False,True,False,False,14.220000267028809,
2025-09-02,^VIX,0.11139697398504478,True,False,True,False,False,17.170000076293945,
2025-09-26,^VIX,-0.09060203394250499,True,False,True,False,False,15.289999961853027,
2025-10-10,^VIX,0.2763582839046803,True,False,True,False,False,21.65999984741211,
2025-10-13,^VIX,-0.1294505171378362,True,False,True,False,False,19.030000686645508,
2025-10-14,^VIX,0.08941689735171127,True,False,True,False,False,20.809999465942383,
2025-10-16,^VIX,0.20396864241431095,True,False,True,False,False,25.309999465942383,
2025-10-17,^VIX,-0.1972085347417192,True,False,True,False,False,20.780000686645508,
2025-10-20,^VIX,-0.13092245513454456,True,False,True,False,False,18.229999542236328,
2025-11-04,^VIX,0.10127529981361154,True,False,True,False,False,19.0,
2025-11-10,^VIX,-0.08074173830298387,True,False,True,False,False,17.600000381469727,
2025-11-13,^VIX,0.13296011418473802,True,False,True,False,False,20.0,
2025-11-17,^VIX,0.12097172670021585,True,False,True,False,False,22.3799991607666,
2025-11-18,^VIX,0.09823065960309084,True,False,True,False,False,24.690000534057617,
2025-11-20,^VIX,0.1103354498808654,True,False,True,False,False,26.420000076293945,
2025-11-21,^VIX,-0.12010403643720817,True,False,True,False,False,23.43000030517578,
2025-11-24,^VIX,-0.13261722293396586,True,False,True,False,False,20.520000457763672,
2025-11-25,^VIX,-0.10039134402734166,True,False,True,False,False,18.559999465942383,
2025-12-19,^VIX,-0.12350482776224771,True,False,True,False,False,14.90999984741211,
2026-01-20,^VIX,0.23642199186244148,True,False,True,False,False,20.09000015258789,
2026-01-21,^VIX,-0.17290858706520473,True,False,True,False,False,16.899999618530273,
2026-01-28,^VIX,0.0,False,True,True,False,False,16.350000381469727,
2026-02-03,^VIX,0.09675565912600367,True,False,True,False,False,18.0,
2026-02-05,^VIX,0.15522311976046393,True,False,True,False,False,21.770000457763672,
2026-02-09,^VIX,-0.15989452704748955,True,False,True,False,False,17.360000610351562,
2026-02-12,^VIX,0.16517828676271432,True,False,True,False,False,20.81999969482422,
2026-02-23,^VIX,0.09583388002012065,True,False,True,False,False,21.010000228881836,
2026-02-25,^VIX,-0.08649994276889614,True,False,True,False,False,17.93000030517578,
2026-03-03,^VIX,0.09471634288839889,True,False,True,False,False,23.56999969482422,
2026-03-04,^VIX,-0.1083348165445105,True,False,True,False,False,21.149999618530273,
2026-03-05,^VIX,0.115942643024757,True,False,True,False,False,23.75,
2026-03-06,^VIX,0.21646868458519744,True,False,True,False,False,29.489999771118164,
2026-03-09,^VIX,-0.1453727629014671,True,False,True,False,False,25.5,
2026-03-12,^VIX,0.11892885233233508,True,False,True,False,False,27.290000915527344,
2026-03-16,^VIX,-0.14542340599858364,True,False,True,False,False,23.510000228881836,
2026-03-18,^VIX,0.11474855344189373,True,False,True,False,False,25.09000015258789,
2026-03-20,^VIX,0.10710467755363762,True,False,True,False,False,26.780000686645508,
2026-03-26,^VIX,0.08001236131884105,True,False,True,False,False,27.440000534057617,
2026-03-27,^VIX,0.12359696148774316,True,False,True,False,False,31.049999237060547,
2026-03-31,^VIX,-0.1925006171755654,True,False,True,False,False,25.25,
2026-04-08,^VIX,-0.2031735927626899,True,False,True,False,False,21.040000915527344,
2026-04-30,^VIX,-0.10766692023787255,True,False,True,False,False,16.889999389648438,
2026-06-05,^VIX,0.33415046927153447,True,False,True,False,False,21.510000228881836,
2026-06-08,^VIX,-0.12829838626417447,True,False,True,False,False,18.920000076293945,
2026-06-10,^VIX,0.11178165450941559,True,False,True,False,False,22.219999313354492,
2026-06-11,^VIX,-0.13365992680495306,True,False,True,False,False,19.440000534057617,
2026-06-12,^VIX,-0.09489875203382146,True,False,True,False,False,17.68000030517578,
2026-06-15,^VIX,-0.08742278513720557,True,False,True,False,False,16.200000762939453,
2026-06-17,^VIX,0.11663135128682758,True,False,True,False,False,18.440000534057617,
2026-06-18,^VIX,-0.11724093552055395,True,False,True,False,False,16.399999618530273,
2026-06-23,^VIX,0.12035169866357834,True,False,True,False,False,19.489999771118164,
2026-07-13,^VIX,0.13253289916925284,True,False,True,False,False,17.15999984741211,
2026-07-17,^VIX,0.11505638734957888,True,False,True,False,False,18.770000457763672,
2026-07-21,^VIX,-0.08969596665334068,True,False,True,False,False,17.049999237060547,
2026-07-23,^VIX,0.11671416594616087,True,False,True,False,False,18.700000762939453,
2026-07-29,^VIX,0.1262286128423856,True,False,True,False,False,20.65999984741211,
2026-07-30,^VIX,-0.18970595024983572,True,False,True,False,False,17.09000015258789,
2026-09-01,^VIX,0.09091349888101094,True,False,True,False,False,16.34000015258789,
2026-09-10,^VIX,0.08050999607741935,True,False,True,False,False,17.84000015258789,
2026-09-11,^VIX,-0.11890473968564245,True,False,True,False,False,15.84000015258789,
2026-09-17,^VIX,-0.1371678826798563,True,False,True,False,False,15.4399995803833,
2011-08-18,^GDAXI,-0.059946604653817875,True,False,False,False,False,5602.7998046875,
2020-03-09,^GDAXI,-0.08276975012189505,True,False,False,False,False,10625.01953125,
2020-03-12,^GDAXI,-0.1305485870112283,True,False,False,False,False,9161.1298828125,
2020-03-24,^GDAXI,0.10414287423694868,True,False,False,False,False,9700.5703125,
2022-03-09,^GDAXI,0.07623189406906641,True,False,False,False,False,13847.9296875,
2025-04-04,^GDAXI,-0.050799046340216265,True,False,False,False,False,20641.720703125,
2010-05-10,^STOXX50E,0.09846568404527045,True,False,True,False,False,2758.889892578125,
2011-07-14,^STOXX50E,-0.031073980177567833,False,False,True,True,False,2631.97998046875,
2011-07-19,^STOXX50E,0.0036616905775208714,False,False,True,True,False,2631.97998046875,
2011-07-21,^STOXX50E,-0.027642730963857463,False,False,True,True,False,2631.97998046875,
2011-08-10,^STOXX50E,-0.06318182571387569,True,False,True,False,False,2153.77001953125,
2016-06-24,^STOXX50E,-0.09010986099529784,True,False,False,False,False,2776.090087890625,
2020-02-24,^STOXX50E,-0.04092744651001526,True,False,False,False,False,3647.97998046875,
2020-03-09,^STOXX50E,-0.08824776710983163,True,False,False,False,False,2959.070068359375,
2020-03-12,^STOXX50E,-0.1324051514499897,True,False,False,False,False,2545.22998046875,
2020-03-24,^STOXX50E,0.08834255230302712,True,False,False,False,False,2715.110107421875,
2021-11-26,^STOXX50E,-0.048599452834340355,True,False,False,False,False,4089.580078125,
2022-03-09,^STOXX50E,0.0717454789293807,True,False,False,False,False,3766.02001953125,
2024-08-02,^STOXX50E,-0.049263242343810375,True,False,False,False,False,4638.7001953125,
2010-07-26,CL=F,0.0,False,True,False,False,False,78.9800033569336,
2010-11-11,CL=F,0.0,False,True,False,False,False,87.80999755859375,
2011-02-22,CL=F,0.08203967375992732,True,False,False,False,False,93.56999969482422,
2011-05-05,CL=F,-0.09037906315396367,True,False,False,False,False,99.80000305175781,
2012-06-29,CL=F,0.08945396633034453,True,False,False,False,False,84.95999908447266,
2014-11-28,CL=F,-0.10794222428175793,True,False,False,False,False,66.1500015258789,
2015-01-30,CL=F,0.08002549529245674,True,False,False,False,False,48.2400016784668,
2015-02-04,CL=F,-0.09070249659475606,True,False,False,False,False,48.45000076293945,
2015-07-06,CL=F,-0.08043803659587387,True,False,False,False,False,52.529998779296875,
2015-08-27,CL=F,0.09766264036032185,True,False,False,False,False,42.560001373291016,
2015-08-31,CL=F,0.08435414516057659,True,False,False,False,False,49.20000076293945,
2015-09-01,CL=F,-0.08016129725552866,True,False,False,False,False,45.40999984741211,
2016-01-21,CL=F,0.1063770000563053,True,False,False,False,False,29.530000686645508,
2016-01-22,CL=F,0.08624908364037424,True,False,False,False,False,32.189998626708984,
2016-02-12,CL=F,0.11621332959636449,True,False,False,False,False,29.440000534057617,
2016-11-30,CL=F,0.08899921200355881,True,False,False,False,False,49.439998626708984,
2017-09-15,CL=F,0.0,False,True,False,False,False,49.88999938964844,
2018-05-17,CL=F,0.0,False,True,False,False,False,71.48999786376953,
2018-11-16,CL=F,0.0,False,True,False,False,False,56.459999084472656,
2018-11-23,CL=F,-0.08019531651569936,True,False,False,False,False,50.41999816894531,
2018-12-26,CL=F,0.08320295069357107,True,False,False,False,False,46.220001220703125,
2019-08-01,CL=F,-0.08233566681117595,True,False,False,False,False,53.95000076293945,
2019-09-16,CL=F,0.13694402906308503,True,False,False,False,False,62.900001525878906,
2019-12-05,CL=F,0.0,False,True,False,False,False,58.43000030517578,
2020-02-18,CL=F,0.0,False,True,False,False,False,52.04999923706055,
2020-03-06,CL=F,-0.1060870587080379,True,False,False,False,False,41.279998779296875,
2020-03-09,CL=F,-0.2822061341074851,True,False,False,False,False,31.1299991607666,
2020-03-10,CL=F,0.09872115738496252,True,False,False,False,False,34.36000061035156,
2020-03-16,CL=F,-0.10036544181943158,True,False,False,False,False,28.700000762939453,
2020-03-18,CL=F,-0.27992005422625427,True,False,False,False,False,20.3700008392334,
2020-03-19,CL=F,0.21357403187235055,True,False,False,False,False,25.219999313354492,
2020-03-20,CL=F,-0.11723794117272994,True,False,False,False,False,22.43000030517578,
2020-03-26,CL=F,-0.08031493846071446,True,False,False,False,False,22.600000381469727,
2020-04-02,CL=F,0.22048123592622998,True,False,False,False,False,25.31999969482422,
2020-04-03,CL=F,0.11267965442350314,True,False,False,False,False,28.34000015258789,
2020-04-06,CL=F,-0.08310550551365159,True,False,False,False,False,26.079999923706055,
2020-04-07,CL=F,-0.09865167844984535,True,False,False,False,False,23.6299991607666,
2020-04-09,CL=F,-0.09746474714550284,True,False,False,False,False,22.760000228881836,
2020-04-14,CL=F,-0.10829004686870611,True,False,False,False,False,20.110000610351562,
2020-04-16,CL=F,0.0,False,True,False,False,False,19.8700008392334,
2020-04-17,CL=F,-0.08395070335453195,True,False,False,False,False,18.270000457763672,
2020-04-20,CL=F,,False,False,False,False,True,-37.630001068115234,
2020-04-22,CL=F,0.3196336300150674,True,False,False,False,False,13.779999732971191,
2020-04-23,CL=F,0.18014213469902035,True,False,False,False,False,16.5,
2020-04-27,CL=F,-0.281796292695216,True,False,False,False,False,12.779999732971191,
2020-04-29,CL=F,0.19919621939219292,True,False,False,False,False,15.0600004196167,
2020-04-30,CL=F,0.22394002701262022,True,False,False,False,False,18.84000015258789,
2020-05-05,CL=F,0.18607452688142884,True,False,False,False,False,24.559999465942383,
2020-05-14,CL=F,0.08595632988442657,True,False,False,False,False,27.559999465942383,
2020-06-11,CL=F,-0.08591001256121708,True,False,False,False,False,36.34000015258789,
2020-08-18,CL=F,0.0,False,True,False,False,False,42.88999938964844,
2020-11-09,CL=F,0.08140878243594095,True,False,False,False,False,40.290000915527344,
2021-09-16,CL=F,0.0,False,True,False,False,False,72.61000061035156,
2021-10-25,CL=F,0.0,False,True,False,False,False,83.76000213623047,
2021-11-26,CL=F,-0.1399851798819939,True,False,False,False,False,68.1500015258789,
2022-03-09,CL=F,-0.12926748867569027,True,False,False,False,False,108.69999694824219,
2022-03-17,CL=F,0.08023696196850406,True,False,False,False,False,102.9800033569336,
2022-07-05,CL=F,-0.08594716213403925,True,False,False,False,False,99.5,
2022-07-12,CL=F,-0.08257577818875095,True,False,False,False,False,95.83999633789062,
2023-10-17,CL=F,0.0,False,True,False,False,False,86.66000366210938,
2023-11-14,CL=F,0.0,False,True,False,False,False,78.26000213623047,
2025-06-23,CL=F,-0.08957459725292966,True,False,False,False,False,68.51000213623047,
2025-08-08,CL=F,0.0,False,True,False,False,False,63.880001068115234,
2026-03-05,CL=F,0.08162810767543585,True,False,False,False,False,81.01000213623047,
2026-03-06,CL=F,0.11518738775742002,True,False,False,False,False,90.9000015258789,
2026-03-10,CL=F,-0.12720525452225404,True,False,False,False,False,83.44999694824219,
2026-03-12,CL=F,0.09275420294240794,True,False,False,False,False,95.7300033569336,
2026-03-23,CL=F,-0.10941449620742738,True,False,False,False,False,88.12999725341797,
2026-04-02,CL=F,0.10801378517299672,True,False,True,False,False,111.54000091552734,
2026-04-08,CL=F,-0.17929817736150358,True,False,False,False,False,94.41000366210938,
2026-04-14,CL=F,-0.08199593092107849,True,False,False,False,False,91.27999877929688,
2026-04-17,CL=F,-0.12157895370705932,True,False,False,False,False,83.8499984741211,
2026-05-20,CL=F,-0.0923822469785925,True,False,False,False,False,98.26000213623047,
2026-07-13,CL=F,0.09006411497204217,True,False,False,False,False,78.13999938964844,
2010-01-25,GC=F,0.005493513420230047,False,False,False,True,False,1095.199951171875,
2010-01-26,GC=F,0.0024623360872550208,False,False,False,True,False,1097.9000244140625,
2010-01-27,GC=F,-0.012372425339340949,False,False,False,True,False,1084.4000244140625,
2010-02-24,GC=F,-0.005638384626172894,False,False,False,True,False,1096.5,
2010-03-05,GC=F,0.0019406138387151374,False,False,False,True,False,1134.800048828125,
2010-03-08,GC=F,-0.009918672460992171,False,False,False,True,False,1123.5999755859375,
2010-03-11,GC=F,0.00018047763156562316,False,False,False,True,False,1108.0,
2010-03-19,GC=F,-0.017899170867508113,False,False,False,True,False,1107.4000244140625,
2010-03-22,GC=F,-0.00734128943287008,False,False,False,True,False,1099.300048828125,
2010-03-23,GC=F,0.003813288694503739,False,False,False,True,False,1103.5,
2010-03-26,GC=F,0.010469393738636968,False,False,False,True,False,1104.199951171875,
2010-03-29,GC=F,0.005509246408055013,False,False,False,True,False,1110.300048828125,
2010-04-23,GC=F,0.009410130119176331,False,False,False,True,False,1153.0999755859375,
2010-04-28,GC=F,0.008229877275134146,False,False,False,True,False,1171.300048828125,
2010-05-14,GC=F,-0.0011399922839632573,False,False,False,True,False,1227.4000244140625,
2010-05-19,GC=F,-0.018032042052982835,False,False,False,True,False,1192.5999755859375,
2010-05-21,GC=F,-0.010239224347209393,False,False,False,True,False,1175.699951171875,
2010-05-24,GC=F,0.015277864293391445,False,False,False,True,False,1193.800048828125,
2010-05-26,GC=F,0.012857378706691411,False,False,False,True,False,1213.300048828125,
2010-06-16,GC=F,-0.003167436023780156,False,False,False,True,False,1229.300048828125,
2010-06-28,GC=F,-0.01411418591172865,False,False,False,True,False,1238.199951171875,
2010-07-07,GC=F,0.0031753404461197904,False,False,False,True,False,1198.5999755859375,
2010-07-12,GC=F,-0.009218931367245903,False,False,False,True,False,1198.5,
2010-07-15,GC=F,0.0010765885711429397,False,False,False,True,False,1208.0999755859375,
2010-07-16,GC=F,-0.016777636394284045,False,False,False,True,False,1188.0,
2010-07-20,GC=F,0.00825897921406558,False,False,False,True,False,1191.5,
2010-07-26,GC=F,-0.003965037690309944,False,False,False,True,False,1183.0,
2010-07-27,GC=F,-0.02135920584544627,False,False,False,True,False,1158.0,
2010-07-28,GC=F,0.002070415153658784,False,False,False,True,False,1160.4000244140625,
2010-08-13,GC=F,8.229459026243971e-05,False,False,False,True,False,1214.9000244140625,
2010-08-27,GC=F,0.000485534993766416,False,False,False,True,False,1236.0,
2010-09-10,GC=F,-0.003529340609845218,False,False,False,True,False,1244.5,
2010-09-13,GC=F,0.00048198554260612565,False,False,False,True,False,1245.0999755859375,
2010-09-22,GC=F,0.013892307190348036,False,False,False,True,False,1290.199951171875,
2010-09-27,GC=F,0.0005399399869342691,False,False,False,True,False,1296.699951171875,
2010-11-22,GC=F,0.004059196095939039,False,False,False,True,False,1357.699951171875,
2011-03-29,GC=F,-0.0026800557424672003,False,False,False,True,False,1416.0,
2011-08-24,GC=F,-0.05770622662385005,True,False,False,False,False,1754.0999755859375,
2011-09-23,GC=F,-0.060254520782488684,True,False,False,False,False,1637.5,
2011-11-28,GC=F,0.014898870219744323,False,False,False,True,False,1710.800048828125,
2012-09-24,GC=F,-0.007575807663552554,False,False,False,True,False,1762.0999755859375,
2012-11-12,GC=F,0.0,False,True,False,False,False,1730.300048828125,
2013-03-06,GC=F,0.0,False,True,False,False,False,1574.5999755859375,
2013-03-26,GC=F,-0.005499280632432003,False,False,False,True,False,1595.800048828125,
2013-04-15,GC=F,-0.09820579166610198,True,False,False,False,False,1360.5999755859375,
2013-05-24,GC=F,-0.0037425918742925827,False,False,False,True,False,1386.800048828125,
2013-05-29,GC=F,0.008807502165758149,False,False,False,True,False,1391.300048828125,
2013-06-20,GC=F,-0.06597613154712086,True,False,False,False,False,1285.9000244140625,
2013-07-29,GC=F,0.0050564790608036815,False,False,False,True,False,1328.4000244140625,
2014-01-29,GC=F,0.008912959998292218,False,False,False,True,False,1262.199951171875,
2014-03-27,GC=F,-0.006697283278590711,False,False,False,True,False,1294.699951171875,
2014-05-09,GC=F,-7.765998612940965e-05,False,False,False,True,False,1287.300048828125,
2014-05-16,GC=F,-0.00015459345020791813,False,False,False,True,False,1293.300048828125,
2014-05-19,GC=F,0.0003091630049750172,False,False,False,True,False,1293.699951171875,
2014-05-28,GC=F,-0.004832247220515854,False,False,False,True,False,1259.300048828125,
2014-07-22,GC=F,-0.0058019674159257234,False,False,False,True,False,1306.0999755859375,
2014-07-23,GC=F,-0.0012257533143543188,False,False,True,True,False,1304.5,
2014-09-09,GC=F,-0.004720874815900667,False,False,True,True,False,1246.800048828125,
2014-09-11,GC=F,-0.004917560416441411,False,False,True,True,False,1237.4000244140625,
2014-09-23,GC=F,0.003445693037314456,False,False,False,True,False,1221.0,
2014-09-26,GC=F,-0.005830900435841579,False,False,False,True,False,1214.0999755859375,
2014-10-21,GC=F,0.005611237167786386,False,False,False,True,False,1251.0,
2014-10-22,GC=F,-0.004968317817105904,False,False,False,True,False,1244.800048828125,
2014-10-29,GC=F,-0.003994219570477067,False,False,False,True,False,1224.300048828125,
2014-11-25,GC=F,0.001337436964606127,False,False,False,True,False,1197.0999755859375,
2015-05-27,GC=F,-0.0010955517266055808,False,False,False,True,False,1185.9000244140625,
2015-06-19,GC=F,0.0,False,True,False,False,False,1201.5,
2015-11-13,GC=F,0.0,False,True,False,False,False,1080.800048828125,
2016-09-19,GC=F,0.005879412979797392,False,False,False,True,False,1313.5,
2016-09-20,GC=F,0.00015221618146868613,False,False,False,True,False,1313.699951171875,
2016-09-23,GC=F,-0.002390256046424515,False,False,False,True,False,1337.199951171875,
2016-09-28,GC=F,-0.004914386241190314,False,False,False,True,False,1319.4000244140625,
2016-10-21,GC=F,0.00023705220583055664,False,False,False,True,False,1265.9000244140625,
2016-11-21,GC=F,0.0009097850981472162,False,False,False,True,False,1209.5999755859375,
2017-05-19,GC=F,0.000798594547308718,False,False,False,True,False,1252.699951171875,
2017-05-26,GC=F,0.009352470994601849,False,False,False,True,False,1267.5999755859375,
2017-07-27,GC=F,0.008450959718898568,False,False,False,True,False,1259.5999755859375,
2017-09-13,GC=F,-0.003469850010435886,False,False,False,True,False,1323.4000244140625,
2017-09-27,GC=F,-0.0105410799770725,False,False,False,True,False,1283.4000244140625,
2017-10-18,GC=F,-0.002419116678913994,False,False,False,True,False,1279.9000244140625,
2017-11-02,GC=F,0.0006277354683380319,False,False,False,True,False,1274.9000244140625,
2017-11-21,GC=F,0.005086680079378604,False,False,False,True,False,1281.0999755859375,
2017-11-24,GC=F,-0.0038009777393278247,False,False,True,True,False,1286.699951171875,
2017-11-27,GC=F,0.00550289910736466,False,False,False,True,False,1293.800048828125,
2017-11-28,GC=F,0.000695308000776598,False,False,False,True,False,1294.699951171875,
2018-01-05,GC=F,0.0006819141750703172,False,False,False,True,False,1320.300048828125,
2018-02-28,GC=F,0.0,False,True,False,False,False,1315.5,
2018-03-12,GC=F,-0.0022711796760658443,False,False,True,True,False,1319.4000244140625,
2018-03-15,GC=F,-0.0057549571034445565,False,False,True,True,False,1316.800048828125,
2018-03-20,GC=F,-0.004338127119398508,False,False,False,True,False,1311.0999755859375,
2018-03-22,GC=F,0.0044573976096106815,False,False,True,True,False,1326.5999755859375,
2018-05-03,GC=F,0.00619906000228972,False,False,False,True,False,1310.699951171875,
2018-05-04,GC=F,0.0015247392406204264,False,False,True,True,False,1312.699951171875,
2018-05-09,GC=F,-0.0005336417302308635,False,False,False,True,False,1311.300048828125,
2018-05-11,GC=F,-0.0013637768572015564,False,False,False,True,False,1319.0,
2018-05-21,GC=F,0.0,False,True,False,False,False,1290.199951171875,
2018-05-22,GC=F,0.0011619351837768423,False,False,False,True,False,1291.699951171875,
2018-05-23,GC=F,-0.0018596691479237644,False,False,False,True,False,1289.300048828125,
2018-05-24,GC=F,0.011106864926633073,False,False,True,True,False,1303.699951171875,
2018-05-25,GC=F,-0.0003067912135685513,False,False,False,True,False,1303.300048828125,
2018-05-29,GC=F,-0.0035358204833160823,False,False,False,True,False,1298.699951171875,
2018-07-17,GC=F,-0.010065857197482181,False,False,True,True,False,1225.699951171875,
2018-07-20,GC=F,0.005791423271754504,False,False,True,True,False,1229.5,
2018-07-24,GC=F,-8.16827362195705e-05,False,False,True,True,False,1223.9000244140625,
2018-07-25,GC=F,0.006109251967322684,False,False,True,True,False,1231.4000244140625,
2018-07-27,GC=F,-0.0022060331796797134,False,False,False,True,False,1222.5999755859375,
2018-09-10,GC=F,-0.0005027868974392518,False,False,False,True,False,1193.0,
2018-09-14,GC=F,-0.005840650729541842,False,False,False,True,False,1195.0,
2018-09-17,GC=F,0.003925299454991307,False,False,True,True,False,1199.699951171875,
2018-09-19,GC=F,0.004501801970305429,False,False,True,True,False,1202.199951171875,
2018-09-20,GC=F,0.003321710546514391,False,False,True,True,False,1206.199951171875,
2018-09-21,GC=F,-0.008325056744842725,False,False,True,True,False,1196.199951171875,
2018-09-24,GC=F,0.0025882691604381183,False,False,True,True,False,1199.300048828125,
2018-09-26,GC=F,-0.005012541823544286,False,False,False,True,False,1194.0,
2018-10-18,GC=F,0.002285568608961214,False,False,False,True,False,1226.5,
2018-10-19,GC=F,-0.0009788328932091772,False,False,False,True,False,1225.300048828125,
2018-10-29,GC=F,-0.006512029524622742,False,False,False,True,False,1224.5,
2018-11-08,GC=F,-0.0026948093485058135,False,False,False,True,False,1222.9000244140625,
2018-11-14,GC=F,0.007228707752084227,False,False,True,True,False,1207.9000244140625,
2018-11-15,GC=F,0.004048441325541188,False,False,True,True,False,1212.800048828125,
2018-11-19,GC=F,0.001882178005493029,False,False,True,True,False,1223.0999755859375,
2018-11-21,GC=F,0.005562881404039089,False,False,True,True,False,1225.800048828125,
2019-01-10,GC=F,-0.0035742832584524176,False,False,True,True,False,1284.699951171875,
2019-01-16,GC=F,0.004189644244261605,False,False,False,True,False,1291.5999755859375,
2019-01-18,GC=F,-0.007541886222843759,False,False,False,True,False,1281.300048828125,
2019-01-25,GC=F,0.01420559407819777,False,False,True,True,False,1297.4000244140625,
2019-01-29,GC=F,0.0044433742087311885,False,False,False,True,False,1308.199951171875,
2019-03-13,GC=F,0.008602826665778341,False,False,True,True,False,1307.5,
2019-03-14,GC=F,-0.01084248805070627,False,False,False,True,False,1293.4000244140625,
2019-03-21,GC=F,0.004296773002431159,False,False,True,True,False,1306.0999755859375,
2019-03-22,GC=F,0.0042021684654013165,False,False,True,True,False,1311.5999755859375,
2019-03-27,GC=F,-0.0033534245976774187,False,False,False,True,False,1309.9000244140625,
2019-04-22,GC=F,0.0012571507671187557,False,False,False,True,False,1273.5,
2019-04-26,GC=F,0.0071074422097751645,False,False,False,True,False,1284.9000244140625,
2019-05-08,GC=F,-0.003199484212726764,False,False,False,True,False,1279.4000244140625,
2019-05-20,GC=F,0.0012545877919818633,False,False,False,True,False,1276.0999755859375,
2019-05-21,GC=F,-0.003218067708084531,False,False,True,True,False,1272.0,
2019-05-22,GC=F,0.0012570520207180209,False,False,True,True,False,1273.5999755859375,
2019-05-23,GC=F,0.00875558527616713,False,False,True,True,False,1284.800048828125,
2019-05-24,GC=F,-0.0014020165813160776,False,False,False,True,False,1283.0,
2019-05-28,GC=F,-0.005079127934097918,False,False,True,True,False,1276.5,
2019-05-29,GC=F,0.0032067413386132966,False,False,False,True,False,1280.5999755859375,
2019-06-20,GC=F,0.03529136934367409,True,False,False,False,False,1392.9000244140625,
2019-07-24,GC=F,0.001899520933457056,False,False,False,True,False,1422.800048828125,
2019-07-25,GC=F,-0.006274934527660716,False,False,False,True,False,1413.9000244140625,
2019-07-29,GC=F,0.0007751493255889368,False,False,False,True,False,1419.5999755859375,
2019-08-21,GC=F,0.0,False,True,False,False,False,1504.5999755859375,
2019-09-26,GC=F,0.0019255837015005862,False,False,False,True,False,1507.5,
2019-11-04,GC=F,0.0,False,True,False,False,False,1508.0,
2019-11-20,GC=F,0.0,False,True,False,False,False,1473.300048828125,
2019-11-21,GC=F,-0.006947360157733074,False,False,False,True,False,1463.0999755859375,
2019-11-22,GC=F,0.0,False,True,False,False,False,1463.0999755859375,
2019-11-26,GC=F,0.0021945374432130837,False,False,False,True,False,1459.800048828125,
2019-12-18,GC=F,-0.0013572206434196252,False,False,False,True,False,1472.5999755859375,
2019-12-27,GC=F,0.0029770786135146807,False,False,False,True,False,1513.800048828125,
2020-01-29,GC=F,0.0003823495785668443,False,False,False,True,False,1569.800048828125,
2020-02-27,GC=F,0.0,False,True,False,False,False,1640.0,
2020-02-28,GC=F,-0.047385678747064744,True,False,False,False,False,1564.0999755859375,
2020-03-13,GC=F,-0.047416352203101815,True,False,False,False,False,1515.699951171875,
2020-03-23,GC=F,0.05442181862869502,True,False,False,False,False,1567.0,
2020-03-24,GC=F,0.05777508425392426,True,False,False,False,False,1660.199951171875,
2020-03-27,GC=F,-0.016005198817997043,False,False,False,True,False,1623.9000244140625,
2022-10-06,GC=F,0.0,False,True,False,False,False,1720.800048828125,
2022-12-21,GC=F,0.0,False,True,False,False,False,1825.4000244140625,
2023-03-06,GC=F,0.0,False,True,False,False,False,1854.5999755859375,
2023-07-19,GC=F,0.0,False,True,False,False,False,1980.800048828125,
2025-12-05,GC=F,0.0,False,True,False,False,False,4243.0,
2026-01-30,GC=F,-0.11405996064112038,True,False,False,False,False,4745.10009765625,
2026-04-07,GC=F,0.0,False,True,False,False,False,4684.7001953125,
2010-01-27,TM,-0.08422902375498187,True,False,False,False,False,53.527992248535156,
2010-07-12,TM,0.0,False,True,False,False,False,48.10987091064453,
2010-11-22,TM,0.0,False,True,False,False,False,53.55611038208008,
2013-01-30,TM,0.0,False,True,False,False,False,67.47490692138672,
2013-02-07,TM,0.0,False,True,False,False,False,72.55668640136719,
2013-12-12,TM,0.0,False,True,False,False,False,86.7706298828125,
2014-07-29,TM,0.0,False,True,False,False,False,88.5404281616211,
2014-11-14,TM,0.0,False,True,False,False,False,88.92740631103516,
2014-12-24,TM,0.0,False,True,False,False,False,94.07809448242188,
2015-08-18,TM,0.0,False,True,False,False,False,96.25517272949219,
2016-07-25,TM,0.0,False,True,False,False,False,85.29374694824219,
2017-03-16,TM,0.0,False,True,False,False,False,89.4011001586914,
2018-02-06,TM,0.050474468517660326,True,False,False,False,False,113.17379760742188,
2018-03-14,TM,0.0,False,True,False,False,False,106.0290756225586,
2018-07-16,TM,0.0,False,True,False,False,False,107.46669006347656,
2020-03-12,TM,-0.09019253423195689,True,False,False,False,False,95.69560241699219,
2020-03-16,TM,-0.06882098758648968,True,False,False,False,False,92.53985595703125,
2020-03-17,TM,0.0914485015593788,True,False,False,False,False,101.40150451660156,
2020-09-16,TM,0.0,False,True,False,False,False,116.34899139404297,
2022-08-29,TM,0.0,False,True,False,False,False,139.0971221923828,
2024-02-06,TM,0.07507851061936618,True,False,False,False,False,209.1953887939453,
2024-12-26,TM,0.08415965374091795,True,False,False,False,False,193.54991149902344,
2025-04-09,TM,0.08894476561033239,True,False,False,False,False,174.13999938964844,
2025-07-23,TM,0.1278827147318809,True,False,False,False,False,193.17999267578125,
2026-06-12,TM,0.0,False,True,False,False,False,174.9499969482422,
2010-01-06,7203.T,0.023377740868969148,False,False,False,True,False,489.3265075683594,
2010-02-17,7203.T,0.0,False,True,False,False,False,424.6273193359375,
2010-05-17,7203.T,0.0,False,True,False,False,False,446.4400939941406,
2010-05-18,7203.T,0.0,False,True,False,False,False,446.4400939941406,
2010-06-30,7203.T,0.0,False,True,False,False,False,389.5285339355469,
2010-07-12,7203.T,0.0,False,True,False,False,False,394.58721923828125,
2010-08-13,7203.T,0.0,False,True,False,False,False,383.2049255371094,
2010-09-28,7203.T,0.0,False,True,False,False,False,391.425537109375,
2010-09-29,7203.T,0.0,False,True,False,False,False,391.425537109375,
2010-12-06,7203.T,0.0,False,True,False,False,False,416.88409423828125,
2011-01-11,7203.T,0.0,False,True,False,False,False,439.79669189453125,
2011-02-08,7203.T,0.0,False,True,False,False,False,444.251953125,
2011-03-14,7203.T,-0.08259575997816661,True,False,False,False,False,421.3393249511719,
2011-03-16,7203.T,0.08741911776140794,True,False,False,False,False,425.79461669921875,
2011-06-20,7203.T,0.0,False,True,False,False,False,407.8681945800781,
2011-08-18,7203.T,0.0,False,True,False,True,False,366.7602844238281,
2012-01-05,7203.T,0.0,False,True,False,False,False,342.22784423828125,
2012-01-11,7203.T,0.0,False,True,False,False,False,339.89794921875,
2012-02-07,7203.T,0.0,False,True,False,False,False,386.49481201171875,
2012-02-16,7203.T,0.0,False,True,False,False,False,422.6074523925781,
2012-02-27,7203.T,0.0,False,True,False,False,False,437.4925842285156,
2012-05-09,7203.T,0.0,False,True,False,False,False,410.4958801269531,
2012-05-24,7203.T,0.0,False,True,False,False,False,400.0541076660156,
2012-05-25,7203.T,0.0,False,True,False,False,False,400.0541076660156,
2012-06-22,7203.T,0.0,False,True,False,False,False,402.6645202636719,
2012-11-07,7203.T,0.0,False,True,False,False,False,426.9168395996094,
2012-11-13,7203.T,0.0,False,True,False,False,False,406.49334716796875,
2012-12-07,7203.T,0.0,False,True,False,False,False,465.78729248046875,
2012-12-10,7203.T,0.0,False,True,False,False,False,465.78729248046875,
2012-12-14,7203.T,0.0,False,True,False,False,False,474.3518981933594,
2013-01-31,7203.T,0.0,False,True,False,False,False,575.1517944335938,
2013-02-07,7203.T,0.0,False,True,False,False,False,634.4459228515625,
2013-06-10,7203.T,0.08228627380042362,True,False,False,False,False,793.6976318359375,
2013-06-14,7203.T,0.0,False,True,False,False,False,745.675537109375,
2013-07-03,7203.T,0.0,False,True,False,False,False,831.0479125976562,
2013-10-01,7203.T,0.0,False,True,False,False,False,844.8715209960938,
2013-12-06,7203.T,0.0,False,True,False,False,False,838.13427734375,
2013-12-19,7203.T,0.0,False,True,False,False,False,835.4391479492188,
2014-07-29,7203.T,0.0,False,True,False,False,False,841.379638671875,
2015-07-24,7203.T,0.0,False,True,False,False,False,1165.5975341796875,
2015-08-24,7203.T,-0.06985015097748555,True,False,False,False,False,984.9207153320312,
2015-12-25,7203.T,0.0,False,True,True,True,False,1076.77587890625,
2016-02-15,7203.T,0.09132165550560678,True,False,False,False,False,893.4096069335938,
2016-06-24,7203.T,-0.09061472760432251,True,False,False,False,False,761.7818603515625,
2016-07-11,7203.T,0.0,False,True,True,True,False,734.8868408203125,
2017-06-16,7203.T,0.0,False,True,False,False,False,871.9903564453125,
2017-07-17,7203.T,0.0,False,True,True,True,False,941.82177734375,
2017-08-02,7203.T,0.0,False,True,False,False,False,948.1426391601562,
2017-08-11,7203.T,0.0,False,True,True,True,False,944.3801879882812,
2017-09-18,7203.T,0.0,False,True,True,True,False,975.2322387695312,
2017-10-09,7203.T,0.0,False,True,True,True,False,1052.226318359375,
2017-11-03,7203.T,0.0,False,True,True,True,False,1092.8555908203125,
2017-11-14,7203.T,0.0,False,True,False,False,False,1089.34228515625,
2017-11-23,7203.T,0.0,False,True,True,True,False,1081.2469482421875,
2017-12-25,7203.T,0.0,False,True,False,False,False,1112.253173828125,
2018-01-01,7203.T,0.0,False,True,True,True,False,1101.7142333984375,
2018-01-02,7203.T,0.0,False,True,True,True,False,1101.7142333984375,
2018-01-03,7203.T,0.0,False,True,True,True,False,1101.7142333984375,
2018-01-08,7203.T,0.0,False,True,True,True,False,1153.4932861328125,
2018-02-12,7203.T,0.0,False,True,True,True,False,1140.204833984375,
2018-03-21,7203.T,0.0,False,True,True,True,False,1046.7279052734375,
2018-04-30,7203.T,0.0,False,True,True,True,False,1116.26513671875,
2018-05-03,7203.T,0.0,False,True,True,True,False,1113.778076171875,
2018-05-04,7203.T,0.0,False,True,True,True,False,1113.778076171875,
2018-07-16,7203.T,0.0,False,True,True,True,False,1131.3436279296875,
2018-09-17,7203.T,0.0,False,True,True,True,False,1064.5013427734375,
2018-09-24,7203.T,0.0,False,True,True,True,False,1088.12939453125,
2018-10-08,7203.T,0.0,False,True,True,True,False,1103.9405517578125,
2018-11-23,7203.T,0.0,False,True,True,True,False,1075.404052734375,
2018-12-24,7203.T,0.0,False,True,True,True,False,1011.5512084960938,
2018-12-31,7203.T,0.0,False,True,True,True,False,1009.9749145507812,
2019-03-27,7203.T,0.0,False,True,False,False,False,1062.4757080078125,
2019-05-17,7203.T,0.0,False,True,False,False,False,1043.6953125,
2019-08-21,7203.T,0.0,False,True,False,False,False,1109.0263671875,
2020-03-17,7203.T,0.06815088379454659,True,False,False,False,False,1034.836669921875,
2020-03-25,7203.T,0.10120980248329305,True,False,False,False,False,1125.7916259765625,
2021-01-07,7203.T,0.0,False,True,False,False,False,1313.37158203125,
2021-04-09,7203.T,0.0,False,True,False,False,False,1437.086181640625,
2021-10-22,7203.T,0.0,False,True,False,False,False,1712.866943359375,
2021-12-02,7203.T,0.0,False,True,False,False,False,1766.4075927734375,
2021-12-24,7203.T,0.0,False,True,False,False,False,1810.4490966796875,
2022-07-26,7203.T,0.0,False,True,False,False,False,1893.92041015625,
2022-08-22,7203.T,0.0,False,True,False,False,False,1879.9302978515625,
2023-03-02,7203.T,0.0,False,True,False,False,False,1650.54150390625,
2024-01-25,7203.T,0.0015193947886684054,False,False,False,True,False,2705.3818359375,
2024-04-15,7203.T,0.0,False,True,False,False,False,3478.948974609375,
2024-08-01,7203.T,-0.08858480914895421,True,False,False,False,False,2492.61572265625,
2024-08-05,7203.T,-0.1468275188348689,True,False,False,False,False,2061.325927734375,
2024-08-06,7203.T,0.12056684735887688,True,False,False,False,False,2325.456298828125,
2025-04-16,7203.T,0.0,False,True,False,False,False,2384.422119140625,
2025-07-23,7203.T,0.13400706195919668,True,False,False,False,False,2723.622802734375,
2026-04-13,7203.T,0.0,False,True,False,False,False,3263.433349609375,
2026-04-27,7203.T,0.0,False,True,False,False,False,3015.65234375,
2017-07-17,7203.T,,,,,,,,True
2017-08-11,7203.T,,,,,,,,True
2017-09-18,7203.T,,,,,,,,True
2017-10-09,7203.T,,,,,,,,True
2017-11-03,7203.T,,,,,,,,True
2017-11-23,7203.T,,,,,,,,True
2018-01-01,7203.T,,,,,,,,True
2018-01-02,7203.T,,,,,,,,True
2018-01-03,7203.T,,,,,,,,True
2018-01-08,7203.T,,,,,,,,True
2018-02-12,7203.T,,,,,,,,True
2018-03-21,7203.T,,,,,,,,True
2018-04-30,7203.T,,,,,,,,True
2018-05-03,7203.T,,,,,,,,True
2018-05-04,7203.T,,,,,,,,True
2018-09-17,7203.T,,,,,,,,True
2018-09-24,7203.T,,,,,,,,True
2018-10-08,7203.T,,,,,,,,True
2018-11-23,7203.T,,,,,,,,True
2018-12-24,7203.T,,,,,,,,True
2018-12-31,7203.T,,,,,,,,True
2010-02-12,SONY,0.0,False,True,False,False,False,5.987346172332764,
2011-04-15,SONY,0.0,False,True,False,False,False,5.301949501037598,
2012-02-03,SONY,0.11693759333196757,True,False,False,False,False,3.4570419788360596,
2012-03-08,SONY,0.0,False,True,False,False,False,3.6747941970825195,
2012-04-10,SONY,-0.09710278489322222,True,False,False,False,False,3.314173698425293,
2012-05-11,SONY,-0.08123538328803183,True,False,False,False,False,2.57647967338562,
2012-11-07,SONY,0.0,False,True,False,False,False,2.0566775798797607,
2012-11-14,SONY,-0.09234354293553015,True,False,False,False,False,1.8064911365509033,
2013-05-14,SONY,0.09439560647535196,True,False,False,False,False,3.8530616760253906,
2013-05-21,SONY,0.08848078626046083,True,False,False,False,False,4.252101421356201,
2013-10-31,SONY,-0.11849121288301487,True,False,False,False,False,3.2207446098327637,
2014-03-19,SONY,0.0,False,True,False,False,False,3.202073335647583,
2014-06-05,SONY,0.0,False,True,False,False,False,3.0525739192962646,
2014-12-16,SONY,0.0,False,True,False,False,False,3.7066969871520996,
2015-02-04,SONY,0.10347781959741434,True,False,False,False,False,4.875848293304443,
2016-01-29,SONY,0.1629134094008938,True,False,False,False,False,4.503216743469238,
2016-06-01,SONY,0.0,False,True,False,False,False,5.272382736206055,
2016-07-15,SONY,0.0,False,True,False,False,False,5.684938907623291,
2016-07-29,SONY,0.08524447767882964,True,False,False,False,False,6.322695255279541,
2016-08-02,SONY,0.0,False,True,False,False,False,6.150481224060059,
2016-08-10,SONY,0.0,False,True,False,False,False,6.216718673706055,
2017-07-03,SONY,0.0,False,True,False,False,False,7.266700267791748,
2017-09-06,SONY,0.0,False,True,False,False,False,7.483615875244141,
2017-10-31,SONY,0.11098158503796526,True,False,False,False,False,8.285150527954102,
2018-04-27,SONY,-0.09790423256986278,True,False,False,False,False,8.709152221679688,
2018-07-26,SONY,0.0,False,True,False,False,False,10.271056175231934,
2019-02-01,SONY,-0.08252324208912692,True,False,False,False,False,8.853224754333496,
2019-05-09,SONY,0.0,False,True,False,False,False,9.392166137695312,
2019-07-15,SONY,0.0,False,True,False,False,False,10.744638442993164,
2019-09-23,SONY,0.0,False,True,False,False,False,11.39004898071289,
2020-03-12,SONY,-0.0946699054623882,True,False,False,False,False,10.15959358215332,
2020-03-16,SONY,-0.08597868120610883,True,False,False,False,False,9.987593650817871,
2020-11-04,SONY,0.0,False,True,False,False,False,16.814638137817383,
2020-12-23,SONY,0.0,False,True,False,False,False,18.96487808227539,
2021-02-03,SONY,0.11477798380931849,True,False,False,False,False,21.65996551513672,
2022-06-23,SONY,0.0,False,True,False,False,False,16.418548583984375,
2022-11-01,SONY,0.09251717339143253,True,False,False,False,False,14.565190315246582,
2023-02-10,SONY,0.0,False,True,False,False,False,17.735639572143555,
2023-09-18,SONY,0.0,False,True,False,False,False,17.130146026611328,
2024-11-08,SONY,0.08596170241345061,True,False,False,False,False,19.85445213317871,
2026-04-13,SONY,0.0,False,True,False,False,False,21.049999237060547,
2010-01-07,6758.T,0.0,False,True,False,False,False,478.8763122558594,
2010-04-02,6758.T,0.0,False,True,False,False,False,625.46044921875,
2010-04-14,6758.T,0.0,False,True,False,False,False,594.8008422851562,
2010-12-06,6758.T,0.0,False,True,False,False,False,531.6356201171875,
2010-12-09,6758.T,0.0,False,True,False,False,False,535.15625,
2011-03-14,6758.T,-0.09566662115317406,True,False,False,False,False,448.8975830078125,
2011-03-15,6758.T,-0.09280364228164881,True,False,False,False,False,409.1128845214844,
2011-03-16,6758.T,0.0841390531120817,True,False,False,False,False,445.0248718261719,
2011-05-16,6758.T,0.0,False,True,False,False,False,396.4075622558594,
2011-08-18,6758.T,-0.022176542116757274,False,False,False,True,False,291.8664245605469,
2011-11-04,6758.T,-0.0822382139933,True,False,False,False,False,249.76075744628906,
2012-06-07,6758.T,0.0,False,True,False,True,False,188.85414123535156,
2012-07-24,6758.T,0.0,False,True,False,False,False,165.1350860595703,
2012-08-03,6758.T,-0.08595441581831598,True,False,False,False,False,160.463134765625,
2012-10-19,6758.T,0.0,False,True,False,False,False,178.94358825683594,
2012-10-23,6758.T,0.0,False,True,False,False,False,178.21543884277344,
2012-11-15,6758.T,-0.09267004140694604,True,False,False,False,False,144.3563232421875,
2012-11-29,6758.T,0.0,False,True,False,False,False,146.1766815185547,
2013-01-18,6758.T,0.11517574040497897,True,False,False,False,False,209.16200256347656,
2013-01-25,6758.T,0.08152966914070271,True,False,False,False,False,234.82936096191406,
2013-01-28,6758.T,0.08681744157869804,True,False,False,False,False,256.1278076171875,
2013-02-08,6758.T,-0.10689762801492532,True,False,False,False,False,248.48220825195312,
2013-03-15,6758.T,0.10416232175705069,True,False,False,False,False,303.6398010253906,
2013-05-15,6758.T,0.09883914872567687,True,False,False,False,False,380.0345458984375,
2013-07-17,6758.T,0.0,False,True,False,False,False,402.4112243652344,
2013-07-18,6758.T,0.0,False,True,False,False,False,402.4112243652344,
2013-11-01,6758.T,-0.1180494615917316,True,False,False,False,False,307.77777099609375,
2014-04-21,6758.T,0.0,False,True,False,False,False,358.88848876953125,
2014-06-26,6758.T,0.0,False,True,False,False,False,316.3494567871094,
2014-09-18,6758.T,-0.09037802595951636,True,False,False,False,False,360.3744812011719,
2014-11-04,6758.T,0.10482964409503874,True,False,False,False,False,427.4339904785156,
2015-02-05,6758.T,0.11339980257047179,True,False,False,False,False,576.1348876953125,
2015-06-30,6758.T,-0.08616841394667334,True,False,False,False,False,643.0084838867188,
2015-08-14,6758.T,0.0,False,True,False,False,False,625.3611450195312,
2015-08-24,6758.T,-0.08313529739127205,True,False,False,False,False,528.208740234375,
2015-09-09,6758.T,0.0823070995864155,True,False,False,False,False,578.3641357421875,
2015-09-29,6758.T,-0.08423807563581907,True,False,False,False,False,513.1425170898438,
2015-12-25,6758.T,0.0,False,True,True,True,False,549.7622680664062,
2016-01-20,6758.T,-0.08304718388309623,True,False,False,False,False,457.3276672363281,
2016-02-01,6758.T,0.1169463235906418,True,False,False,False,False,528.517333984375,
2016-02-15,6758.T,0.0808266331205593,True,False,False,False,False,456.0232238769531,
2016-02-29,6758.T,0.0,False,True,False,False,False,444.841552734375,
2016-05-26,6758.T,0.0,False,True,False,False,False,574.462890625,
2016-06-24,6758.T,-0.08343226867153856,True,False,False,False,False,519.017333984375,
2016-07-11,6758.T,0.0,False,True,True,True,False,563.4299926757812,
2016-07-26,6758.T,0.0,False,True,False,False,False,590.9187622070312,
2017-06-09,6758.T,0.0,False,True,False,False,False,774.123046875,
2017-07-17,6758.T,0.0,False,True,True,True,False,846.1563720703125,
2017-08-11,6758.T,0.0,False,True,True,True,False,815.8760986328125,
2017-09-18,6758.T,0.0,False,True,True,True,False,797.6328125,
2017-10-09,6758.T,0.0,False,True,True,True,False,783.0939331054688,
2017-11-01,6758.T,0.10834711000580263,True,False,False,False,False,927.7898559570312,
2017-11-03,6758.T,0.0,False,True,True,True,False,953.4465942382812,
2017-11-23,6758.T,0.0,False,True,True,True,False,997.4024658203125,
2018-01-01,6758.T,0.0,False,True,True,True,False,958.9175415039062,
2018-01-02,6758.T,0.0,False,True,True,True,False,958.9175415039062,
2018-01-03,6758.T,0.0,False,True,True,True,False,958.9175415039062,
2018-01-08,6758.T,0.0,False,True,True,True,False,1030.7939453125,
2018-01-29,6758.T,0.0,False,True,False,False,False,997.0252075195312,
2018-02-12,6758.T,0.0,False,True,True,True,False,976.0848388671875,
2018-03-21,6758.T,0.0,False,True,True,True,False,969.293212890625,
2018-04-30,6758.T,0.0,False,True,True,True,False,1021.6491088867188,
2018-05-03,6758.T,0.0,False,True,True,True,False,961.674560546875,
2018-05-04,6758.T,0.0,False,True,True,True,False,961.674560546875,
2018-07-16,6758.T,0.0,False,True,True,True,False,1131.0035400390625,
2018-09-17,6758.T,0.0,False,True,True,True,False,1254.3582763671875,
2018-09-24,6758.T,0.0,False,True,True,True,False,1219.1680908203125,
2018-10-08,6758.T,0.0,False,True,True,True,False,1250.7432861328125,
2018-11-23,6758.T,0.0,False,True,True,True,False,1078.9462890625,
2018-12-24,6758.T,0.0,False,True,True,True,False,1003.8563232421875,
2018-12-31,6758.T,0.0,False,True,True,True,False,1009.924072265625,
2019-02-04,6758.T,-0.08418799937904176,True,False,False,False,False,958.5367431640625,
2019-03-05,6758.T,0.0,False,True,False,False,False,1009.924072265625,
2019-04-09,6758.T,0.08654133419896139,True,False,False,False,False,994.5841064453125,
2019-05-17,6758.T,0.09431074155792632,True,False,False,False,False,1123.501220703125,
2021-02-04,6758.T,0.09115579759898342,True,False,False,False,False,2240.5478515625,
2021-04-30,6758.T,-0.08018367366554346,True,False,False,False,False,2101.726318359375,
2021-07-06,6758.T,0.0,False,True,False,False,False,2167.28466796875,
2021-12-13,6758.T,0.0,False,True,False,False,False,2680.62255859375,
2022-01-19,6758.T,-0.1368496853425738,True,False,False,False,False,2398.451904296875,
2022-02-28,6758.T,0.0,False,True,False,False,False,2282.490966796875,
2022-07-15,6758.T,0.0,False,True,False,False,False,2171.43310546875,
2024-02-05,6758.T,0.0,False,True,False,False,False,2834.407958984375,
2024-02-19,6758.T,0.0,False,True,False,False,False,2638.59375,
2024-04-22,6758.T,0.0,False,True,False,False,False,2461.939697265625,
2024-08-06,6758.T,0.08734375103441833,True,False,False,False,False,2419.69580078125,
2025-02-14,6758.T,0.08297089394966253,True,False,False,False,False,3652.683837890625,
2025-04-01,6758.T,0.0,False,True,False,False,False,3721.472900390625,
2025-04-07,6758.T,-0.10585895585858707,True,False,False,False,False,2974.213134765625,
2025-04-10,6758.T,0.12679006015181699,True,False,False,False,False,3486.224609375,
2025-06-09,6758.T,0.0,False,True,False,False,False,3788.686767578125,
2025-07-09,6758.T,0.0,False,True,False,False,False,3628.56005859375,
2026-07-30,6758.T,0.0,False,True,False,False,False,3790.886474609375,
2017-07-17,6758.T,,,,,,,,True
2017-08-11,6758.T,,,,,,,,True
2017-09-18,6758.T,,,,,,,,True
2017-10-09,6758.T,,,,,,,,True
2017-11-03,6758.T,,,,,,,,True
2017-11-23,6758.T,,,,,,,,True
2018-01-01,6758.T,,,,,,,,True
2018-01-02,6758.T,,,,,,,,True
2018-01-03,6758.T,,,,,,,,True
2018-01-08,6758.T,,,,,,,,True
2018-02-12,6758.T,,,,,,,,True
2018-03-21,6758.T,,,,,,,,True
2018-04-30,6758.T,,,,,,,,True
2018-05-03,6758.T,,,,,,,,True
2018-05-04,6758.T,,,,,,,,True
2018-09-17,6758.T,,,,,,,,True
2018-09-24,6758.T,,,,,,,,True
2018-10-08,6758.T,,,,,,,,True
2018-11-23,6758.T,,,,,,,,True
2018-12-24,6758.T,,,,,,,,True
2018-12-31,6758.T,,,,,,,,True
2010-02-08,MUFG,0.0,False,True,False,False,False,4.710446357727051,
2010-02-16,MUFG,0.0,False,True,False,False,False,4.636411666870117,
2010-03-03,MUFG,0.0,False,True,False,False,False,4.784480571746826,
2010-03-17,MUFG,0.0,False,True,False,False,False,4.923295497894287,
2010-03-30,MUFG,0.0,False,True,False,False,False,4.969566822052002,
2010-05-25,MUFG,0.0,False,True,False,False,False,4.534614086151123,
2010-06-01,MUFG,0.0,False,True,False,False,False,4.479088306427002,
2010-07-15,MUFG,0.0,False,True,False,False,False,4.405054092407227,
2010-07-23,MUFG,0.0,False,True,False,False,False,4.3125104904174805,
2010-08-09,MUFG,0.0,False,True,False,False,False,4.664175033569336,
2010-08-27,MUFG,0.0,False,True,False,False,False,4.479088306427002,
2010-09-03,MUFG,0.0,False,True,False,False,False,4.442071437835693,
2010-10-25,MUFG,0.0,False,True,False,False,False,4.3587822914123535,
2010-11-02,MUFG,0.0,False,True,False,False,False,4.192204475402832,
2010-11-29,MUFG,0.0,False,True,False,False,False,4.386544704437256,
2010-12-08,MUFG,0.0,False,True,False,False,False,4.451324939727783,
2010-12-27,MUFG,0.0,False,True,False,False,False,4.904787063598633,
2011-01-13,MUFG,0.0,False,True,False,False,False,5.136145114898682,
2011-01-14,MUFG,0.0,False,True,False,False,False,5.136145114898682,
2011-01-31,MUFG,0.0,False,True,False,False,False,4.812243461608887,
2011-02-01,MUFG,0.0,False,True,False,False,False,4.812243461608887,
2011-03-08,MUFG,0.0,False,True,False,False,False,4.969566822052002,
2011-04-27,MUFG,0.0,False,True,False,False,False,4.3125104904174805,
2011-05-16,MUFG,0.0,False,True,False,False,False,4.331019401550293,
2011-05-24,MUFG,0.0,False,True,False,False,False,4.136678695678711,
2011-06-08,MUFG,0.0,False,True,False,False,False,4.1644415855407715,
2011-06-23,MUFG,0.0,False,True,False,False,False,4.210712909698486,
2011-10-11,MUFG,0.0,False,True,False,False,False,4.0163726806640625,
2011-10-12,MUFG,0.0,False,True,False,False,False,4.0163726806640625,
2011-10-24,MUFG,0.0,False,True,False,False,False,4.081152439117432,
2011-10-28,MUFG,0.0,False,True,False,False,False,4.3125104904174805,
2011-11-10,MUFG,0.0,False,True,False,False,False,3.8868119716644287,
2011-11-29,MUFG,0.0,False,True,False,False,False,3.8590493202209473,
2011-12-02,MUFG,0.0,False,True,False,False,False,4.007118225097656,
2011-12-16,MUFG,0.0,False,True,False,False,False,3.8590493202209473,
2012-01-31,MUFG,0.0,False,True,False,False,False,4.247730255126953,
2012-02-16,MUFG,0.0,False,True,False,False,False,4.747463703155518,
2012-02-17,MUFG,0.0,False,True,False,False,False,4.747463703155518,
2012-03-22,MUFG,0.0,False,True,False,False,False,4.765972137451172,
2012-04-12,MUFG,0.0,False,True,False,False,False,4.469833850860596,
2012-04-19,MUFG,0.0,False,True,False,False,False,4.48834228515625,
2012-07-02,MUFG,0.0,False,True,False,False,False,4.395799160003662,
2012-07-05,MUFG,0.0,False,True,False,False,False,4.543868064880371,
2012-08-06,MUFG,0.0,False,True,False,False,False,4.423562526702881,
2012-09-04,MUFG,0.0,False,True,False,False,False,4.20145845413208,
2012-09-11,MUFG,0.0,False,True,False,False,False,4.284747123718262,
2012-10-12,MUFG,0.0,False,True,False,False,False,4.20145845413208,
2012-10-15,MUFG,0.0,False,True,False,False,False,4.20145845413208,
2012-10-17,MUFG,0.0,False,True,False,False,False,4.284747123718262,
2012-11-05,MUFG,0.0,False,True,False,False,False,4.127424240112305,
2012-11-30,MUFG,0.0,False,True,False,False,False,4.266238689422607,
2012-12-12,MUFG,0.0,False,True,False,False,False,4.210712909698486,
2012-12-13,MUFG,0.0,False,True,False,False,False,4.210712909698486,
2012-12-24,MUFG,0.0,False,True,False,False,False,4.8862786293029785,
2013-02-06,MUFG,0.0,False,True,False,False,False,5.228687286376953,
2013-03-08,MUFG,0.0,False,True,False,False,False,5.228687286376953,
2013-09-23,MUFG,0.0,False,True,False,False,False,6.07082986831665,
2013-10-18,MUFG,0.0,False,True,False,False,False,6.098593235015869,
2013-11-04,MUFG,0.0,False,True,False,False,False,5.885744094848633,
2013-11-11,MUFG,0.0,False,True,False,False,False,5.774692058563232,
2013-11-29,MUFG,0.0,False,True,False,False,False,6.006050109863281,
2014-01-15,MUFG,0.0,False,True,False,False,False,6.015304088592529,
2014-02-05,MUFG,0.0,False,True,False,False,False,5.460045337677002,
2014-02-24,MUFG,0.0,False,True,False,False,False,5.469300270080566,
2014-04-17,MUFG,0.0,False,True,False,False,False,5.145398139953613,
2014-04-28,MUFG,0.0,False,True,False,False,False,4.932549476623535,
2014-06-05,MUFG,0.0,False,True,False,False,False,5.386011123657227,
2014-06-13,MUFG,0.0,False,True,False,False,False,5.580351829528809,
2014-07-08,MUFG,0.0,False,True,False,False,False,5.6451311111450195,
2014-07-16,MUFG,0.0,False,True,False,False,False,5.5340800285339355,
2014-08-12,MUFG,0.0,False,True,False,False,False,5.2934675216674805,
2014-09-08,MUFG,0.0,False,True,False,False,False,5.3397393226623535,
2014-09-15,MUFG,0.0,False,True,False,False,False,5.367502212524414,
2014-11-07,MUFG,0.0,False,True,False,False,False,5.052855491638184,
2014-12-16,MUFG,0.0,False,True,False,False,False,5.071363925933838,
2014-12-23,MUFG,0.0,False,True,False,False,False,5.210178852081299,
2014-12-31,MUFG,0.0,False,True,False,False,False,5.117636203765869,
2015-01-07,MUFG,0.0,False,True,False,False,False,4.858514785766602,
2015-01-12,MUFG,0.0,False,True,False,False,False,4.830752372741699,
2015-01-22,MUFG,0.0,False,True,False,False,False,4.8862786293029785,
2015-03-30,MUFG,0.0,False,True,False,False,False,5.885744094848633,
2015-04-24,MUFG,0.0,False,True,False,False,False,6.672360420227051,
2015-05-01,MUFG,0.0,False,True,False,False,False,6.570563316345215,
2015-06-04,MUFG,0.0,False,True,False,False,False,6.848193168640137,
2015-06-15,MUFG,0.0,False,True,False,False,False,6.644597053527832,
2015-06-18,MUFG,0.0,False,True,False,False,False,6.4965291023254395,
2015-06-30,MUFG,0.0,False,True,False,False,False,6.681614875793457,
2015-07-21,MUFG,0.0,False,True,False,False,False,6.783411979675293,
2015-07-23,MUFG,0.0,False,True,False,False,False,6.672360420227051,
2015-07-27,MUFG,0.0,False,True,False,False,False,6.5520548820495605,
2015-08-04,MUFG,0.0,False,True,False,False,False,6.598326206207275,
2015-09-23,MUFG,0.0,False,True,False,False,False,5.580351829528809,
2016-02-18,MUFG,0.0,False,True,False,False,False,3.988609790802002,
2016-02-22,MUFG,0.0,False,True,False,False,False,3.9238290786743164,
2016-04-20,MUFG,0.0,False,True,False,False,False,4.645666122436523,
2016-04-22,MUFG,0.08067293818321333,True,False,False,False,False,4.895532131195068,
2016-05-17,MUFG,0.0,False,True,False,False,False,4.238476276397705,
2016-06-10,MUFG,0.0,False,True,False,False,False,4.479088306427002,
2016-07-07,MUFG,0.0,False,True,False,False,False,3.9608469009399414,
2016-07-29,MUFG,0.09237335598080917,True,False,False,False,False,4.719700336456299,
2016-08-19,MUFG,0.0,False,True,False,False,False,4.8862786293029785,
2016-08-25,MUFG,0.0,False,True,False,False,False,4.812243461608887,
2016-09-12,MUFG,0.0,False,True,False,False,False,4.895532131195068,
2016-09-15,MUFG,0.0,False,True,False,False,False,4.562376499176025,
2016-10-14,MUFG,0.0,False,True,False,False,False,4.5068511962890625,
2016-10-26,MUFG,0.0,False,True,False,False,False,4.6919379234313965,
2016-12-05,MUFG,0.0,False,True,False,False,False,5.83947229385376,
2016-12-14,MUFG,0.0,False,True,False,False,False,5.9690327644348145,
2016-12-19,MUFG,0.0,False,True,False,False,False,5.950523853302002,
2017-05-25,MUFG,0.0,False,True,False,False,False,5.802454948425293,
2017-07-28,MUFG,0.0,False,True,False,False,False,5.830218315124512,
2017-10-19,MUFG,0.0,False,True,False,False,False,5.996795654296875,
2017-12-08,MUFG,0.0,False,True,False,False,False,6.44100284576416,
2017-12-21,MUFG,0.0,False,True,False,False,False,6.8019208908081055,
2017-12-27,MUFG,0.0,False,True,False,False,False,6.8019208908081055,
2018-04-11,MUFG,0.0,False,True,False,False,False,6.144864559173584,
2018-04-20,MUFG,0.0,False,True,False,False,False,6.12635612487793,
2018-06-06,MUFG,0.0,False,True,False,False,False,5.719166278839111,
2018-06-08,MUFG,0.0,False,True,False,False,False,5.728420734405518,
2018-06-11,MUFG,0.0,False,True,False,False,False,5.728420734405518,
2018-06-28,MUFG,0.0,False,True,False,False,False,5.256450176239014,
2018-07-18,MUFG,0.0,False,True,False,False,False,5.386011123657227,
2018-08-22,MUFG,0.0,False,True,False,False,False,5.626623153686523,
2018-09-21,MUFG,0.0,False,True,False,False,False,5.932015419006348,
2018-11-26,MUFG,0.0,False,True,False,False,False,5.06210994720459,
2018-11-28,MUFG,0.0,False,True,False,False,False,5.099127769470215,
2018-12-18,MUFG,0.0,False,True,False,False,False,4.664175033569336,
2019-01-14,MUFG,0.0,False,True,False,False,False,4.867769718170166,
2019-01-23,MUFG,0.0,False,True,False,False,False,4.867769718170166,
2019-02-06,MUFG,0.0,False,True,False,False,False,4.895532131195068,
2019-04-04,MUFG,0.0,False,True,False,False,False,4.738208770751953,
2019-04-18,MUFG,0.0,False,True,False,False,False,4.738208770751953,
2019-05-20,MUFG,0.0,False,True,False,False,False,4.229221343994141,
2019-06-03,MUFG,0.0,False,True,False,False,False,4.247730255126953,
2019-06-24,MUFG,0.0,False,True,False,False,False,4.303256034851074,
2019-06-27,MUFG,0.0,False,True,False,False,False,4.3587822914123535,
2019-07-03,MUFG,0.0,False,True,False,False,False,4.423562526702881,
2019-07-18,MUFG,0.0,False,True,False,False,False,4.442071437835693,
2019-09-06,MUFG,0.0,False,True,False,False,False,4.525359630584717,
2019-09-23,MUFG,0.0,False,True,False,False,False,4.8492608070373535,
2019-10-16,MUFG,0.0,False,True,False,False,False,4.682682991027832,
2019-10-17,MUFG,0.0,False,True,False,False,False,4.682682991027832,
2019-10-22,MUFG,0.0,False,True,False,False,False,4.747463703155518,
2019-10-25,MUFG,0.0,False,True,False,False,False,4.812243461608887,
2019-11-05,MUFG,0.0,False,True,False,False,False,4.914041042327881,
2019-11-12,MUFG,0.0,False,True,False,False,False,5.0065836906433105,
2019-11-22,MUFG,0.0,False,True,False,False,False,4.8862786293029785,
2019-12-02,MUFG,0.0,False,True,False,False,False,4.914041042327881,
2019-12-16,MUFG,0.0,False,True,False,False,False,5.06210994720459,
2019-12-18,MUFG,0.0,False,True,False,False,False,5.099127769470215,
2019-12-30,MUFG,0.0,False,True,False,False,False,5.025092601776123,
2019-12-31,MUFG,0.0,False,True,False,False,False,5.025092601776123,
2020-01-06,MUFG,0.0,False,True,False,False,False,5.015838146209717,
2020-03-09,MUFG,-0.10979504066932833,True,False,False,False,False,3.747997522354126,
2020-03-12,MUFG,-0.12143939456103198,True,False,False,False,False,3.368570566177368,
2020-03-16,MUFG,-0.0745172221691081,True,False,False,False,False,3.2297556400299072,
2020-03-24,MUFG,0.11137688173333378,True,False,False,False,False,3.599928379058838,
2020-04-02,MUFG,0.0,False,True,False,False,False,3.430543899536133,
2020-05-13,MUFG,0.0,False,True,False,False,False,3.668776273727417,
2020-05-15,MUFG,0.0,False,True,False,False,False,3.6306591033935547,
2020-06-25,MUFG,0.0,False,True,False,False,False,3.792656898498535,
2020-08-19,MUFG,0.0,False,True,False,False,False,3.8688912391662598,
2020-09-10,MUFG,0.0,False,True,False,False,False,3.9260668754577637,
2020-09-16,MUFG,0.0,False,True,False,False,False,4.021359920501709,
2020-09-17,MUFG,0.0,False,True,False,False,False,4.021359920501709,
2020-10-08,MUFG,0.0,False,True,False,False,False,3.935596466064453,
2020-10-20,MUFG,0.0,False,True,False,False,False,3.8212451934814453,
2020-10-22,MUFG,0.0,False,True,False,False,False,3.8688912391662598,
2020-10-30,MUFG,0.0,False,True,False,False,False,3.754539966583252,
2020-11-10,MUFG,0.0,False,True,False,False,False,4.135711669921875,
2020-12-16,MUFG,0.0,False,True,False,False,False,4.107123374938965,
2020-12-30,MUFG,0.0,False,True,False,False,False,4.2119460105896,
2021-05-07,MUFG,0.0,False,True,False,False,False,5.33640193939209,
2021-06-04,MUFG,0.0,False,True,False,False,False,5.574634075164795,
2021-06-22,MUFG,0.0,False,True,False,False,False,5.212521076202393,
2021-07-29,MUFG,0.0,False,True,False,False,False,5.136286735534668,
2021-10-11,MUFG,0.0,False,True,False,False,False,5.584163188934326,
2021-10-12,MUFG,0.0,False,True,False,False,False,5.584163188934326,
2021-11-18,MUFG,0.0,False,True,False,False,False,5.345931053161621,
2021-11-29,MUFG,0.0,False,True,False,False,False,5.126758098602295,
2021-12-28,MUFG,0.0,False,True,False,False,False,5.231579303741455,
2022-01-10,MUFG,0.0,False,True,False,False,False,5.688985347747803,
2022-03-24,MUFG,0.0,False,True,False,False,False,6.2988600730896,
2022-04-08,MUFG,0.0,False,True,False,False,False,5.755691051483154,
2022-05-19,MUFG,0.0,False,True,False,False,False,5.3268723487854,
2022-07-11,MUFG,0.0,False,True,False,False,False,5.145816326141357,
2022-07-28,MUFG,0.0,False,True,False,False,False,5.250638484954834,
2022-08-01,MUFG,0.0,False,True,False,False,False,5.403106689453125,
2022-08-17,MUFG,0.0,False,True,False,False,False,5.145816326141357,
2022-08-29,MUFG,0.0,False,True,False,False,False,4.99334716796875,
2022-10-24,MUFG,0.0,False,True,False,False,False,4.507353782653809,
2022-11-17,MUFG,0.0,False,True,False,False,False,4.8599371910095215,
2022-11-21,MUFG,0.0,False,True,False,False,False,4.850408554077148,
2022-11-30,MUFG,0.0,False,True,False,False,False,5.202991485595703,
2022-12-12,MUFG,0.0,False,True,False,False,False,5.212521076202393,
2022-12-20,MUFG,0.12357197591300953,True,False,False,False,False,5.98439359664917,
2023-01-30,MUFG,0.0,False,True,False,False,False,7.185083866119385,
2023-02-08,MUFG,0.0,False,True,False,False,False,6.861087799072266,
2023-04-06,MUFG,0.0,False,True,False,False,False,6.117804050445557,
2023-04-18,MUFG,0.0,False,True,False,False,False,6.270272254943848,
2023-05-31,MUFG,0.0,False,True,False,False,False,6.2988600730896,
2023-07-17,MUFG,0.0,False,True,False,False,False,7.2041425704956055,
2023-08-31,MUFG,0.0,False,True,False,False,False,7.556725978851318,
2023-09-26,MUFG,0.0,False,True,False,False,False,8.233305931091309,
2023-12-12,MUFG,0.0,False,True,False,False,False,8.290480613708496,
2024-02-12,MUFG,0.0,False,True,False,False,False,8.95753002166748,
2024-05-20,MUFG,0.0,False,True,False,False,False,9.675806045532227,
2024-08-02,MUFG,-0.11800930623511925,True,False,False,False,False,9.473221778869629,
2024-10-07,MUFG,0.0,False,True,False,False,False,10.170462608337402,
2025-02-04,MUFG,0.0,False,True,False,False,False,12.249670028686523,
2025-04-03,MUFG,-0.0885253704932723,True,False,False,False,False,12.100000381469727,
2025-04-04,MUFG,-0.08987045009490353,True,False,False,False,False,11.0600004196167,
2025-04-09,MUFG,0.09286386660870757,True,False,False,False,False,11.84000015258789,
2025-05-06,MUFG,0.0,False,True,False,False,False,12.359999656677246,
2025-06-20,MUFG,0.0,False,True,False,False,False,13.510000228881836,
2025-10-31,MUFG,0.0,False,True,False,False,False,15.130000114440918,
2025-11-05,MUFG,0.0,False,True,False,False,False,15.069999694824219,
2025-12-29,MUFG,0.0,False,True,False,False,False,15.890000343322754,
2026-08-20,MUFG,0.0,False,True,False,False,False,21.559999465942383,
2026-08-27,MUFG,0.0,False,True,False,False,False,22.440000534057617,
2026-09-14,MUFG,0.0,False,True,False,False,False,23.889999389648438,
2010-03-25,8306.T,0.0,False,True,False,False,False,266.9707946777344,
2010-04-05,8306.T,0.0,False,True,False,False,False,280.1080322265625,
2010-04-09,8306.T,0.0,False,True,False,False,False,289.2918701171875,
2010-06-14,8306.T,0.0,False,True,False,False,False,246.24241638183594,
2010-07-22,8306.T,0.0,False,True,False,False,False,229.59666442871094,
2010-07-29,8306.T,0.0,False,True,False,False,False,248.5383758544922,
2010-08-03,8306.T,0.0,False,True,False,False,False,245.0945281982422,
2010-08-30,8306.T,0.0,False,True,False,False,False,235.3366241455078,
2010-09-07,8306.T,0.0,False,True,False,False,False,234.1885986328125,
2010-10-22,8306.T,0.0,False,True,False,False,False,223.1282501220703,
2010-10-25,8306.T,0.0,False,True,False,False,False,223.1282501220703,
2010-11-02,8306.T,0.0,False,True,False,False,False,213.80690002441406,
2010-11-16,8306.T,0.0,False,True,False,False,False,227.78884887695312,
2011-01-17,8306.T,0.0,False,True,False,False,False,266.2391357421875,
2011-01-18,8306.T,0.0,False,True,False,False,False,266.2391357421875,
2011-02-09,8306.T,0.0,False,True,False,False,False,265.656494140625,
2011-03-03,8306.T,0.0,False,True,False,False,False,263.9087829589844,
2011-03-15,8306.T,-0.0915673998303176,True,False,False,False,False,212.6417236328125,
2011-04-12,8306.T,0.0,False,True,False,False,False,230.7107391357422,
2011-04-26,8306.T,0.0,False,True,False,False,False,224.20346069335938,
2011-05-17,8306.T,0.0,False,True,False,False,False,223.0204620361328,
2011-06-13,8306.T,0.0,False,True,False,False,False,215.3300323486328,
2011-06-23,8306.T,0.0,False,True,False,False,False,219.47093200683594,
2011-06-27,8306.T,0.0,False,True,False,False,False,222.4288330078125,
2011-08-04,8306.T,0.0,False,True,False,False,False,231.89385986328125,
2011-08-10,8306.T,0.0,False,True,False,False,False,214.7384796142578,
2011-08-12,8306.T,0.011141854522392384,False,False,False,True,False,213.5552978515625,
2011-08-18,8306.T,0.0,False,True,False,True,False,214.1468963623047,
2011-11-15,8306.T,0.0,False,True,False,False,False,201.100830078125,
2011-11-17,8306.T,0.0,False,True,False,False,False,199.29452514648438,
2011-11-25,8306.T,0.0,False,True,False,False,False,192.67144775390625,
2011-12-02,8306.T,0.0,False,True,False,False,False,203.50927734375,
2011-12-16,8306.T,0.0,False,True,False,False,False,198.0903778076172,
2011-12-26,8306.T,0.0,False,True,False,False,False,196.28404235839844,
2011-12-27,8306.T,0.0,False,True,False,False,False,196.28404235839844,
2011-12-29,8306.T,0.0,False,True,False,False,False,194.47772216796875,
2012-03-02,8306.T,0.0,False,True,False,False,False,249.87075805664062,
2012-03-15,8306.T,0.0,False,True,False,False,False,260.70855712890625,
2012-05-01,8306.T,-0.023530549702224936,False,False,False,True,False,230.72518920898438,
2012-05-25,8306.T,0.0,False,True,False,False,False,208.75137329101562,
2012-07-04,8306.T,0.0,False,True,False,False,False,239.2705841064453,
2012-07-24,8306.T,0.0,False,True,False,False,False,219.12786865234375,
2012-08-27,8306.T,0.0,False,True,False,False,False,224.62130737304688,
2012-09-03,8306.T,0.0,False,True,False,False,False,217.29673767089844,
2012-10-15,8306.T,0.0,False,True,False,False,False,221.4123992919922,
2012-10-22,8306.T,0.0,False,True,False,False,False,231.3355712890625,
2012-10-29,8306.T,0.0,False,True,False,False,False,224.51329040527344,
2012-11-13,8306.T,0.0,False,True,False,False,False,217.07090759277344,
2012-11-20,8306.T,0.0,False,True,False,False,False,228.8548126220703,
2012-12-05,8306.T,0.0,False,True,False,False,False,232.57595825195312,
2013-01-28,8306.T,0.0,False,True,False,False,False,297.07696533203125,
2013-03-28,8306.T,0.0,False,True,False,False,False,354.20611572265625,
2013-04-26,8306.T,0.0,False,True,False,False,False,414.49639892578125,
2013-05-23,8306.T,-0.09760202507817275,True,False,False,False,False,398.167724609375,
2013-05-31,8306.T,0.0,False,True,False,False,False,373.6748352050781,
2013-07-11,8306.T,0.0,False,True,False,False,False,410.1002502441406,
2013-07-17,8306.T,0.0,False,True,False,False,False,415.7524719238281,
2013-08-19,8306.T,0.0,False,True,False,False,False,374.93084716796875,
2013-09-12,8306.T,0.0,False,True,False,False,False,396.9118347167969,
2013-09-17,8306.T,0.0,False,True,False,False,False,396.2837219238281,
2013-10-03,8306.T,0.0,False,True,False,False,False,391.0618896484375,
2013-11-29,8306.T,0.0,False,True,False,False,False,418.35992431640625,
2013-12-06,8306.T,0.0,False,True,False,False,False,408.2026062011719,
2013-12-24,8306.T,0.0,False,True,False,False,False,415.1859130859375,
2013-12-25,8306.T,0.0,False,True,False,False,False,415.1859130859375,
2014-03-05,8306.T,0.0,False,True,False,False,False,372.0167236328125,
2014-03-07,8306.T,0.0,False,True,False,False,False,382.1740417480469,
2014-03-17,8306.T,0.0,False,True,False,False,False,356.1456604003906,
2014-03-19,8306.T,0.0,False,True,False,False,False,354.8759765625,
2014-04-10,8306.T,0.0,False,True,False,False,False,349.8828430175781,
2014-06-26,8306.T,0.0,False,True,False,False,False,401.5260009765625,
2014-07-08,8306.T,0.0,False,True,False,False,False,403.462646484375,
2015-08-24,8306.T,-0.08713398964658532,True,False,False,False,False,494.8542785644531,
2015-12-07,8306.T,0.0,False,True,False,False,False,538.872314453125,
2015-12-25,8306.T,0.0,False,True,True,False,False,506.1484069824219,
2016-02-08,8306.T,0.0,False,True,False,False,False,360.90234375,
2016-02-09,8306.T,-0.09137879969316899,True,False,False,False,False,329.38543701171875,
2016-02-15,8306.T,0.08296910100229901,True,False,False,False,False,325.09368896484375,
2016-06-24,8306.T,-0.0894906392872011,True,False,False,False,False,320.5302429199219,
2016-07-11,8306.T,0.0,False,True,True,True,False,292.3645935058594,
2016-07-12,8306.T,0.09749172451774464,True,False,False,False,False,322.30340576171875,
2016-11-10,8306.T,0.10605849393266527,True,False,False,False,False,386.819580078125,
2016-11-11,8306.T,0.08654796713434888,True,False,False,False,False,421.78948974609375,
2016-12-21,8306.T,0.0,False,True,False,False,False,519.6912231445312,
2017-07-17,8306.T,0.0,False,True,True,True,False,514.2398681640625,
2017-08-11,8306.T,0.0,False,True,True,False,False,489.5750427246094,
2017-09-18,8306.T,0.0,False,True,True,True,False,478.9641418457031,
2017-10-09,8306.T,0.0,False,True,True,True,False,522.8868408203125,
2017-11-03,8306.T,0.0,False,True,True,True,False,550.6393432617188,
2017-11-23,8306.T,0.0,False,True,True,True,False,540.7481079101562,
2018-01-01,8306.T,0.0,False,True,True,True,False,588.0698852539062,
2018-01-02,8306.T,0.0,False,True,True,True,False,588.0698852539062,
2018-01-03,8306.T,0.0,False,True,True,True,False,588.0698852539062,
2018-01-08,8306.T,0.0,False,True,True,True,False,616.818603515625,
2018-02-12,8306.T,0.0,False,True,True,True,False,554.1974487304688,
2018-03-21,8306.T,0.0,False,True,True,True,False,505.3102722167969,
2018-04-30,8306.T,0.0,False,True,True,True,False,529.1986694335938,
2018-05-03,8306.T,0.0,False,True,True,True,False,512.59814453125,
2018-05-04,8306.T,0.0,False,True,True,True,False,512.59814453125,
2018-06-27,8306.T,0.0,False,True,False,False,False,455.4341735839844,
2018-07-16,8306.T,0.0,False,True,True,True,False,460.7029724121094,
2018-09-17,8306.T,0.0,False,True,True,True,False,491.2337646484375,
2018-09-24,8306.T,0.0,False,True,True,True,False,521.18701171875,
2018-10-08,8306.T,0.0,False,True,True,True,False,536.9545288085938,
2018-11-23,8306.T,0.0,False,True,True,True,False,459.2730712890625,
2018-12-24,8306.T,0.0,False,True,True,True,False,397.2744445800781,
2018-12-31,8306.T,0.0,False,True,True,False,False,394.1965026855469,
2019-05-24,8306.T,0.0,False,True,False,False,False,377.6506042480469,
2019-06-28,8306.T,0.0,False,True,False,False,False,382.73388671875,
2019-11-12,8306.T,0.0,False,True,False,False,False,453.04534912109375,
2020-02-14,8306.T,0.0,False,True,False,False,False,437.4520568847656,
2020-03-09,8306.T,-0.11973387477589487,True,False,False,False,False,330.5159912109375,
2021-01-28,8306.T,0.0,False,True,False,False,False,386.4169616699219,
2021-03-04,8306.T,0.0,False,True,False,False,False,457.8439025878906,
2021-07-16,8306.T,0.0,False,True,False,False,False,486.7719421386719,
2021-10-08,8306.T,0.0,False,True,False,False,False,548.0411987304688,
2021-11-10,8306.T,0.0,False,True,False,False,False,530.5254516601562,
2022-04-18,8306.T,0.0,False,True,False,False,False,645.1004638671875,
2023-03-14,8306.T,-0.08977174532650306,True,False,False,False,False,722.8422241210938,
2023-08-29,8306.T,0.0,False,True,False,False,False,1034.488525390625,
2023-11-17,8306.T,0.0,False,True,False,False,False,1149.5740966796875,
2024-02-07,8306.T,0.003210292844203908,False,False,False,True,False,1276.900390625,
2024-04-09,8306.T,0.0,False,True,False,False,False,1426.0179443359375,
2024-06-18,8306.T,0.0,False,True,False,False,False,1423.2535400390625,
2024-06-21,8306.T,0.0,False,True,False,False,False,1425.5572509765625,
2024-08-02,8306.T,-0.12944151154069,True,False,False,False,False,1396.9908447265625,
2024-08-05,8306.T,-0.19653840040375603,True,False,False,False,False,1147.7254638671875,
2024-08-07,8306.T,0.08365474818547318,True,False,False,False,False,1320.50634765625,
2025-01-24,8306.T,0.0,False,True,False,False,False,1787.45947265625,
2025-01-29,8306.T,0.0,False,True,False,False,False,1846.0416259765625,
2025-04-04,8306.T,-0.08855857234029696,True,False,False,False,False,1592.4176025390625,
2025-04-07,8306.T,-0.10946433700562315,True,False,False,False,False,1427.306396484375,
2025-04-08,8306.T,0.10315143100830378,True,False,False,False,False,1582.396484375,
2025-04-10,8306.T,0.08600240659380658,True,False,False,False,False,1632.979736328125,
2017-07-17,8306.T,,,,,,,,True
2017-08-11,8306.T,,,,,,,,True
2017-09-18,8306.T,,,,,,,,True
2017-10-09,8306.T,,,,,,,,True
2017-11-03,8306.T,,,,,,,,True
2017-11-23,8306.T,,,,,,,,True
2018-01-01,8306.T,,,,,,,,True
2018-01-02,8306.T,,,,,,,,True
2018-01-03,8306.T,,,,,,,,True
2018-01-08,8306.T,,,,,,,,True
2018-02-12,8306.T,,,,,,,,True
2018-03-21,8306.T,,,,,,,,True
2018-04-30,8306.T,,,,,,,,True
2018-05-03,8306.T,,,,,,,,True
2018-05-04,8306.T,,,,,,,,True
2018-09-17,8306.T,,,,,,,,True
2018-09-24,8306.T,,,,,,,,True
2018-10-08,8306.T,,,,,,,,True
2018-11-23,8306.T,,,,,,,,True
2018-12-24,8306.T,,,,,,,,True
2018-12-31,8306.T,,,,,,,,True
